Timestamp,Class
2024-10-01 13:23:10,car
2024-10-01 13:23:10,car
2024-10-01 13:23:10,car
2024-10-01 13:23:10,car
2024-10-01 13:23:10,car
2024-10-01 13:23:10,car
2024-10-01 13:23:10,car
2024-10-01 13:23:10,car
2024-10-01 13:23:10,car
2024-10-01 13:23:10,car
2024-10-01 13:23:10,car
2024-10-01 13:23:10,car
2024-10-01 13:23:10,car
2024-10-01 13:23:11,car
2024-10-01 13:23:11,car
2024-10-01 13:23:11,car
2024-10-01 13:23:11,car
2024-10-01 13:23:11,car
2024-10-01 13:23:11,car
2024-10-01 13:23:11,car
2024-10-01 13:23:11,car
2024-10-01 13:23:11,car
2024-10-01 13:23:11,car
2024-10-01 13:23:11,truck
2024-10-01 13:23:11,car
2024-10-01 13:23:11,car
2024-10-01 13:23:11,car
2024-10-01 13:23:11,car
2024-10-01 13:23:11,truck
2024-10-01 13:23:13,car
2024-10-01 13:23:13,car
2024-10-01 13:23:13,car
2024-10-01 13:23:13,car
2024-10-01 13:23:13,car
2024-10-01 13:23:13,car
2024-10-01 13:23:13,car
2024-10-01 13:23:13,car
2024-10-01 13:23:13,car
2024-10-01 13:23:13,car
2024-10-01 13:23:13,car
2024-10-01 13:23:13,car
2024-10-01 13:23:13,car
2024-10-01 13:23:13,car
2024-10-01 13:23:13,car
2024-10-01 13:23:13,car
2024-10-01 13:23:13,car
2024-10-01 13:23:13,car
2024-10-01 13:23:13,car
2024-10-01 13:23:13,car
2024-10-01 13:23:13,car
2024-10-01 13:23:13,car
2024-10-01 13:23:14,car
2024-10-01 13:23:14,car
2024-10-01 13:23:14,car
2024-10-01 13:23:14,car
2024-10-01 13:23:14,car
2024-10-01 13:23:14,car
2024-10-01 13:23:14,car
2024-10-01 13:23:14,car
2024-10-01 13:23:14,car
2024-10-01 13:23:14,car
2024-10-01 13:23:14,car
2024-10-01 13:23:14,car
2024-10-01 13:23:14,car
2024-10-01 13:23:14,car
2024-10-01 13:23:14,car
2024-10-01 13:23:14,car
2024-10-01 13:23:15,car
2024-10-01 13:23:15,car
2024-10-01 13:23:15,car
2024-10-01 13:23:15,car
2024-10-01 13:23:15,car
2024-10-01 13:23:15,car
2024-10-01 13:23:15,car
2024-10-01 13:23:15,car
2024-10-01 13:23:15,car
2024-10-01 13:23:15,car
2024-10-01 13:23:15,car
2024-10-01 13:23:15,car
2024-10-01 13:23:15,car
2024-10-01 13:23:15,car
2024-10-01 13:23:15,car
2024-10-01 13:23:15,car
2024-10-01 13:23:15,car
2024-10-01 13:23:15,car
2024-10-01 13:23:15,car
2024-10-01 13:23:15,car
2024-10-01 13:23:16,car
2024-10-01 13:23:16,car
2024-10-01 13:23:16,car
2024-10-01 13:23:16,car
2024-10-01 13:23:16,car
2024-10-01 13:23:16,car
2024-10-01 13:23:16,car
2024-10-01 13:23:16,car
2024-10-01 13:23:16,car
2024-10-01 13:23:16,car
2024-10-01 13:23:16,truck
2024-10-01 13:23:16,car
2024-10-01 13:23:16,car
2024-10-01 13:23:16,car
2024-10-01 13:23:16,truck
2024-10-01 13:23:16,car
2024-10-01 13:23:16,car
2024-10-01 13:23:16,car
2024-10-01 13:23:16,truck
2024-10-01 13:23:17,car
2024-10-01 13:23:17,car
2024-10-01 13:23:17,car
2024-10-01 13:23:17,car
2024-10-01 13:23:17,car
2024-10-01 13:23:17,car
2024-10-01 13:23:17,car
2024-10-01 13:23:17,car
2024-10-01 13:23:17,car
2024-10-01 13:23:17,car
2024-10-01 13:23:17,truck
2024-10-01 13:23:17,car
2024-10-01 13:23:17,car
2024-10-01 13:23:17,car
2024-10-01 13:23:17,car
2024-10-01 13:23:18,car
2024-10-01 13:23:18,car
2024-10-01 13:23:18,car
2024-10-01 13:23:18,truck
2024-10-01 13:23:18,car
2024-10-01 13:23:18,car
2024-10-01 13:23:18,car
2024-10-01 13:23:18,car
2024-10-01 13:23:18,car
2024-10-01 13:23:18,car
2024-10-01 13:23:18,car
2024-10-01 13:23:18,car
2024-10-01 13:23:18,car
2024-10-01 13:23:18,car
2024-10-01 13:23:18,car
2024-10-01 13:23:18,car
2024-10-01 13:23:18,car
2024-10-01 13:23:18,car
2024-10-01 13:23:18,car
2024-10-01 13:23:18,car
2024-10-01 13:23:19,car
2024-10-01 13:23:19,car
2024-10-01 13:23:19,car
2024-10-01 13:23:19,car
2024-10-01 13:23:19,car
2024-10-01 13:23:19,car
2024-10-01 13:23:19,car
2024-10-01 13:23:19,car
2024-10-01 13:23:19,car
2024-10-01 13:23:19,car
2024-10-01 13:23:19,car
2024-10-01 13:23:19,car
2024-10-01 13:23:19,car
2024-10-01 13:23:19,car
2024-10-01 13:23:19,car
2024-10-01 13:23:19,car
2024-10-01 13:23:19,car
2024-10-01 13:23:19,car
2024-10-01 13:23:19,car
2024-10-01 13:23:19,car
2024-10-01 13:23:19,car
2024-10-01 13:23:19,car
2024-10-01 13:23:19,car
2024-10-01 13:23:19,car
2024-10-01 13:23:20,car
2024-10-01 13:23:20,car
2024-10-01 13:23:20,car
2024-10-01 13:23:20,car
2024-10-01 13:23:20,car
2024-10-01 13:23:20,car
2024-10-01 13:23:20,car
2024-10-01 13:23:20,car
2024-10-01 13:23:20,car
2024-10-01 13:23:20,car
2024-10-01 13:23:20,car
2024-10-01 13:23:20,car
2024-10-01 13:23:20,car
2024-10-01 13:23:20,car
2024-10-01 13:23:20,car
2024-10-01 13:23:20,car
2024-10-01 13:23:20,car
2024-10-01 13:23:20,car
2024-10-01 13:23:20,car
2024-10-01 13:23:20,car
2024-10-01 13:23:20,car
2024-10-01 13:23:20,car
2024-10-01 13:23:20,car
2024-10-01 13:23:20,car
2024-10-01 13:23:20,car
2024-10-01 13:23:21,car
2024-10-01 13:23:21,car
2024-10-01 13:23:21,car
2024-10-01 13:23:21,car
2024-10-01 13:23:21,car
2024-10-01 13:23:21,car
2024-10-01 13:23:21,car
2024-10-01 13:23:21,car
2024-10-01 13:23:21,car
2024-10-01 13:23:21,car
2024-10-01 13:23:21,car
2024-10-01 13:23:21,car
2024-10-01 13:23:21,car
2024-10-01 13:23:21,car
2024-10-01 13:23:21,car
2024-10-01 13:23:21,car
2024-10-01 13:23:21,car
2024-10-01 13:23:21,car
2024-10-01 13:23:21,car
2024-10-01 13:23:21,car
2024-10-01 13:23:21,car
2024-10-01 13:23:21,car
2024-10-01 13:23:21,car
2024-10-01 13:23:21,car
2024-10-01 13:23:21,car
2024-10-01 13:23:21,car
2024-10-01 13:23:21,car
2024-10-01 13:23:22,car
2024-10-01 13:23:22,car
2024-10-01 13:23:22,car
2024-10-01 13:23:22,car
2024-10-01 13:23:22,car
2024-10-01 13:23:22,car
2024-10-01 13:23:22,car
2024-10-01 13:23:22,car
2024-10-01 13:23:22,car
2024-10-01 13:23:22,car
2024-10-01 13:23:22,car
2024-10-01 13:23:22,car
2024-10-01 13:23:22,car
2024-10-01 13:23:22,car
2024-10-01 13:23:22,car
2024-10-01 13:23:22,car
2024-10-01 13:23:22,car
2024-10-01 13:23:22,car
2024-10-01 13:23:22,car
2024-10-01 13:23:22,car
2024-10-01 13:23:22,car
2024-10-01 13:23:22,car
2024-10-01 13:23:22,car
2024-10-01 13:23:23,car
2024-10-01 13:23:23,car
2024-10-01 13:23:23,car
2024-10-01 13:23:23,car
2024-10-01 13:23:23,car
2024-10-01 13:23:23,car
2024-10-01 13:23:23,car
2024-10-01 13:23:23,car
2024-10-01 13:23:23,car
2024-10-01 13:23:23,car
2024-10-01 13:23:23,car
2024-10-01 13:23:23,car
2024-10-01 13:23:23,car
2024-10-01 13:23:24,car
2024-10-01 13:23:24,car
2024-10-01 13:23:24,car
2024-10-01 13:23:24,car
2024-10-01 13:23:24,car
2024-10-01 13:23:24,car
2024-10-01 13:23:24,car
2024-10-01 13:23:24,car
2024-10-01 13:23:24,car
2024-10-01 13:23:24,car
2024-10-01 13:23:24,car
2024-10-01 13:23:24,car
2024-10-01 13:23:24,car
2024-10-01 13:23:24,car
2024-10-01 13:23:24,car
2024-10-01 13:23:25,car
2024-10-01 13:23:25,car
2024-10-01 13:23:25,car
2024-10-01 13:23:25,car
2024-10-01 13:23:25,car
2024-10-01 13:23:25,car
2024-10-01 13:23:25,car
2024-10-01 13:23:25,car
2024-10-01 13:23:25,car
2024-10-01 13:23:25,car
2024-10-01 13:23:25,car
2024-10-01 13:23:25,car
2024-10-01 13:23:25,car
2024-10-01 13:23:25,car
2024-10-01 13:23:25,car
2024-10-01 13:23:26,car
2024-10-01 13:23:26,car
2024-10-01 13:23:26,car
2024-10-01 13:23:26,car
2024-10-01 13:23:26,car
2024-10-01 13:23:26,car
2024-10-01 13:23:26,car
2024-10-01 13:23:26,car
2024-10-01 13:23:26,car
2024-10-01 13:23:26,car
2024-10-01 13:23:26,car
2024-10-01 13:23:26,car
2024-10-01 13:23:26,car
2024-10-01 13:23:26,car
2024-10-01 13:23:26,car
2024-10-01 13:23:26,car
2024-10-01 13:23:26,car
2024-10-01 13:23:26,car
2024-10-01 13:23:26,car
2024-10-01 13:23:27,car
2024-10-01 13:23:27,car
2024-10-01 13:23:27,car
2024-10-01 13:23:27,car
2024-10-01 13:23:27,car
2024-10-01 13:23:27,car
2024-10-01 13:23:27,car
2024-10-01 13:23:27,car
2024-10-01 13:23:27,car
2024-10-01 13:23:27,car
2024-10-01 13:23:27,car
2024-10-01 13:23:27,car
2024-10-01 13:23:27,car
2024-10-01 13:23:27,car
2024-10-01 13:23:27,car
2024-10-01 13:23:27,car
2024-10-01 13:23:27,car
2024-10-01 13:23:27,car
2024-10-01 13:23:27,car
2024-10-01 13:23:27,car
2024-10-01 13:23:27,car
2024-10-01 13:23:27,car
2024-10-01 13:23:27,car
2024-10-01 13:23:27,car
2024-10-01 13:23:28,car
2024-10-01 13:23:28,car
2024-10-01 13:23:28,car
2024-10-01 13:23:28,car
2024-10-01 13:23:28,car
2024-10-01 13:23:28,car
2024-10-01 13:23:28,car
2024-10-01 13:23:28,car
2024-10-01 13:23:28,car
2024-10-01 13:23:28,car
2024-10-01 13:23:28,car
2024-10-01 13:23:28,car
2024-10-01 13:23:28,car
2024-10-01 13:23:28,car
2024-10-01 13:23:28,car
2024-10-01 13:23:28,car
2024-10-01 13:23:28,car
2024-10-01 13:23:28,car
2024-10-01 13:23:29,car
2024-10-01 13:23:29,car
2024-10-01 13:23:29,car
2024-10-01 13:23:29,car
2024-10-01 13:23:29,car
2024-10-01 13:23:29,car
2024-10-01 13:23:29,car
2024-10-01 13:23:29,car
2024-10-01 13:23:29,car
2024-10-01 13:23:29,car
2024-10-01 13:23:29,car
2024-10-01 13:23:29,car
2024-10-01 13:23:29,car
2024-10-01 13:23:29,car
2024-10-01 13:23:29,car
2024-10-01 13:23:29,car
2024-10-01 13:23:29,car
2024-10-01 13:23:29,car
2024-10-01 13:23:29,car
2024-10-01 13:23:29,car
2024-10-01 13:23:29,car
2024-10-01 13:23:29,car
2024-10-01 13:23:29,car
2024-10-01 13:23:30,car
2024-10-01 13:23:30,car
2024-10-01 13:23:30,car
2024-10-01 13:23:30,car
2024-10-01 13:23:30,car
2024-10-01 13:23:30,car
2024-10-01 13:23:30,car
2024-10-01 13:23:30,car
2024-10-01 13:23:30,car
2024-10-01 13:23:30,car
2024-10-01 13:23:30,car
2024-10-01 13:23:30,car
2024-10-01 13:23:30,car
2024-10-01 13:23:30,car
2024-10-01 13:23:30,car
2024-10-01 13:23:30,car
2024-10-01 13:23:30,car
2024-10-01 13:23:30,car
2024-10-01 13:23:30,car
2024-10-01 13:23:30,car
2024-10-01 13:23:31,car
2024-10-01 13:23:31,car
2024-10-01 13:23:31,car
2024-10-01 13:23:31,car
2024-10-01 13:23:31,car
2024-10-01 13:23:31,car
2024-10-01 13:23:31,car
2024-10-01 13:23:31,car
2024-10-01 13:23:31,car
2024-10-01 13:23:31,car
2024-10-01 13:23:31,car
2024-10-01 13:23:31,car
2024-10-01 13:23:31,car
2024-10-01 13:23:31,car
2024-10-01 13:23:31,car
2024-10-01 13:23:31,car
2024-10-01 13:23:31,car
2024-10-01 13:23:31,car
2024-10-01 13:23:31,car
2024-10-01 13:23:32,car
2024-10-01 13:23:32,car
2024-10-01 13:23:32,car
2024-10-01 13:23:32,car
2024-10-01 13:23:32,car
2024-10-01 13:23:32,car
2024-10-01 13:23:32,car
2024-10-01 13:23:32,car
2024-10-01 13:23:32,car
2024-10-01 13:23:32,car
2024-10-01 13:23:32,car
2024-10-01 13:23:32,car
2024-10-01 13:23:32,car
2024-10-01 13:23:32,car
2024-10-01 13:23:32,car
2024-10-01 13:23:32,car
2024-10-01 13:23:32,truck
2024-10-01 13:23:33,car
2024-10-01 13:23:33,car
2024-10-01 13:23:33,car
2024-10-01 13:23:33,car
2024-10-01 13:23:33,car
2024-10-01 13:23:33,car
2024-10-01 13:23:33,car
2024-10-01 13:23:33,car
2024-10-01 13:23:33,car
2024-10-01 13:23:33,car
2024-10-01 13:23:33,car
2024-10-01 13:23:33,car
2024-10-01 13:23:33,car
2024-10-01 13:23:33,car
2024-10-01 13:23:33,car
2024-10-01 13:23:33,car
2024-10-01 13:23:34,car
2024-10-01 13:23:34,car
2024-10-01 13:23:34,car
2024-10-01 13:23:34,car
2024-10-01 13:23:34,car
2024-10-01 13:23:34,car
2024-10-01 13:23:34,truck
2024-10-01 13:23:34,car
2024-10-01 13:23:34,car
2024-10-01 13:23:34,car
2024-10-01 13:23:34,car
2024-10-01 13:23:34,car
2024-10-01 13:23:34,car
2024-10-01 13:23:34,car
2024-10-01 13:23:34,car
2024-10-01 13:23:34,car
2024-10-01 13:23:35,car
2024-10-01 13:23:35,car
2024-10-01 13:23:35,car
2024-10-01 13:23:35,car
2024-10-01 13:23:35,car
2024-10-01 13:23:35,car
2024-10-01 13:23:35,car
2024-10-01 13:23:35,car
2024-10-01 13:23:35,car
2024-10-01 13:23:35,car
2024-10-01 13:23:35,car
2024-10-01 13:23:35,car
2024-10-01 13:23:35,car
2024-10-01 13:23:35,car
2024-10-01 13:23:35,car
2024-10-01 13:23:35,car
2024-10-01 13:23:35,car
2024-10-01 13:23:35,car
2024-10-01 13:23:36,car
2024-10-01 13:23:36,car
2024-10-01 13:23:36,car
2024-10-01 13:23:36,car
2024-10-01 13:23:36,car
2024-10-01 13:23:36,car
2024-10-01 13:23:36,car
2024-10-01 13:23:36,car
2024-10-01 13:23:36,car
2024-10-01 13:23:36,car
2024-10-01 13:23:36,car
2024-10-01 13:23:36,car
2024-10-01 13:23:36,car
2024-10-01 13:23:36,car
2024-10-01 13:23:36,car
2024-10-01 13:23:36,car
2024-10-01 13:23:36,car
2024-10-01 13:23:36,car
2024-10-01 13:23:36,car
2024-10-01 13:23:36,car
2024-10-01 13:23:36,car
2024-10-01 13:23:37,car
2024-10-01 13:23:37,car
2024-10-01 13:23:37,car
2024-10-01 13:23:37,car
2024-10-01 13:23:37,car
2024-10-01 13:23:37,car
2024-10-01 13:23:37,car
2024-10-01 13:23:37,car
2024-10-01 13:23:37,car
2024-10-01 13:23:37,car
2024-10-01 13:23:37,car
2024-10-01 13:23:37,car
2024-10-01 13:23:38,car
2024-10-01 13:23:38,car
2024-10-01 13:23:38,car
2024-10-01 13:23:38,truck
2024-10-01 13:23:38,car
2024-10-01 13:23:38,truck
2024-10-01 13:23:38,car
2024-10-01 13:23:38,truck
2024-10-01 13:23:38,car
2024-10-01 13:23:38,car
2024-10-01 13:23:38,car
2024-10-01 13:23:38,car
2024-10-01 13:23:38,truck
2024-10-01 13:23:38,truck
2024-10-01 13:23:38,car
2024-10-01 13:23:38,car
2024-10-01 13:23:38,car
2024-10-01 13:23:38,truck
2024-10-01 13:23:38,car
2024-10-01 13:23:38,car
2024-10-01 13:23:38,car
2024-10-01 13:23:38,car
2024-10-01 13:23:38,car
2024-10-01 13:23:38,truck
2024-10-01 13:23:38,car
2024-10-01 13:23:39,car
2024-10-01 13:23:39,car
2024-10-01 13:23:39,car
2024-10-01 13:23:39,car
2024-10-01 13:23:39,truck
2024-10-01 13:23:39,car
2024-10-01 13:23:39,car
2024-10-01 13:23:39,car
2024-10-01 13:23:39,car
2024-10-01 13:23:39,car
2024-10-01 13:23:39,car
2024-10-01 13:23:39,car
2024-10-01 13:23:39,car
2024-10-01 13:23:39,car
2024-10-01 13:23:39,car
2024-10-01 13:23:39,car
2024-10-01 13:23:39,car
2024-10-01 13:23:40,car
2024-10-01 13:23:40,car
2024-10-01 13:23:40,car
2024-10-01 13:23:40,truck
2024-10-01 13:23:40,car
2024-10-01 13:23:40,car
2024-10-01 13:23:40,car
2024-10-01 13:23:40,car
2024-10-01 13:23:40,car
2024-10-01 13:23:40,car
2024-10-01 13:23:40,car
2024-10-01 13:23:40,car
2024-10-01 13:23:40,car
2024-10-01 13:23:41,car
2024-10-01 13:23:41,car
2024-10-01 13:23:41,car
2024-10-01 13:23:41,car
2024-10-01 13:23:41,truck
2024-10-01 13:23:41,car
2024-10-01 13:23:41,car
2024-10-01 13:23:41,car
2024-10-01 13:23:41,car
2024-10-01 13:23:41,car
2024-10-01 13:23:41,truck
2024-10-01 13:23:41,car
2024-10-01 13:23:41,car
2024-10-01 13:23:41,car
2024-10-01 13:23:41,car
2024-10-01 13:23:41,truck
2024-10-01 13:23:41,car
2024-10-01 13:23:41,car
2024-10-01 13:23:41,car
2024-10-01 13:23:42,car
2024-10-01 13:23:42,truck
2024-10-01 13:23:42,car
2024-10-01 13:23:42,car
2024-10-01 13:23:42,car
2024-10-01 13:23:42,truck
2024-10-01 13:23:42,car
2024-10-01 13:23:42,car
2024-10-01 13:23:42,car
2024-10-01 13:23:42,car
2024-10-01 13:23:42,car
2024-10-01 13:23:42,truck
2024-10-01 13:23:42,car
2024-10-01 13:23:42,car
2024-10-01 13:23:43,car
2024-10-01 13:23:43,car
2024-10-01 13:23:43,car
2024-10-01 13:23:43,car
2024-10-01 13:23:43,car
2024-10-01 13:23:43,car
2024-10-01 13:23:43,car
2024-10-01 13:23:43,car
2024-10-01 13:23:43,car
2024-10-01 13:23:43,car
2024-10-01 13:23:43,car
2024-10-01 13:23:43,car
2024-10-01 13:23:43,car
2024-10-01 13:23:44,car
2024-10-01 13:23:44,car
2024-10-01 13:23:44,car
2024-10-01 13:23:44,car
2024-10-01 13:23:44,car
2024-10-01 13:23:44,car
2024-10-01 13:23:44,car
2024-10-01 13:23:44,car
2024-10-01 13:23:44,car
2024-10-01 13:23:45,car
2024-10-01 13:23:45,car
2024-10-01 13:23:45,car
2024-10-01 13:23:45,car
2024-10-01 13:23:45,car
2024-10-01 13:23:45,car
2024-10-01 13:23:45,car
2024-10-01 13:23:45,car
2024-10-01 13:23:46,car
2024-10-01 13:23:46,car
2024-10-01 13:23:46,car
2024-10-01 13:23:46,car
2024-10-01 13:23:46,car
2024-10-01 13:23:46,car
2024-10-01 13:23:46,car
2024-10-01 13:23:47,car
2024-10-01 13:23:47,car
2024-10-01 13:23:47,car
2024-10-01 13:23:47,car
2024-10-01 13:23:47,car
2024-10-01 13:23:47,car
2024-10-01 13:23:47,car
2024-10-01 13:23:47,truck
2024-10-01 13:23:48,car
2024-10-01 13:23:48,car
2024-10-01 13:23:48,car
2024-10-01 13:23:48,car
2024-10-01 13:23:48,car
2024-10-01 13:23:48,car
2024-10-01 13:23:48,car
2024-10-01 13:23:48,car
2024-10-01 13:23:49,car
2024-10-01 13:23:49,car
2024-10-01 13:23:49,truck
2024-10-01 13:23:49,car
2024-10-01 13:23:49,truck
2024-10-01 13:23:49,car
2024-10-01 13:23:49,car
2024-10-01 13:23:49,car
2024-10-01 13:23:49,truck
2024-10-01 13:23:49,car
2024-10-01 13:23:50,car
2024-10-01 13:23:50,car
2024-10-01 13:23:50,truck
2024-10-01 13:23:50,car
2024-10-01 13:23:50,car
2024-10-01 13:23:50,car
2024-10-01 13:23:50,car
2024-10-01 13:23:50,car
2024-10-01 13:23:50,car
2024-10-01 13:23:50,car
2024-10-01 13:23:50,car
2024-10-01 13:23:51,car
2024-10-01 13:23:51,car
2024-10-01 13:23:51,car
2024-10-01 13:23:51,car
2024-10-01 13:23:51,car
2024-10-01 13:23:51,car
2024-10-01 13:23:52,car
2024-10-01 13:23:52,car
2024-10-01 13:23:52,car
2024-10-01 13:23:52,car
2024-10-01 13:23:52,car
2024-10-01 13:23:52,car
2024-10-01 13:23:52,car
2024-10-01 13:23:52,car
2024-10-01 13:23:52,car
2024-10-01 13:23:53,car
2024-10-01 13:23:53,car
2024-10-01 13:23:53,car
2024-10-01 13:23:53,car
2024-10-01 13:23:53,car
2024-10-01 13:23:53,car
2024-10-01 13:23:53,car
2024-10-01 13:23:53,car
2024-10-01 13:23:53,car
2024-10-01 13:23:54,car
2024-10-01 13:23:54,car
2024-10-01 13:23:54,car
2024-10-01 13:23:54,car
2024-10-01 13:23:54,car
2024-10-01 13:23:54,car
2024-10-01 13:23:54,car
2024-10-01 13:23:54,car
2024-10-01 13:23:54,car
2024-10-01 13:23:54,car
2024-10-01 13:23:54,car
2024-10-01 13:23:55,car
2024-10-01 13:23:55,car
2024-10-01 13:23:55,car
2024-10-01 13:23:55,car
2024-10-01 13:23:55,car
2024-10-01 13:23:55,car
2024-10-01 13:23:55,car
2024-10-01 13:23:55,car
2024-10-01 13:23:55,car
2024-10-01 13:23:55,car
2024-10-01 13:23:55,car
2024-10-01 13:23:56,car
2024-10-01 13:23:56,car
2024-10-01 13:23:56,car
2024-10-01 13:23:56,car
2024-10-01 13:23:56,car
2024-10-01 13:23:56,car
2024-10-01 13:23:56,car
2024-10-01 13:23:56,truck
2024-10-01 13:23:57,car
2024-10-01 13:23:57,car
2024-10-01 13:23:57,car
2024-10-01 13:23:57,car
2024-10-01 13:23:57,car
2024-10-01 13:23:57,car
2024-10-01 13:23:57,car
2024-10-01 13:23:57,car
2024-10-01 13:23:57,car
2024-10-01 13:23:58,car
2024-10-01 13:23:58,car
2024-10-01 13:23:58,car
2024-10-01 13:23:58,car
2024-10-01 13:23:58,car
2024-10-01 13:23:58,car
2024-10-01 13:23:58,car
2024-10-01 13:23:58,car
2024-10-01 13:23:58,car
2024-10-01 13:23:58,car
2024-10-01 13:23:58,car
2024-10-01 13:23:58,car
2024-10-01 13:23:58,car
2024-10-01 13:23:58,car
2024-10-01 13:23:58,car
2024-10-01 13:23:59,car
2024-10-01 13:23:59,car
2024-10-01 13:23:59,car
2024-10-01 13:23:59,car
2024-10-01 13:23:59,car
2024-10-01 13:23:59,car
2024-10-01 13:23:59,car
2024-10-01 13:23:59,car
2024-10-01 13:23:59,car
2024-10-01 13:23:59,car
2024-10-01 13:23:59,car
2024-10-01 13:23:59,car
2024-10-01 13:23:59,car
2024-10-01 13:23:59,car
2024-10-01 13:23:59,car
2024-10-01 13:23:59,car
2024-10-01 13:24:00,car
2024-10-01 13:24:00,car
2024-10-01 13:24:00,car
2024-10-01 13:24:00,car
2024-10-01 13:24:00,car
2024-10-01 13:24:00,car
2024-10-01 13:24:00,car
2024-10-01 13:24:00,car
2024-10-01 13:24:00,car
2024-10-01 13:24:01,car
2024-10-01 13:24:01,car
2024-10-01 13:24:01,car
2024-10-01 13:24:01,car
2024-10-01 13:24:01,car
2024-10-01 13:24:01,car
2024-10-01 13:24:01,car
2024-10-01 13:24:01,car
2024-10-01 13:24:01,car
2024-10-01 13:24:01,car
2024-10-01 13:24:01,car
2024-10-01 13:24:01,car
2024-10-01 13:24:01,car
2024-10-01 13:24:01,car
2024-10-01 13:24:02,car
2024-10-01 13:24:02,car
2024-10-01 13:24:02,car
2024-10-01 13:24:02,car
2024-10-01 13:24:02,car
2024-10-01 13:24:02,car
2024-10-01 13:24:02,car
2024-10-01 13:24:02,car
2024-10-01 13:24:02,car
2024-10-01 13:24:02,car
2024-10-01 13:24:02,car
2024-10-01 13:24:02,car
2024-10-01 13:24:03,car
2024-10-01 13:24:03,car
2024-10-01 13:24:03,car
2024-10-01 13:24:03,car
2024-10-01 13:24:03,car
2024-10-01 13:24:03,car
2024-10-01 13:24:03,car
2024-10-01 13:24:03,car
2024-10-01 13:24:03,car
2024-10-01 13:24:03,car
2024-10-01 13:24:03,car
2024-10-01 13:24:03,car
2024-10-01 13:24:03,car
2024-10-01 13:24:03,car
2024-10-01 13:24:03,car
2024-10-01 13:24:04,car
2024-10-01 13:24:04,car
2024-10-01 13:24:04,car
2024-10-01 13:24:04,car
2024-10-01 13:24:04,car
2024-10-01 13:24:04,car
2024-10-01 13:24:04,car
2024-10-01 13:24:10,car
2024-10-01 13:24:10,car
2024-10-01 13:24:10,car
2024-10-01 13:24:10,car
2024-10-01 13:24:10,car
2024-10-01 13:24:10,car
2024-10-01 13:24:10,car
2024-10-01 13:24:11,car
2024-10-01 13:24:11,car
2024-10-01 13:24:11,car
2024-10-01 13:24:11,car
2024-10-01 13:24:11,car
2024-10-01 13:24:11,car
2024-10-01 13:24:11,car
2024-10-01 13:24:11,car
2024-10-01 13:24:11,car
2024-10-01 13:24:11,car
2024-10-01 13:24:11,car
2024-10-01 13:24:11,car
2024-10-01 13:24:11,car
2024-10-01 13:24:11,car
2024-10-01 13:24:11,car
2024-10-01 13:24:12,car
2024-10-01 13:24:12,car
2024-10-01 13:24:12,car
2024-10-01 13:24:12,car
2024-10-01 13:24:12,car
2024-10-01 13:24:12,car
2024-10-01 13:24:12,car
2024-10-01 13:24:12,car
2024-10-01 13:24:12,car
2024-10-01 13:24:12,car
2024-10-01 13:24:12,car
2024-10-01 13:24:12,car
2024-10-01 13:24:12,car
2024-10-01 13:24:12,car
2024-10-01 13:24:12,car
2024-10-01 13:24:12,car
2024-10-01 13:24:13,car
2024-10-01 13:24:13,car
2024-10-01 13:24:13,car
2024-10-01 13:24:13,car
2024-10-01 13:24:13,car
2024-10-01 13:24:13,car
2024-10-01 13:24:13,car
2024-10-01 13:24:13,car
2024-10-01 13:24:13,car
2024-10-01 13:24:13,car
2024-10-01 13:24:13,truck
2024-10-01 13:24:13,car
2024-10-01 13:24:13,car
2024-10-01 13:24:13,truck
2024-10-01 13:24:13,car
2024-10-01 13:24:13,car
2024-10-01 13:24:13,car
2024-10-01 13:24:14,car
2024-10-01 13:24:14,car
2024-10-01 13:24:14,car
2024-10-01 13:24:14,truck
2024-10-01 13:24:14,car
2024-10-01 13:24:14,car
2024-10-01 13:24:14,truck
2024-10-01 13:24:14,car
2024-10-01 13:24:14,car
2024-10-01 13:24:14,car
2024-10-01 13:24:14,car
2024-10-01 13:24:14,car
2024-10-01 13:24:14,truck
2024-10-01 13:24:14,car
2024-10-01 13:24:14,car
2024-10-01 13:24:14,car
2024-10-01 13:24:14,car
2024-10-01 13:24:14,car
2024-10-01 13:24:14,car
2024-10-01 13:24:14,car
2024-10-01 13:24:14,car
2024-10-01 13:24:14,car
2024-10-01 13:24:14,car
2024-10-01 13:24:14,car
2024-10-01 13:24:15,car
2024-10-01 13:24:15,car
2024-10-01 13:24:15,car
2024-10-01 13:24:15,car
2024-10-01 13:24:15,car
2024-10-01 13:24:15,car
2024-10-01 13:24:15,car
2024-10-01 13:24:15,car
2024-10-01 13:24:15,car
2024-10-01 13:24:15,car
2024-10-01 13:24:15,car
2024-10-01 13:24:15,car
2024-10-01 13:24:15,car
2024-10-01 13:24:15,car
2024-10-01 13:24:15,car
2024-10-01 13:24:15,car
2024-10-01 13:24:15,car
2024-10-01 13:24:15,car
2024-10-01 13:24:15,car
2024-10-01 13:24:15,car
2024-10-01 13:24:16,car
2024-10-01 13:24:16,car
2024-10-01 13:24:16,car
2024-10-01 13:24:16,car
2024-10-01 13:24:16,car
2024-10-01 13:24:16,car
2024-10-01 13:24:16,car
2024-10-01 13:24:16,car
2024-10-01 13:24:16,car
2024-10-01 13:24:16,car
2024-10-01 13:24:16,car
2024-10-01 13:24:16,car
2024-10-01 13:24:16,car
2024-10-01 13:24:16,car
2024-10-01 13:24:16,car
2024-10-01 13:24:16,car
2024-10-01 13:24:16,car
2024-10-01 13:24:16,car
2024-10-01 13:24:16,car
2024-10-01 13:24:16,car
2024-10-01 13:24:16,car
2024-10-01 13:24:16,car
2024-10-01 13:24:16,car
2024-10-01 13:24:17,car
2024-10-01 13:24:17,car
2024-10-01 13:24:17,car
2024-10-01 13:24:17,car
2024-10-01 13:24:17,car
2024-10-01 13:24:17,car
2024-10-01 13:24:17,car
2024-10-01 13:24:17,car
2024-10-01 13:24:17,car
2024-10-01 13:24:17,car
2024-10-01 13:24:17,car
2024-10-01 13:24:17,car
2024-10-01 13:24:17,car
2024-10-01 13:24:17,car
2024-10-01 13:24:17,car
2024-10-01 13:24:17,car
2024-10-01 13:24:17,car
2024-10-01 13:24:17,car
2024-10-01 13:24:17,car
2024-10-01 13:24:17,car
2024-10-01 13:24:17,car
2024-10-01 13:24:17,car
2024-10-01 13:24:18,car
2024-10-01 13:24:18,car
2024-10-01 13:24:18,car
2024-10-01 13:24:18,car
2024-10-01 13:24:18,car
2024-10-01 13:24:18,car
2024-10-01 13:24:18,car
2024-10-01 13:24:18,car
2024-10-01 13:24:18,car
2024-10-01 13:24:18,car
2024-10-01 13:24:18,car
2024-10-01 13:24:18,car
2024-10-01 13:24:18,car
2024-10-01 13:24:18,car
2024-10-01 13:24:18,car
2024-10-01 13:24:19,car
2024-10-01 13:24:19,car
2024-10-01 13:24:19,car
2024-10-01 13:24:19,car
2024-10-01 13:25:19,car
2024-10-01 13:25:20,car
2024-10-01 13:25:22,car
2024-10-01 13:25:22,car
2024-10-01 13:25:23,car
2024-10-01 13:25:24,truck
2024-10-01 13:25:25,car
2024-10-01 13:25:25,truck
2024-10-01 13:25:25,car
2024-10-01 13:25:26,truck
2024-10-01 13:25:26,truck
2024-10-01 13:25:26,car
2024-10-01 13:25:26,truck
2024-10-01 13:25:26,car
2024-10-01 13:25:26,truck
2024-10-01 13:25:27,car
2024-10-01 13:25:27,truck
2024-10-01 13:25:27,car
2024-10-01 13:25:27,car
2024-10-01 13:25:27,truck
2024-10-01 13:25:28,truck
2024-10-01 13:25:29,car
2024-10-01 13:25:29,car
2024-10-01 13:25:29,truck
2024-10-01 13:25:29,truck
2024-10-01 13:25:29,car
2024-10-01 13:25:29,car
2024-10-01 13:25:29,car
2024-10-01 13:25:29,car
2024-10-01 13:25:30,car
2024-10-01 13:25:30,car
2024-10-01 13:25:30,car
2024-10-01 13:25:30,truck
2024-10-01 13:25:30,car
2024-10-01 13:25:31,truck
2024-10-01 13:25:31,car
2024-10-01 13:25:31,truck
2024-10-01 13:25:31,car
2024-10-01 13:25:32,car
2024-10-01 13:25:32,car
2024-10-01 13:25:32,truck
2024-10-01 13:25:32,car
2024-10-01 13:25:32,car
2024-10-01 13:25:33,car
2024-10-01 13:25:33,car
2024-10-01 13:25:33,car
2024-10-01 13:25:33,car
2024-10-01 13:25:33,car
2024-10-01 13:25:33,car
2024-10-01 13:25:33,car
2024-10-01 13:25:34,car
2024-10-01 13:25:34,car
2024-10-01 13:25:34,car
2024-10-01 13:25:34,car
2024-10-01 13:25:34,car
2024-10-01 13:25:34,car
2024-10-01 13:25:34,car
2024-10-01 13:25:34,car
2024-10-01 13:25:34,car
2024-10-01 13:25:34,truck
2024-10-01 13:25:34,car
2024-10-01 13:25:34,car
2024-10-01 13:25:34,car
2024-10-01 13:25:34,truck
2024-10-01 13:25:34,car
2024-10-01 13:25:35,car
2024-10-01 13:25:35,car
2024-10-01 13:25:35,car
2024-10-01 13:25:35,car
2024-10-01 13:25:35,car
2024-10-01 13:25:35,car
2024-10-01 13:25:35,car
2024-10-01 13:25:35,car
2024-10-01 13:25:35,car
2024-10-01 13:25:35,car
2024-10-01 13:25:35,car
2024-10-01 13:25:35,car
2024-10-01 13:25:35,car
2024-10-01 13:25:35,car
2024-10-01 13:25:36,car
2024-10-01 13:25:36,car
2024-10-01 13:25:36,car
2024-10-01 13:25:36,car
2024-10-01 13:25:36,car
2024-10-01 13:25:36,car
2024-10-01 13:25:36,car
2024-10-01 13:25:36,car
2024-10-01 13:25:36,car
2024-10-01 13:25:36,car
2024-10-01 13:25:36,car
2024-10-01 13:25:37,car
2024-10-01 13:25:37,car
2024-10-01 13:25:37,car
2024-10-01 13:25:37,car
2024-10-01 13:25:37,car
2024-10-01 13:25:37,car
2024-10-01 13:25:37,car
2024-10-01 13:25:37,car
2024-10-01 13:25:38,car
2024-10-01 13:25:38,car
2024-10-01 13:25:38,car
2024-10-01 13:25:38,car
2024-10-01 13:27:02,car
2024-10-01 13:27:02,car
2024-10-01 13:27:02,car
2024-10-01 13:27:02,car
2024-10-01 13:27:02,car
2024-10-01 13:27:02,car
2024-10-01 13:27:02,car
2024-10-01 13:27:02,car
2024-10-01 13:27:03,car
2024-10-01 13:27:03,car
2024-10-01 13:27:03,car
2024-10-01 13:27:03,car
2024-10-01 13:27:03,car
2024-10-01 13:27:03,car
2024-10-01 13:27:03,car
2024-10-01 13:27:03,car
2024-10-01 13:27:04,car
2024-10-01 13:27:04,car
2024-10-01 13:27:04,car
2024-10-01 13:27:04,car
2024-10-01 13:27:04,car
2024-10-01 13:27:04,car
2024-10-01 13:27:04,car
2024-10-01 13:27:04,car
2024-10-01 13:27:04,car
2024-10-01 13:27:04,car
2024-10-01 13:27:04,car
2024-10-01 13:27:05,car
2024-10-01 13:27:05,car
2024-10-01 13:27:05,car
2024-10-01 13:27:05,car
2024-10-01 13:27:05,car
2024-10-01 13:27:05,car
2024-10-01 13:27:05,car
2024-10-01 13:27:05,car
2024-10-01 13:27:06,car
2024-10-01 13:27:06,car
2024-10-01 13:27:06,car
2024-10-01 13:27:06,car
2024-10-01 13:27:06,car
2024-10-01 13:27:06,car
2024-10-01 13:27:07,car
2024-10-01 13:27:07,car
2024-10-01 13:27:07,car
2024-10-01 13:27:07,car
2024-10-01 13:27:07,car
2024-10-01 13:27:07,car
2024-10-01 13:27:07,car
2024-10-01 13:27:07,car
2024-10-01 13:27:08,car
2024-10-01 13:27:08,car
2024-10-01 13:27:08,car
2024-10-01 13:27:08,car
2024-10-01 13:27:08,car
2024-10-01 13:27:08,car
2024-10-01 13:27:08,car
2024-10-01 13:27:08,car
2024-10-01 13:27:09,car
2024-10-01 13:27:09,car
2024-10-01 13:27:09,car
2024-10-01 13:27:09,car
2024-10-01 13:27:10,car
2024-10-01 13:27:10,car
2024-10-01 13:27:10,car
2024-10-01 13:27:10,car
2024-10-01 13:27:10,car
2024-10-01 13:27:10,car
2024-10-01 13:27:10,car
2024-10-01 13:27:10,car
2024-10-01 13:27:10,car
2024-10-01 13:27:11,car
2024-10-01 13:27:11,car
2024-10-01 13:27:11,car
2024-10-01 13:27:11,car
2024-10-01 13:27:11,car
2024-10-01 13:27:11,car
2024-10-01 13:27:11,car
2024-10-01 13:27:11,car
2024-10-01 13:27:12,car
2024-10-01 13:27:12,car
2024-10-01 13:27:12,car
2024-10-01 13:27:12,car
2024-10-01 13:27:13,car
2024-10-01 13:27:13,car
2024-10-01 13:27:13,car
2024-10-01 13:27:13,car
2024-10-01 13:27:13,car
2024-10-01 13:27:13,car
2024-10-01 13:27:13,car
2024-10-01 13:27:13,car
2024-10-01 13:27:14,car
2024-10-01 13:27:14,car
2024-10-01 13:27:14,car
2024-10-01 13:27:14,car
2024-10-01 13:27:14,car
2024-10-01 13:27:14,car
2024-10-01 13:27:14,car
2024-10-01 13:27:14,car
2024-10-01 13:27:15,car
2024-10-01 13:27:15,car
2024-10-01 13:27:16,car
2024-10-01 13:27:16,car
2024-10-01 13:27:16,car
2024-10-01 13:27:16,car
2024-10-01 13:27:16,car
2024-10-01 13:27:17,car
2024-10-01 13:27:17,car
2024-10-01 13:27:17,car
2024-10-01 13:27:17,car
2024-10-01 13:27:17,car
2024-10-01 13:27:18,car
2024-10-01 13:27:18,car
2024-10-01 13:27:18,car
2024-10-01 13:27:18,truck
2024-10-01 13:27:18,car
2024-10-01 13:27:18,car
2024-10-01 13:27:18,car
2024-10-01 13:27:19,car
2024-10-01 13:27:19,car
2024-10-01 13:27:19,car
2024-10-01 13:27:19,car
2024-10-01 13:27:19,car
2024-10-01 13:27:19,car
2024-10-01 13:27:19,car
2024-10-01 13:27:19,car
2024-10-01 13:27:19,car
2024-10-01 13:27:19,car
2024-10-01 13:27:20,car
2024-10-01 13:27:20,car
2024-10-01 13:27:20,car
2024-10-01 13:27:20,car
2024-10-01 13:27:20,car
2024-10-01 13:27:20,car
2024-10-01 13:27:20,car
2024-10-01 13:27:20,car
2024-10-01 13:27:20,car
2024-10-01 13:27:21,car
2024-10-01 13:27:21,car
2024-10-01 13:27:21,car
2024-10-01 13:27:21,car
2024-10-01 13:27:21,car
2024-10-01 13:27:21,car
2024-10-01 13:27:21,car
2024-10-01 13:27:21,car
2024-10-01 13:27:22,car
2024-10-01 13:27:22,car
2024-10-01 13:27:22,car
2024-10-01 13:27:22,car
2024-10-01 13:27:22,car
2024-10-01 13:27:22,car
2024-10-01 13:27:22,car
2024-10-01 13:27:22,car
2024-10-01 13:27:22,car
2024-10-01 13:27:23,car
2024-10-01 13:27:23,car
2024-10-01 13:27:23,car
2024-10-01 13:27:23,car
2024-10-01 13:27:23,car
2024-10-01 13:27:23,car
2024-10-01 13:27:23,car
2024-10-01 13:27:23,car
2024-10-01 13:27:24,car
2024-10-01 13:27:24,car
2024-10-01 13:27:24,car
2024-10-01 13:27:24,car
2024-10-01 13:27:24,car
2024-10-01 13:27:24,car
2024-10-01 13:27:24,car
2024-10-01 13:27:24,car
2024-10-01 13:27:24,car
2024-10-01 13:27:24,car
2024-10-01 13:27:25,car
2024-10-01 13:27:25,car
2024-10-01 13:27:25,car
2024-10-01 13:27:25,truck
2024-10-01 13:27:25,truck
2024-10-01 13:27:25,car
2024-10-01 13:27:26,car
2024-10-01 13:27:26,car
2024-10-01 13:27:26,truck
2024-10-01 13:27:26,car
2024-10-01 13:27:26,truck
2024-10-01 13:27:26,car
2024-10-01 13:27:26,truck
2024-10-01 13:27:26,truck
2024-10-01 13:27:27,car
2024-10-01 13:27:27,truck
2024-10-01 13:27:27,truck
2024-10-01 13:27:27,car
2024-10-01 13:27:27,truck
2024-10-01 13:27:27,truck
2024-10-01 13:27:27,car
2024-10-01 13:27:27,truck
2024-10-01 13:27:27,truck
2024-10-01 13:27:27,car
2024-10-01 13:27:27,truck
2024-10-01 13:27:28,car
2024-10-01 13:27:28,truck
2024-10-01 13:27:28,car
2024-10-01 13:27:28,car
2024-10-01 13:27:28,truck
2024-10-01 13:27:28,car
2024-10-01 13:27:28,car
2024-10-01 13:27:28,car
2024-10-01 13:27:28,truck
2024-10-01 13:27:28,car
2024-10-01 13:27:28,car
2024-10-01 13:27:28,car
2024-10-01 13:27:28,truck
2024-10-01 13:27:29,car
2024-10-01 13:27:29,car
2024-10-01 13:27:29,truck
2024-10-01 13:27:29,car
2024-10-01 13:27:29,truck
2024-10-01 13:27:29,car
2024-10-01 13:27:29,car
2024-10-01 13:27:29,truck
2024-10-01 13:27:29,car
2024-10-01 13:27:29,truck
2024-10-01 13:27:29,car
2024-10-01 13:27:29,car
2024-10-01 13:27:29,truck
2024-10-01 13:27:29,truck
2024-10-01 13:27:29,car
2024-10-01 13:27:29,car
2024-10-01 13:27:29,truck
2024-10-01 13:27:30,car
2024-10-01 13:27:30,car
2024-10-01 13:27:30,truck
2024-10-01 13:27:30,car
2024-10-01 13:27:30,car
2024-10-01 13:27:30,truck
2024-10-01 13:27:30,car
2024-10-01 13:27:30,car
2024-10-01 13:27:30,car
2024-10-01 13:27:30,truck
2024-10-01 13:27:30,car
2024-10-01 13:27:30,car
2024-10-01 13:27:30,truck
2024-10-01 13:27:31,car
2024-10-01 13:27:31,car
2024-10-01 13:27:31,truck
2024-10-01 13:27:31,car
2024-10-01 13:27:31,car
2024-10-01 13:27:31,car
2024-10-01 13:27:31,truck
2024-10-01 13:27:31,car
2024-10-01 13:27:31,truck
2024-10-01 13:27:31,car
2024-10-01 13:27:31,car
2024-10-01 13:27:31,truck
2024-10-01 13:27:31,car
2024-10-01 13:27:32,car
2024-10-01 13:27:32,truck
2024-10-01 13:27:32,car
2024-10-01 13:27:32,car
2024-10-01 13:27:32,truck
2024-10-01 13:27:32,car
2024-10-01 13:27:32,car
2024-10-01 13:27:32,car
2024-10-01 13:27:32,truck
2024-10-01 13:27:32,car
2024-10-01 13:27:32,car
2024-10-01 13:27:32,truck
2024-10-01 13:27:32,car
2024-10-01 13:27:33,car
2024-10-01 13:27:33,truck
2024-10-01 13:27:33,car
2024-10-01 13:27:33,car
2024-10-01 13:27:33,truck
2024-10-01 13:27:33,car
2024-10-01 13:27:33,car
2024-10-01 13:27:33,truck
2024-10-01 13:27:33,car
2024-10-01 13:27:33,car
2024-10-01 13:27:33,truck
2024-10-01 13:27:33,car
2024-10-01 13:27:34,car
2024-10-01 13:27:34,truck
2024-10-01 13:27:34,car
2024-10-01 13:27:34,car
2024-10-01 13:27:34,truck
2024-10-01 13:27:34,car
2024-10-01 13:27:34,truck
2024-10-01 13:27:34,car
2024-10-01 13:27:34,truck
2024-10-01 13:27:35,car
2024-10-01 13:27:35,truck
2024-10-01 13:27:35,truck
2024-10-01 13:27:35,truck
2024-10-01 13:27:35,car
2024-10-01 13:27:35,truck
2024-10-01 13:27:36,truck
2024-10-01 13:27:36,truck
2024-10-01 13:27:36,truck
2024-10-01 13:27:36,car
2024-10-01 13:27:36,car
2024-10-01 13:27:36,truck
2024-10-01 13:27:37,car
2024-10-01 13:27:37,truck
2024-10-01 13:27:37,car
2024-10-01 13:27:37,truck
2024-10-01 13:27:37,truck
2024-10-01 13:27:37,car
2024-10-01 13:27:37,truck
2024-10-01 13:27:37,car
2024-10-01 13:27:37,car
2024-10-01 13:27:38,truck
2024-10-01 13:27:38,truck
2024-10-01 13:27:38,truck
2024-10-01 13:27:38,car
2024-10-01 13:27:38,truck
2024-10-01 13:27:38,car
2024-10-01 13:27:39,truck
2024-10-01 13:27:39,car
2024-10-01 13:27:39,truck
2024-10-01 13:27:39,car
2024-10-01 13:27:39,car
2024-10-01 13:27:39,truck
2024-10-01 13:27:39,car
2024-10-01 13:27:39,car
2024-10-01 13:27:39,truck
2024-10-01 13:27:39,car
2024-10-01 13:27:40,truck
2024-10-01 13:27:40,car
2024-10-01 13:27:40,truck
2024-10-01 13:27:40,car
2024-10-01 13:27:40,truck
2024-10-01 13:27:40,car
2024-10-01 13:27:41,truck
2024-10-01 13:27:41,car
2024-10-01 13:27:41,truck
2024-10-01 13:27:41,car
2024-10-01 13:27:41,truck
2024-10-01 13:27:41,car
2024-10-01 13:27:41,truck
2024-10-01 13:27:41,car
2024-10-01 13:27:42,truck
2024-10-01 13:27:42,car
2024-10-01 13:27:42,car
2024-10-01 13:27:42,truck
2024-10-01 13:27:42,car
2024-10-01 13:27:42,car
2024-10-01 13:27:42,truck
2024-10-01 13:27:42,car
2024-10-01 13:27:42,car
2024-10-01 13:27:42,truck
2024-10-01 13:27:43,truck
2024-10-01 13:27:43,truck
2024-10-01 13:27:43,truck
2024-10-01 13:27:43,truck
2024-10-01 13:27:43,truck
2024-10-01 13:27:43,truck
2024-10-01 13:27:43,truck
2024-10-01 13:27:43,truck
2024-10-01 13:27:43,car
2024-10-01 13:27:43,truck
2024-10-01 13:27:43,truck
2024-10-01 13:27:43,car
2024-10-01 13:27:44,truck
2024-10-01 13:27:44,car
2024-10-01 13:27:44,truck
2024-10-01 13:27:44,car
2024-10-01 13:27:44,truck
2024-10-01 13:27:44,truck
2024-10-01 13:27:45,truck
2024-10-01 13:27:45,car
2024-10-01 13:27:45,truck
2024-10-01 13:27:45,truck
2024-10-01 13:27:45,truck
2024-10-01 13:27:46,truck
2024-10-01 13:27:46,car
2024-10-01 13:27:46,truck
2024-10-01 13:27:46,car
2024-10-01 13:27:46,car
2024-10-01 13:27:46,truck
2024-10-01 13:27:46,truck
2024-10-01 13:27:46,truck
2024-10-01 13:27:47,truck
2024-10-01 13:27:47,truck
2024-10-01 13:27:47,truck
2024-10-01 13:27:48,truck
2024-10-01 13:27:48,truck
2024-10-01 13:27:48,truck
2024-10-01 13:27:48,truck
2024-10-01 13:27:48,car
2024-10-01 13:27:48,truck
2024-10-01 13:27:48,car
2024-10-01 13:27:48,car
2024-10-01 13:27:49,truck
2024-10-01 13:27:49,car
2024-10-01 13:27:49,car
2024-10-01 13:27:49,truck
2024-10-01 13:27:49,car
2024-10-01 13:27:49,truck
2024-10-01 13:27:49,car
2024-10-01 13:27:49,truck
2024-10-01 13:27:49,car
2024-10-01 13:27:50,truck
2024-10-01 13:27:50,car
2024-10-01 13:27:50,car
2024-10-01 13:27:50,truck
2024-10-01 13:27:50,car
2024-10-01 13:27:50,car
2024-10-01 13:27:50,truck
2024-10-01 13:27:50,car
2024-10-01 13:27:50,truck
2024-10-01 13:27:50,car
2024-10-01 13:27:51,truck
2024-10-01 13:27:51,car
2024-10-01 13:27:51,car
2024-10-01 13:27:51,truck
2024-10-01 13:27:51,truck
2024-10-01 13:27:51,car
2024-10-01 13:27:51,truck
2024-10-01 13:27:51,car
2024-10-01 13:27:52,truck
2024-10-01 13:27:52,car
2024-10-01 13:27:52,car
2024-10-01 13:27:52,truck
2024-10-01 13:27:52,car
2024-10-01 13:27:52,truck
2024-10-01 13:27:52,car
2024-10-01 13:27:52,truck
2024-10-01 13:27:52,car
2024-10-01 13:27:52,truck
2024-10-01 13:27:53,car
2024-10-01 13:27:53,truck
2024-10-01 13:27:53,car
2024-10-01 13:27:53,truck
2024-10-01 13:27:53,car
2024-10-01 13:27:53,truck
2024-10-01 13:27:53,car
2024-10-01 13:27:53,truck
2024-10-01 13:27:53,car
2024-10-01 13:27:54,car
2024-10-01 13:27:54,truck
2024-10-01 13:27:54,car
2024-10-01 13:27:54,truck
2024-10-01 13:27:54,car
2024-10-01 13:27:54,truck
2024-10-01 13:27:54,car
2024-10-01 13:27:54,truck
2024-10-01 13:27:55,car
2024-10-01 13:27:55,truck
2024-10-01 13:27:55,car
2024-10-01 13:27:55,truck
2024-10-01 13:27:55,car
2024-10-01 13:27:55,car
2024-10-01 13:27:56,car
2024-10-01 13:27:56,car
2024-10-01 13:27:56,car
2024-10-01 13:27:56,car
2024-10-01 13:27:56,truck
2024-10-01 13:27:57,car
2024-10-01 13:27:57,car
2024-10-01 13:27:57,car
2024-10-01 13:27:57,car
2024-10-01 13:27:58,car
2024-10-01 13:27:58,car
2024-10-01 13:27:58,car
2024-10-01 13:27:58,car
2024-10-01 13:27:59,car
2024-10-01 13:27:59,truck
2024-10-01 13:27:59,car
2024-10-01 13:27:59,truck
2024-10-01 13:27:59,car
2024-10-01 13:27:59,car
2024-10-01 13:28:00,car
2024-10-01 13:28:00,car
2024-10-01 13:28:00,car
2024-10-01 13:28:00,car
2024-10-01 13:28:00,car
2024-10-01 13:28:01,car
2024-10-01 13:28:01,car
2024-10-01 13:28:01,car
2024-10-01 13:28:01,car
2024-10-01 13:28:02,car
2024-10-01 13:28:02,car
2024-10-01 13:28:02,car
2024-10-01 13:28:02,car
2024-10-01 13:28:03,car
2024-10-01 13:28:03,car
2024-10-01 13:28:03,car
2024-10-01 13:28:03,car
2024-10-01 13:28:04,car
2024-10-01 13:28:04,car
2024-10-01 13:28:04,car
2024-10-01 13:28:04,car
2024-10-01 13:28:05,car
2024-10-01 13:28:05,car
2024-10-01 13:28:05,car
2024-10-01 13:28:05,car
2024-10-01 13:29:08,car
2024-10-01 13:29:08,car
2024-10-01 13:29:08,car
2024-10-01 13:29:08,truck
2024-10-01 13:29:08,car
2024-10-01 13:29:08,truck
2024-10-01 13:29:08,truck
2024-10-01 13:29:08,car
2024-10-01 13:29:08,car
2024-10-01 13:29:08,truck
2024-10-01 13:29:08,truck
2024-10-01 13:29:08,truck
2024-10-01 13:29:08,car
2024-10-01 13:29:08,car
2024-10-01 13:29:09,truck
2024-10-01 13:29:09,truck
2024-10-01 13:29:09,car
2024-10-01 13:29:09,car
2024-10-01 13:29:09,truck
2024-10-01 13:29:09,car
2024-10-01 13:29:09,truck
2024-10-01 13:29:09,car
2024-10-01 13:29:09,truck
2024-10-01 13:29:09,car
2024-10-01 13:29:09,car
2024-10-01 13:29:09,truck
2024-10-01 13:29:09,car
2024-10-01 13:29:09,truck
2024-10-01 13:29:09,car
2024-10-01 13:29:09,car
2024-10-01 13:29:09,truck
2024-10-01 13:29:09,truck
2024-10-01 13:29:09,car
2024-10-01 13:29:09,car
2024-10-01 13:29:09,truck
2024-10-01 13:29:09,truck
2024-10-01 13:29:09,car
2024-10-01 13:29:10,car
2024-10-01 13:29:10,truck
2024-10-01 13:29:10,car
2024-10-01 13:29:10,car
2024-10-01 13:29:10,truck
2024-10-01 13:29:10,car
2024-10-01 13:29:10,car
2024-10-01 13:29:10,car
2024-10-01 13:29:10,truck
2024-10-01 13:29:10,car
2024-10-01 13:29:10,car
2024-10-01 13:29:10,car
2024-10-01 13:29:10,truck
2024-10-01 13:29:10,car
2024-10-01 13:29:10,car
2024-10-01 13:29:10,car
2024-10-01 13:29:10,truck
2024-10-01 13:29:10,car
2024-10-01 13:29:10,truck
2024-10-01 13:29:10,car
2024-10-01 13:29:10,car
2024-10-01 13:29:11,car
2024-10-01 13:29:11,truck
2024-10-01 13:29:11,car
2024-10-01 13:29:11,truck
2024-10-01 13:29:11,car
2024-10-01 13:29:11,car
2024-10-01 13:29:11,car
2024-10-01 13:29:11,truck
2024-10-01 13:29:11,car
2024-10-01 13:29:11,car
2024-10-01 13:29:11,truck
2024-10-01 13:29:11,car
2024-10-01 13:29:11,car
2024-10-01 13:29:11,car
2024-10-01 13:29:11,car
2024-10-01 13:29:11,truck
2024-10-01 13:29:11,car
2024-10-01 13:29:12,truck
2024-10-01 13:29:12,car
2024-10-01 13:29:12,car
2024-10-01 13:29:12,car
2024-10-01 13:29:12,car
2024-10-01 13:29:12,truck
2024-10-01 13:29:12,car
2024-10-01 13:29:12,truck
2024-10-01 13:29:12,truck
2024-10-01 13:29:12,motorcycle
2024-10-01 13:29:12,truck
2024-10-01 13:29:12,car
2024-10-01 13:29:12,car
2024-10-01 13:29:13,car
2024-10-01 13:29:13,truck
2024-10-01 13:29:13,car
2024-10-01 13:29:13,car
2024-10-01 13:29:13,car
2024-10-01 13:29:13,truck
2024-10-01 13:29:13,car
2024-10-01 13:29:13,car
2024-10-01 13:29:13,truck
2024-10-01 13:29:13,car
2024-10-01 13:29:13,car
2024-10-01 13:29:13,truck
2024-10-01 13:29:13,car
2024-10-01 13:29:13,car
2024-10-01 13:29:13,truck
2024-10-01 13:29:13,car
2024-10-01 13:29:14,car
2024-10-01 13:29:14,car
2024-10-01 13:29:14,truck
2024-10-01 13:29:14,car
2024-10-01 13:29:14,car
2024-10-01 13:29:14,truck
2024-10-01 13:29:14,car
2024-10-01 13:29:14,car
2024-10-01 13:29:14,car
2024-10-01 13:29:14,car
2024-10-01 13:29:14,motorcycle
2024-10-01 13:29:15,car
2024-10-01 13:29:15,car
2024-10-01 13:29:15,motorcycle
2024-10-01 13:29:15,car
2024-10-01 13:29:15,car
2024-10-01 13:29:15,car
2024-10-01 13:29:15,car
2024-10-01 13:29:15,motorcycle
2024-10-01 13:29:15,truck
2024-10-01 13:29:15,car
2024-10-01 13:29:15,car
2024-10-01 13:29:15,truck
2024-10-01 13:29:15,car
2024-10-01 13:29:16,car
2024-10-01 13:29:16,car
2024-10-01 13:29:16,motorcycle
2024-10-01 13:29:16,truck
2024-10-01 13:29:16,car
2024-10-01 13:29:16,car
2024-10-01 13:29:16,motorcycle
2024-10-01 13:29:16,car
2024-10-01 13:29:16,truck
2024-10-01 13:29:16,car
2024-10-01 13:29:16,motorcycle
2024-10-01 13:29:16,truck
2024-10-01 13:29:16,car
2024-10-01 13:29:16,car
2024-10-01 13:29:16,motorcycle
2024-10-01 13:29:16,car
2024-10-01 13:29:16,truck
2024-10-01 13:29:16,car
2024-10-01 13:29:17,car
2024-10-01 13:29:17,motorcycle
2024-10-01 13:29:17,car
2024-10-01 13:29:17,truck
2024-10-01 13:29:17,car
2024-10-01 13:29:17,motorcycle
2024-10-01 13:29:17,truck
2024-10-01 13:29:17,motorcycle
2024-10-01 13:29:17,car
2024-10-01 13:29:17,truck
2024-10-01 13:29:17,motorcycle
2024-10-01 13:29:17,car
2024-10-01 13:29:17,car
2024-10-01 13:29:17,truck
2024-10-01 13:29:17,motorcycle
2024-10-01 13:29:18,car
2024-10-01 13:29:18,truck
2024-10-01 13:29:18,motorcycle
2024-10-01 13:29:18,car
2024-10-01 13:29:18,truck
2024-10-01 13:29:18,motorcycle
2024-10-01 13:29:18,car
2024-10-01 13:29:18,truck
2024-10-01 13:29:18,motorcycle
2024-10-01 13:29:18,car
2024-10-01 13:29:18,truck
2024-10-01 13:29:18,motorcycle
2024-10-01 13:29:18,motorcycle
2024-10-01 13:29:19,car
2024-10-01 13:29:19,truck
2024-10-01 13:29:19,motorcycle
2024-10-01 13:29:19,car
2024-10-01 13:29:19,motorcycle
2024-10-01 13:29:19,truck
2024-10-01 13:29:19,car
2024-10-01 13:29:19,car
2024-10-01 13:29:19,motorcycle
2024-10-01 13:29:19,motorcycle
2024-10-01 13:29:19,car
2024-10-01 13:29:19,truck
2024-10-01 13:29:19,car
2024-10-01 13:29:19,car
2024-10-01 13:29:19,truck
2024-10-01 13:29:19,car
2024-10-01 13:29:19,car
2024-10-01 13:29:19,car
2024-10-01 13:29:19,car
2024-10-01 13:29:19,car
2024-10-01 13:29:20,truck
2024-10-01 13:29:20,car
2024-10-01 13:29:20,car
2024-10-01 13:29:20,car
2024-10-01 13:29:20,car
2024-10-01 13:29:20,truck
2024-10-01 13:29:20,car
2024-10-01 13:29:20,car
2024-10-01 13:29:20,car
2024-10-01 13:29:20,truck
2024-10-01 13:29:20,car
2024-10-01 13:29:20,car
2024-10-01 13:29:20,truck
2024-10-01 13:29:20,car
2024-10-01 13:29:20,car
2024-10-01 13:29:21,car
2024-10-01 13:29:21,truck
2024-10-01 13:29:21,motorcycle
2024-10-01 13:29:21,truck
2024-10-01 13:29:21,car
2024-10-01 13:29:21,truck
2024-10-01 13:29:21,car
2024-10-01 13:29:21,car
2024-10-01 13:29:21,car
2024-10-01 13:29:21,car
2024-10-01 13:29:21,truck
2024-10-01 13:29:22,car
2024-10-01 13:29:22,car
2024-10-01 13:29:22,truck
2024-10-01 13:29:22,motorcycle
2024-10-01 13:29:22,truck
2024-10-01 13:29:22,car
2024-10-01 13:29:22,car
2024-10-01 13:29:22,motorcycle
2024-10-01 13:29:22,car
2024-10-01 13:29:22,truck
2024-10-01 13:29:22,car
2024-10-01 13:29:22,motorcycle
2024-10-01 13:29:22,car
2024-10-01 13:29:22,truck
2024-10-01 13:29:22,motorcycle
2024-10-01 13:29:23,car
2024-10-01 13:29:23,truck
2024-10-01 13:29:23,car
2024-10-01 13:29:23,truck
2024-10-01 13:29:23,car
2024-10-01 13:29:23,truck
2024-10-01 13:29:23,motorcycle
2024-10-01 13:29:23,car
2024-10-01 13:29:23,truck
2024-10-01 13:29:23,motorcycle
2024-10-01 13:29:23,car
2024-10-01 13:29:24,car
2024-10-01 13:29:24,truck
2024-10-01 13:29:24,car
2024-10-01 13:29:24,motorcycle
2024-10-01 13:29:24,car
2024-10-01 13:29:24,truck
2024-10-01 13:29:24,car
2024-10-01 13:29:24,car
2024-10-01 13:29:24,truck
2024-10-01 13:29:24,car
2024-10-01 13:29:24,car
2024-10-01 13:29:24,truck
2024-10-01 13:29:24,car
2024-10-01 13:29:24,motorcycle
2024-10-01 13:29:25,car
2024-10-01 13:29:25,truck
2024-10-01 13:29:25,car
2024-10-01 13:29:25,car
2024-10-01 13:29:25,truck
2024-10-01 13:29:25,car
2024-10-01 13:29:25,truck
2024-10-01 13:29:25,motorcycle
2024-10-01 13:29:25,car
2024-10-01 13:29:25,truck
2024-10-01 13:29:25,motorcycle
2024-10-01 13:29:25,car
2024-10-01 13:29:25,car
2024-10-01 13:29:25,car
2024-10-01 13:29:26,car
2024-10-01 13:29:26,truck
2024-10-01 13:29:26,motorcycle
2024-10-01 13:29:26,car
2024-10-01 13:29:26,car
2024-10-01 13:29:26,car
2024-10-01 13:29:26,car
2024-10-01 13:29:26,truck
2024-10-01 13:29:26,motorcycle
2024-10-01 13:29:26,car
2024-10-01 13:29:26,car
2024-10-01 13:29:26,truck
2024-10-01 13:29:26,car
2024-10-01 13:29:26,car
2024-10-01 13:29:26,car
2024-10-01 13:29:26,car
2024-10-01 13:29:26,truck
2024-10-01 13:29:26,car
2024-10-01 13:29:26,motorcycle
2024-10-01 13:29:26,car
2024-10-01 13:29:27,car
2024-10-01 13:29:27,car
2024-10-01 13:29:27,truck
2024-10-01 13:29:27,car
2024-10-01 13:29:27,motorcycle
2024-10-01 13:29:27,car
2024-10-01 13:29:27,car
2024-10-01 13:29:27,car
2024-10-01 13:29:27,truck
2024-10-01 13:29:27,motorcycle
2024-10-01 13:29:27,car
2024-10-01 13:29:27,car
2024-10-01 13:29:27,car
2024-10-01 13:29:27,car
2024-10-01 13:29:27,truck
2024-10-01 13:29:27,car
2024-10-01 13:29:27,car
2024-10-01 13:29:27,car
2024-10-01 13:29:27,car
2024-10-01 13:29:27,truck
2024-10-01 13:29:27,car
2024-10-01 13:29:28,car
2024-10-01 13:29:28,car
2024-10-01 13:29:28,truck
2024-10-01 13:29:28,car
2024-10-01 13:29:28,motorcycle
2024-10-01 13:29:28,car
2024-10-01 13:29:28,car
2024-10-01 13:29:28,truck
2024-10-01 13:29:28,car
2024-10-01 13:29:28,motorcycle
2024-10-01 13:29:28,car
2024-10-01 13:29:28,car
2024-10-01 13:29:28,car
2024-10-01 13:29:28,truck
2024-10-01 13:29:28,motorcycle
2024-10-01 13:29:28,car
2024-10-01 13:29:28,car
2024-10-01 13:29:28,motorcycle
2024-10-01 13:29:28,truck
2024-10-01 13:29:28,car
2024-10-01 13:29:28,car
2024-10-01 13:29:29,car
2024-10-01 13:29:29,car
2024-10-01 13:29:29,truck
2024-10-01 13:29:29,motorcycle
2024-10-01 13:29:29,car
2024-10-01 13:29:29,car
2024-10-01 13:29:29,car
2024-10-01 13:29:29,motorcycle
2024-10-01 13:29:29,truck
2024-10-01 13:29:29,car
2024-10-01 13:29:29,car
2024-10-01 13:29:29,truck
2024-10-01 13:29:29,motorcycle
2024-10-01 13:29:29,car
2024-10-01 13:29:29,car
2024-10-01 13:29:29,motorcycle
2024-10-01 13:29:29,truck
2024-10-01 13:29:30,car
2024-10-01 13:29:30,car
2024-10-01 13:29:30,motorcycle
2024-10-01 13:29:30,truck
2024-10-01 13:29:30,car
2024-10-01 13:29:30,car
2024-10-01 13:29:30,car
2024-10-01 13:29:30,car
2024-10-01 13:29:30,car
2024-10-01 13:29:30,motorcycle
2024-10-01 13:29:30,car
2024-10-01 13:29:30,car
2024-10-01 13:29:30,car
2024-10-01 13:29:30,car
2024-10-01 13:29:30,car
2024-10-01 13:29:30,motorcycle
2024-10-01 13:29:30,car
2024-10-01 13:29:30,truck
2024-10-01 13:29:30,car
2024-10-01 13:29:31,car
2024-10-01 13:29:31,car
2024-10-01 13:29:31,car
2024-10-01 13:29:31,motorcycle
2024-10-01 13:29:31,truck
2024-10-01 13:29:31,car
2024-10-01 13:29:31,car
2024-10-01 13:29:31,car
2024-10-01 13:29:31,motorcycle
2024-10-01 13:29:31,car
2024-10-01 13:29:31,car
2024-10-01 13:29:31,car
2024-10-01 13:29:31,truck
2024-10-01 13:29:31,car
2024-10-01 13:29:31,motorcycle
2024-10-01 13:29:31,car
2024-10-01 13:29:31,car
2024-10-01 13:29:31,truck
2024-10-01 13:29:31,car
2024-10-01 13:29:31,car
2024-10-01 13:29:31,car
2024-10-01 13:29:31,car
2024-10-01 13:29:31,truck
2024-10-01 13:29:31,car
2024-10-01 13:29:31,car
2024-10-01 13:29:32,car
2024-10-01 13:29:32,car
2024-10-01 13:29:32,truck
2024-10-01 13:29:32,car
2024-10-01 13:29:32,car
2024-10-01 13:29:32,car
2024-10-01 13:29:32,car
2024-10-01 13:29:32,truck
2024-10-01 13:29:32,car
2024-10-01 13:29:32,car
2024-10-01 13:29:32,truck
2024-10-01 13:29:32,car
2024-10-01 13:29:32,car
2024-10-01 13:29:32,car
2024-10-01 13:29:32,truck
2024-10-01 13:29:32,car
2024-10-01 13:29:33,car
2024-10-01 13:29:33,car
2024-10-01 13:29:33,truck
2024-10-01 13:29:33,car
2024-10-01 13:29:33,car
2024-10-01 13:29:33,car
2024-10-01 13:29:33,truck
2024-10-01 13:29:33,car
2024-10-01 13:29:33,car
2024-10-01 13:29:33,car
2024-10-01 13:29:33,motorcycle
2024-10-01 13:29:33,car
2024-10-01 13:29:33,truck
2024-10-01 13:29:33,car
2024-10-01 13:29:33,car
2024-10-01 13:29:33,car
2024-10-01 13:29:33,motorcycle
2024-10-01 13:29:33,motorcycle
2024-10-01 13:29:33,truck
2024-10-01 13:29:33,car
2024-10-01 13:29:34,car
2024-10-01 13:29:34,car
2024-10-01 13:29:34,car
2024-10-01 13:29:34,motorcycle
2024-10-01 13:29:34,car
2024-10-01 13:29:34,truck
2024-10-01 13:29:34,car
2024-10-01 13:29:34,car
2024-10-01 13:29:34,car
2024-10-01 13:29:34,truck
2024-10-01 13:29:34,car
2024-10-01 13:29:34,car
2024-10-01 13:29:34,car
2024-10-01 13:29:34,car
2024-10-01 13:29:34,truck
2024-10-01 13:29:34,car
2024-10-01 13:29:34,car
2024-10-01 13:29:34,car
2024-10-01 13:29:34,truck
2024-10-01 13:29:34,car
2024-10-01 13:29:34,car
2024-10-01 13:29:35,car
2024-10-01 13:29:35,car
2024-10-01 13:29:35,car
2024-10-01 13:29:35,car
2024-10-01 13:29:35,truck
2024-10-01 13:29:35,motorcycle
2024-10-01 13:29:35,car
2024-10-01 13:29:35,car
2024-10-01 13:29:35,car
2024-10-01 13:29:35,car
2024-10-01 13:29:35,truck
2024-10-01 13:29:35,car
2024-10-01 13:29:35,car
2024-10-01 13:29:35,car
2024-10-01 13:29:35,car
2024-10-01 13:29:35,car
2024-10-01 13:29:35,truck
2024-10-01 13:29:35,car
2024-10-01 13:29:35,car
2024-10-01 13:29:35,car
2024-10-01 13:29:35,car
2024-10-01 13:29:35,truck
2024-10-01 13:29:35,motorcycle
2024-10-01 13:29:36,car
2024-10-01 13:29:36,car
2024-10-01 13:29:36,car
2024-10-01 13:29:36,truck
2024-10-01 13:29:36,car
2024-10-01 13:29:36,car
2024-10-01 13:29:36,car
2024-10-01 13:29:36,car
2024-10-01 13:29:36,car
2024-10-01 13:29:36,truck
2024-10-01 13:29:36,car
2024-10-01 13:29:36,car
2024-10-01 13:29:36,car
2024-10-01 13:29:36,truck
2024-10-01 13:29:36,car
2024-10-01 13:29:36,car
2024-10-01 13:29:36,car
2024-10-01 13:29:36,car
2024-10-01 13:29:36,truck
2024-10-01 13:29:36,motorcycle
2024-10-01 13:29:37,car
2024-10-01 13:29:37,car
2024-10-01 13:29:37,car
2024-10-01 13:29:37,truck
2024-10-01 13:29:37,car
2024-10-01 13:29:37,car
2024-10-01 13:29:37,car
2024-10-01 13:29:37,car
2024-10-01 13:29:37,car
2024-10-01 13:29:37,car
2024-10-01 13:29:37,truck
2024-10-01 13:29:37,car
2024-10-01 13:29:37,motorcycle
2024-10-01 13:29:37,car
2024-10-01 13:29:37,car
2024-10-01 13:29:37,car
2024-10-01 13:29:37,car
2024-10-01 13:29:37,truck
2024-10-01 13:29:37,car
2024-10-01 13:29:37,motorcycle
2024-10-01 13:29:37,car
2024-10-01 13:29:37,car
2024-10-01 13:29:37,car
2024-10-01 13:29:37,truck
2024-10-01 13:29:37,car
2024-10-01 13:29:37,motorcycle
2024-10-01 13:29:37,motorcycle
2024-10-01 13:29:37,car
2024-10-01 13:29:38,car
2024-10-01 13:29:38,car
2024-10-01 13:29:38,car
2024-10-01 13:29:38,car
2024-10-01 13:29:38,truck
2024-10-01 13:29:38,car
2024-10-01 13:29:38,car
2024-10-01 13:29:38,car
2024-10-01 13:29:38,car
2024-10-01 13:29:38,truck
2024-10-01 13:29:38,motorcycle
2024-10-01 13:29:38,car
2024-10-01 13:29:38,car
2024-10-01 13:29:38,car
2024-10-01 13:29:38,car
2024-10-01 13:29:38,motorcycle
2024-10-01 13:29:38,truck
2024-10-01 13:29:38,car
2024-10-01 13:29:38,car
2024-10-01 13:29:38,car
2024-10-01 13:29:38,car
2024-10-01 13:29:38,truck
2024-10-01 13:29:38,car
2024-10-01 13:29:38,motorcycle
2024-10-01 13:29:38,motorcycle
2024-10-01 13:29:39,car
2024-10-01 13:29:39,car
2024-10-01 13:29:39,car
2024-10-01 13:29:39,motorcycle
2024-10-01 13:29:39,truck
2024-10-01 13:29:39,car
2024-10-01 13:29:39,car
2024-10-01 13:29:39,car
2024-10-01 13:29:39,car
2024-10-01 13:29:39,car
2024-10-01 13:29:39,car
2024-10-01 13:29:39,car
2024-10-01 13:29:39,truck
2024-10-01 13:29:39,motorcycle
2024-10-01 13:29:39,car
2024-10-01 13:29:39,car
2024-10-01 13:29:39,car
2024-10-01 13:29:39,truck
2024-10-01 13:29:39,car
2024-10-01 13:29:39,car
2024-10-01 13:29:39,motorcycle
2024-10-01 13:31:06,car
2024-10-01 13:31:06,car
2024-10-01 13:31:07,car
2024-10-01 13:31:07,car
2024-10-01 13:31:07,car
2024-10-01 13:31:07,motorcycle
2024-10-01 13:31:07,car
2024-10-01 13:31:08,car
2024-10-01 13:31:08,motorcycle
2024-10-01 13:31:08,car
2024-10-01 13:31:08,car
2024-10-01 13:31:08,car
2024-10-01 13:31:08,car
2024-10-01 13:31:09,car
2024-10-01 13:31:09,car
2024-10-01 13:31:09,car
2024-10-01 13:31:09,motorcycle
2024-10-01 13:31:09,car
2024-10-01 13:31:09,car
2024-10-01 13:31:09,motorcycle
2024-10-01 13:31:10,car
2024-10-01 13:31:10,car
2024-10-01 13:31:10,motorcycle
2024-10-01 13:31:10,car
2024-10-01 13:31:10,motorcycle
2024-10-01 13:31:10,car
2024-10-01 13:31:10,motorcycle
2024-10-01 13:31:11,car
2024-10-01 13:31:11,motorcycle
2024-10-01 13:31:11,car
2024-10-01 13:31:11,motorcycle
2024-10-01 13:31:11,car
2024-10-01 13:31:11,motorcycle
2024-10-01 13:31:11,car
2024-10-01 13:31:11,car
2024-10-01 13:31:12,car
2024-10-01 13:31:12,car
2024-10-01 13:31:12,motorcycle
2024-10-01 13:31:12,car
2024-10-01 13:31:12,motorcycle
2024-10-01 13:31:12,car
2024-10-01 13:31:12,motorcycle
2024-10-01 13:31:13,car
2024-10-01 13:31:13,motorcycle
2024-10-01 13:31:13,motorcycle
2024-10-01 13:31:13,car
2024-10-01 13:31:13,car
2024-10-01 13:31:13,car
2024-10-01 13:31:14,car
2024-10-01 13:31:14,car
2024-10-01 13:31:14,car
2024-10-01 13:31:14,car
2024-10-01 13:31:14,car
2024-10-01 13:31:14,motorcycle
2024-10-01 13:31:14,car
2024-10-01 13:31:14,car
2024-10-01 13:31:14,motorcycle
2024-10-01 13:31:15,car
2024-10-01 13:31:15,car
2024-10-01 13:31:15,car
2024-10-01 13:31:15,motorcycle
2024-10-01 13:31:15,car
2024-10-01 13:31:15,car
2024-10-01 13:31:16,car
2024-10-01 13:31:16,car
2024-10-01 13:31:16,motorcycle
2024-10-01 13:31:16,car
2024-10-01 13:31:16,car
2024-10-01 13:31:17,car
2024-10-01 13:31:17,car
2024-10-01 13:31:17,car
2024-10-01 13:31:17,motorcycle
2024-10-01 13:31:17,car
2024-10-01 13:31:18,car
2024-10-01 13:31:18,motorcycle
2024-10-01 13:31:18,motorcycle
2024-10-01 13:31:18,car
2024-10-01 13:31:18,car
2024-10-01 13:31:18,car
2024-10-01 13:31:19,car
2024-10-01 13:31:19,car
2024-10-01 13:31:19,motorcycle
2024-10-01 13:31:19,motorcycle
2024-10-01 13:31:19,car
2024-10-01 13:31:19,motorcycle
2024-10-01 13:31:19,motorcycle
2024-10-01 13:31:19,car
2024-10-01 13:31:19,motorcycle
2024-10-01 13:31:19,motorcycle
2024-10-01 13:31:20,car
2024-10-01 13:31:20,car
2024-10-01 13:31:20,motorcycle
2024-10-01 13:31:20,car
2024-10-01 13:31:20,motorcycle
2024-10-01 13:31:20,car
2024-10-01 13:31:20,motorcycle
2024-10-01 13:31:21,car
2024-10-01 13:31:21,car
2024-10-01 13:31:22,car
2024-10-01 13:31:22,motorcycle
2024-10-01 13:31:22,car
2024-10-01 13:31:22,motorcycle
2024-10-01 13:31:22,motorcycle
2024-10-01 13:31:23,motorcycle
2024-10-01 13:31:24,motorcycle
2024-10-01 13:31:24,motorcycle
2024-10-01 13:31:25,motorcycle
2024-10-01 13:31:25,motorcycle
2024-10-01 13:31:25,motorcycle
2024-10-01 13:31:26,motorcycle
2024-10-01 13:31:26,motorcycle
2024-10-01 13:31:27,motorcycle
2024-10-01 13:31:28,motorcycle
2024-10-01 13:32:57,car
2024-10-01 13:32:58,car
2024-10-01 13:32:58,car
2024-10-01 13:32:59,car
2024-10-01 13:32:59,car
2024-10-01 13:33:01,car
2024-10-01 13:33:01,car
2024-10-01 13:33:02,car
2024-10-01 13:33:02,car
2024-10-01 13:33:03,car
2024-10-01 13:33:04,car
2024-10-01 13:33:05,car
2024-10-01 13:33:06,car
2024-10-01 13:33:07,car
2024-10-01 13:33:07,car
2024-10-01 13:33:08,car
2024-10-01 13:33:08,car
2024-10-01 13:33:10,car
2024-10-01 13:33:10,car
2024-10-01 13:33:10,car
2024-10-01 13:33:11,car
2024-10-01 13:33:11,car
2024-10-01 13:33:12,car
2024-10-01 13:33:12,car
2024-10-01 13:33:12,car
2024-10-01 13:33:13,car
2024-10-01 13:33:14,truck
2024-10-01 13:33:15,car
2024-10-01 13:33:15,car
2024-10-01 13:33:15,truck
2024-10-01 13:33:16,car
2024-10-01 13:33:16,truck
2024-10-01 13:33:17,car
2024-10-01 13:33:17,truck
2024-10-01 13:33:18,car
2024-10-01 13:33:18,car
2024-10-01 13:33:19,truck
2024-10-01 13:33:20,truck
2024-10-01 13:33:20,car
2024-10-01 13:33:21,truck
2024-10-01 13:33:21,car
2024-10-01 13:33:22,car
2024-10-01 13:33:22,car
2024-10-01 13:33:22,truck
2024-10-01 13:33:23,car
2024-10-01 13:33:23,truck
2024-10-01 13:33:24,truck
2024-10-01 13:33:24,car
2024-10-01 13:33:24,truck
2024-10-01 13:33:26,car
2024-10-01 13:33:26,car
2024-10-01 13:33:26,car
2024-10-01 13:33:26,car
2024-10-01 13:33:27,car
2024-10-01 13:33:27,car
2024-10-01 13:33:28,truck
2024-10-01 13:33:28,car
2024-10-01 13:33:29,car
2024-10-01 13:33:29,car
2024-10-01 13:33:29,car
2024-10-01 13:33:31,motorcycle
2024-10-01 13:33:31,motorcycle
2024-10-01 13:33:33,motorcycle
2024-10-01 13:33:33,car
2024-10-01 13:33:34,motorcycle
2024-10-01 13:33:35,motorcycle
2024-10-01 13:33:35,motorcycle
2024-10-01 13:33:36,motorcycle
2024-10-01 13:33:36,motorcycle
2024-10-01 13:33:37,motorcycle
2024-10-01 13:33:37,motorcycle
2024-10-01 13:33:39,car
2024-10-01 13:33:40,motorcycle
2024-10-01 13:34:19,car
2024-10-01 13:34:19,car
2024-10-01 13:34:19,truck
2024-10-01 13:34:20,car
2024-10-01 13:34:21,car
2024-10-01 13:34:22,car
2024-10-01 13:34:22,truck
2024-10-01 13:34:22,car
2024-10-01 13:34:22,car
2024-10-01 13:34:23,car
2024-10-01 13:34:23,car
2024-10-01 13:34:23,car
2024-10-01 13:34:24,truck
2024-10-01 13:34:25,car
2024-10-01 13:34:25,car
2024-10-01 13:34:25,motorcycle
2024-10-01 13:34:25,car
2024-10-01 13:34:26,car
2024-10-01 13:34:26,motorcycle
2024-10-01 13:34:26,car
2024-10-01 13:34:27,car
2024-10-01 13:34:27,motorcycle
2024-10-01 13:34:28,car
2024-10-01 13:34:28,car
2024-10-01 13:34:28,truck
2024-10-01 13:34:29,car
2024-10-01 13:35:33,car
2024-10-01 13:35:33,car
2024-10-01 13:35:33,car
2024-10-01 13:35:34,car
2024-10-01 13:35:34,car
2024-10-01 13:35:35,car
2024-10-01 13:35:36,car
2024-10-01 13:35:36,car
2024-10-01 13:35:36,car
2024-10-01 13:35:37,car
2024-10-01 13:35:37,car
2024-10-01 13:35:37,car
2024-10-01 13:35:37,car
2024-10-01 13:35:38,car
2024-10-01 13:35:39,car
2024-10-01 13:35:39,car
2024-10-01 13:35:39,car
2024-10-01 13:35:40,car
2024-10-01 13:35:40,car
2024-10-01 13:35:41,car
2024-10-01 13:35:41,car
2024-10-01 13:35:42,car
2024-10-01 13:35:43,car
2024-10-01 13:35:43,car
2024-10-01 13:35:44,car
2024-10-01 13:35:45,motorcycle
2024-10-01 13:35:45,car
2024-10-01 13:35:46,car
2024-10-01 13:35:46,motorcycle
2024-10-01 13:35:47,car
2024-10-01 13:35:47,car
2024-10-01 13:35:47,motorcycle
2024-10-01 13:35:47,motorcycle
2024-10-01 13:35:48,motorcycle
2024-10-01 13:37:13,car
2024-10-01 13:37:13,car
2024-10-01 13:37:13,car
2024-10-01 13:37:13,truck
2024-10-01 13:37:14,car
2024-10-01 13:37:14,car
2024-10-01 13:37:16,car
2024-10-01 13:37:16,car
2024-10-01 13:37:16,car
2024-10-01 13:37:16,motorcycle
2024-10-01 13:37:16,motorcycle
2024-10-01 13:37:17,car
2024-10-01 13:37:17,car
2024-10-01 13:37:18,car
2024-10-01 13:37:18,motorcycle
2024-10-01 13:37:18,motorcycle
2024-10-01 13:37:18,motorcycle
2024-10-01 13:37:19,car
2024-10-01 13:37:19,car
2024-10-01 13:37:20,car
2024-10-01 13:37:20,motorcycle
2024-10-01 13:37:20,car
2024-10-01 13:37:21,truck
2024-10-01 13:37:21,car
2024-10-01 13:37:21,car
2024-10-01 13:37:22,car
2024-10-01 13:37:23,car
2024-10-01 13:37:23,car
2024-10-01 13:37:24,car
2024-10-01 13:37:25,car
2024-10-01 13:37:26,car
2024-10-01 13:37:26,car
2024-10-01 13:37:26,car
2024-10-01 13:37:27,car
2024-10-01 13:37:28,motorcycle
2024-10-01 13:37:30,motorcycle
2024-10-01 13:37:30,car
2024-10-01 13:38:00,car
2024-10-01 13:38:00,car
2024-10-01 13:38:00,car
2024-10-01 13:38:00,car
2024-10-01 13:38:00,motorcycle
2024-10-01 13:38:01,car
2024-10-01 13:38:01,motorcycle
2024-10-01 13:38:01,car
2024-10-01 13:38:02,motorcycle
2024-10-01 13:38:02,motorcycle
2024-10-01 13:38:02,motorcycle
2024-10-01 13:38:03,car
2024-10-01 13:38:03,car
2024-10-01 13:38:03,motorcycle
2024-10-01 13:38:04,motorcycle
2024-10-01 13:38:04,motorcycle
2024-10-01 13:38:04,car
2024-10-01 13:38:04,motorcycle
2024-10-01 13:38:04,motorcycle
2024-10-01 13:38:05,motorcycle
2024-10-01 13:38:05,car
2024-10-01 13:38:05,motorcycle
2024-10-01 13:38:05,motorcycle
2024-10-01 13:38:05,motorcycle
2024-10-01 13:38:06,car
2024-10-01 13:38:06,car
2024-10-01 13:38:06,motorcycle
2024-10-01 13:38:06,motorcycle
2024-10-01 13:38:06,motorcycle
2024-10-01 13:38:06,motorcycle
2024-10-01 13:38:07,motorcycle
2024-10-01 13:38:07,car
2024-10-01 13:38:07,motorcycle
2024-10-01 13:38:07,motorcycle
2024-10-01 13:38:07,car
2024-10-01 13:38:08,car
2024-10-01 13:38:09,motorcycle
2024-10-01 13:38:09,car
2024-10-01 13:38:09,car
2024-10-01 13:38:10,car
2024-10-01 13:38:11,car
2024-10-01 13:38:11,motorcycle
2024-10-01 13:38:11,car
2024-10-01 13:38:11,car
2024-10-01 13:38:12,motorcycle
2024-10-01 13:38:12,car
2024-10-01 13:38:14,car
2024-10-01 13:38:14,motorcycle
2024-10-01 13:38:15,motorcycle
2024-10-01 13:38:15,car
2024-10-01 13:38:15,motorcycle
2024-10-01 13:38:16,motorcycle
2024-10-01 13:38:16,motorcycle
2024-10-01 13:38:16,motorcycle
2024-10-01 13:38:16,car
2024-10-01 13:38:17,motorcycle
2024-10-01 13:38:17,motorcycle
2024-10-01 13:38:17,car
2024-10-01 13:38:17,motorcycle
2024-10-01 13:38:17,car
2024-10-01 13:38:17,motorcycle
2024-10-01 13:38:17,motorcycle
2024-10-01 13:38:17,car
2024-10-01 13:38:18,motorcycle
2024-10-01 13:38:18,motorcycle
2024-10-01 13:38:18,motorcycle
2024-10-01 13:38:18,motorcycle
2024-10-01 13:38:19,motorcycle
2024-10-01 13:38:19,motorcycle
2024-10-01 13:38:19,motorcycle
2024-10-01 13:38:20,motorcycle
2024-10-01 13:38:20,motorcycle
2024-10-01 13:38:21,motorcycle
2024-10-01 13:38:21,motorcycle
2024-10-01 13:38:22,motorcycle
2024-10-01 13:38:22,motorcycle
2024-10-01 13:38:22,motorcycle
2024-10-01 13:38:22,car
2024-10-01 13:38:25,car
2024-10-01 13:38:28,motorcycle
2024-10-01 13:38:28,motorcycle
2024-10-01 13:38:29,motorcycle
2024-10-01 13:38:29,motorcycle
2024-10-01 13:38:29,motorcycle
2024-10-01 13:38:29,car
2024-10-01 13:38:30,motorcycle
2024-10-01 13:38:30,motorcycle
2024-10-01 13:38:30,motorcycle
2024-10-01 13:38:30,car
2024-10-01 13:38:31,car
2024-10-01 13:38:31,motorcycle
2024-10-01 13:38:31,motorcycle
2024-10-01 13:38:32,motorcycle
2024-10-01 13:38:32,motorcycle
2024-10-01 13:38:32,motorcycle
2024-10-01 13:38:32,motorcycle
2024-10-01 13:38:33,motorcycle
2024-10-01 13:38:33,car
2024-10-01 13:38:34,motorcycle
2024-10-01 13:38:35,car
2024-10-01 13:38:35,motorcycle
2024-10-01 13:38:36,car
2024-10-01 13:38:36,motorcycle
2024-10-01 13:38:37,car
2024-10-01 13:38:37,motorcycle
2024-10-01 13:38:37,motorcycle
2024-10-01 13:38:37,motorcycle
2024-10-01 13:38:38,motorcycle
2024-10-01 13:38:38,motorcycle
2024-10-01 13:38:39,car
2024-10-01 13:38:39,motorcycle
2024-10-01 13:38:40,motorcycle
2024-10-01 13:38:40,car
2024-10-01 13:38:40,motorcycle
2024-10-01 13:38:41,car
2024-10-01 13:38:42,car
2024-10-01 13:38:44,car
2024-10-01 13:38:46,truck
2024-10-01 13:38:46,car
2024-10-01 13:38:46,car
2024-10-01 13:38:47,car
2024-10-01 13:38:49,car
2024-10-01 13:38:49,car
2024-10-01 13:38:51,car
2024-10-01 13:38:52,truck
2024-10-01 13:38:53,motorcycle
2024-10-01 13:38:53,truck
2024-10-01 13:38:53,motorcycle
2024-10-01 13:38:53,car
2024-10-01 13:38:54,motorcycle
2024-10-01 13:38:54,car
2024-10-01 13:38:54,motorcycle
2024-10-01 13:38:54,truck
2024-10-01 13:38:55,motorcycle
2024-10-01 13:38:55,motorcycle
2024-10-01 13:38:56,motorcycle
2024-10-01 13:38:56,motorcycle
2024-10-01 13:38:57,car
2024-10-01 13:38:57,car
2024-10-01 13:38:57,truck
2024-10-01 13:38:57,motorcycle
2024-10-01 13:38:59,motorcycle
2024-10-01 13:39:00,motorcycle
2024-10-01 13:39:01,motorcycle
2024-10-01 13:39:02,motorcycle
2024-10-01 13:39:02,car
2024-10-01 13:39:03,car
2024-10-01 13:39:03,motorcycle
2024-10-01 13:39:05,car
2024-10-01 13:39:05,car
2024-10-01 13:39:06,car
2024-10-01 13:39:06,motorcycle
2024-10-01 13:39:06,motorcycle
2024-10-01 13:39:07,motorcycle
2024-10-01 13:39:07,car
2024-10-01 13:39:07,motorcycle
2024-10-01 13:39:07,car
2024-10-01 13:39:07,car
2024-10-01 13:39:07,car
2024-10-01 13:39:08,motorcycle
2024-10-01 13:39:09,car
2024-10-01 13:39:11,car
2024-10-01 13:39:11,car
2024-10-01 13:39:11,car
2024-10-01 13:39:11,motorcycle
2024-10-01 13:39:12,motorcycle
2024-10-01 13:39:12,motorcycle
2024-10-01 13:39:12,car
2024-10-01 13:39:14,car
2024-10-01 13:39:15,car
2024-10-01 13:39:16,car
2024-10-01 13:39:17,motorcycle
2024-10-01 13:39:17,car
2024-10-01 13:39:17,motorcycle
2024-10-01 13:39:18,motorcycle
2024-10-01 13:39:18,car
2024-10-01 13:39:18,motorcycle
2024-10-01 13:39:19,car
2024-10-01 13:39:19,motorcycle
2024-10-01 13:39:19,motorcycle
2024-10-01 13:39:19,motorcycle
2024-10-01 13:39:20,motorcycle
2024-10-01 13:39:24,motorcycle
2024-10-01 13:39:27,car
2024-10-01 13:39:27,car
2024-10-01 13:39:29,motorcycle
2024-10-01 13:39:31,car
2024-10-01 13:39:31,car
2024-10-01 13:39:32,motorcycle
2024-10-01 13:39:32,motorcycle
2024-10-01 13:39:33,motorcycle
2024-10-01 13:39:34,motorcycle
2024-10-01 13:39:34,motorcycle
2024-10-01 13:39:34,motorcycle
2024-10-01 13:39:35,motorcycle
2024-10-01 13:39:35,motorcycle
2024-10-01 13:42:05,car
2024-10-01 13:42:05,car
2024-10-01 13:42:05,car
2024-10-01 13:42:05,car
2024-10-01 13:42:05,car
2024-10-01 13:42:05,car
2024-10-01 13:42:05,car
2024-10-01 13:42:05,car
2024-10-01 13:42:05,car
2024-10-01 13:42:05,car
2024-10-01 13:42:06,car
2024-10-01 13:42:06,car
2024-10-01 13:42:06,car
2024-10-01 13:42:06,car
2024-10-01 13:42:06,car
2024-10-01 13:42:06,car
2024-10-01 13:42:06,car
2024-10-01 13:42:06,car
2024-10-01 13:42:06,truck
2024-10-01 13:42:06,car
2024-10-01 13:42:07,car
2024-10-01 13:42:07,car
2024-10-01 13:42:07,car
2024-10-01 13:42:07,car
2024-10-01 13:42:07,car
2024-10-01 13:42:07,car
2024-10-01 13:42:07,car
2024-10-01 13:42:07,truck
2024-10-01 13:42:07,car
2024-10-01 13:42:07,car
2024-10-01 13:42:07,car
2024-10-01 13:42:08,truck
2024-10-01 13:42:08,car
2024-10-01 13:42:08,car
2024-10-01 13:42:08,car
2024-10-01 13:42:08,car
2024-10-01 13:42:08,car
2024-10-01 13:42:08,car
2024-10-01 13:42:08,car
2024-10-01 13:42:08,car
2024-10-01 13:42:08,car
2024-10-01 13:42:08,car
2024-10-01 13:42:08,car
2024-10-01 13:42:09,car
2024-10-01 13:42:09,car
2024-10-01 13:42:09,car
2024-10-01 13:42:09,car
2024-10-01 13:42:09,car
2024-10-01 13:42:10,car
2024-10-01 13:42:10,car
2024-10-01 13:42:11,car
2024-10-01 13:42:11,car
2024-10-01 13:42:11,car
2024-10-01 13:42:12,car
2024-10-01 13:42:12,car
2024-10-01 13:42:12,car
2024-10-01 13:42:12,car
2024-10-01 13:42:13,car
2024-10-01 13:42:13,car
2024-10-01 13:42:15,car
2024-10-01 13:42:16,car
2024-10-01 13:42:16,car
2024-10-01 13:42:17,car
2024-10-01 13:42:17,car
2024-10-01 13:43:10,car
2024-10-01 13:43:10,car
2024-10-01 13:43:10,car
2024-10-01 13:43:10,truck
2024-10-01 13:43:10,car
2024-10-01 13:43:10,car
2024-10-01 13:43:10,car
2024-10-01 13:43:10,car
2024-10-01 13:43:11,car
2024-10-01 13:43:11,truck
2024-10-01 13:43:11,car
2024-10-01 13:43:11,car
2024-10-01 13:43:11,car
2024-10-01 13:43:11,car
2024-10-01 13:43:11,car
2024-10-01 13:43:11,car
2024-10-01 13:43:11,car
2024-10-01 13:43:11,car
2024-10-01 13:43:11,car
2024-10-01 13:43:11,car
2024-10-01 13:43:11,car
2024-10-01 13:43:12,car
2024-10-01 13:43:12,car
2024-10-01 13:43:12,car
2024-10-01 13:43:12,car
2024-10-01 13:43:12,car
2024-10-01 13:43:12,car
2024-10-01 13:43:12,car
2024-10-01 13:43:13,car
2024-10-01 13:43:13,car
2024-10-01 13:43:13,car
2024-10-01 13:43:13,car
2024-10-01 13:43:13,car
2024-10-01 13:43:13,car
2024-10-01 13:43:13,car
2024-10-01 13:43:13,car
2024-10-01 13:43:13,car
2024-10-01 13:43:13,car
2024-10-01 13:43:14,car
2024-10-01 13:43:14,car
2024-10-01 13:43:14,car
2024-10-01 13:43:14,car
2024-10-01 13:43:14,car
2024-10-01 13:43:14,car
2024-10-01 13:43:14,car
2024-10-01 13:43:14,car
2024-10-01 13:43:14,car
2024-10-01 13:43:14,car
2024-10-01 13:43:14,car
2024-10-01 13:43:15,car
2024-10-01 13:43:15,car
2024-10-01 13:43:15,car
2024-10-01 13:43:15,car
2024-10-01 13:43:15,car
2024-10-01 13:43:16,car
2024-10-01 13:43:16,car
2024-10-01 13:43:16,car
2024-10-01 13:43:16,car
2024-10-01 13:43:18,car
2024-10-01 13:43:18,car
2024-10-01 13:43:18,car
2024-10-01 13:43:19,car
2024-10-01 13:43:20,car
2024-10-01 13:43:20,car
2024-10-01 13:43:21,car
2024-10-01 13:43:21,car
2024-10-01 13:43:22,car
2024-10-01 13:43:23,car
2024-10-01 13:43:24,car
2024-10-01 13:43:25,car
2024-10-01 13:43:25,car
2024-10-01 13:43:25,truck
2024-10-01 13:43:26,car
2024-10-01 13:43:26,car
2024-10-01 13:43:27,car
2024-10-01 13:43:27,car
2024-10-01 13:43:28,car
2024-10-01 13:43:36,car
2024-10-01 13:43:36,car
2024-10-01 13:43:36,car
2024-10-01 13:43:36,car
2024-10-01 13:43:36,car
2024-10-01 13:43:36,car
2024-10-01 13:43:36,truck
2024-10-01 13:43:36,car
2024-10-01 13:43:36,car
2024-10-01 13:43:36,car
2024-10-01 13:43:36,car
2024-10-01 13:43:36,car
2024-10-01 13:43:36,truck
2024-10-01 13:43:37,car
2024-10-01 13:43:37,car
2024-10-01 13:43:37,car
2024-10-01 13:43:37,car
2024-10-01 13:43:37,car
2024-10-01 13:43:37,truck
2024-10-01 13:43:37,car
2024-10-01 13:43:37,car
2024-10-01 13:43:37,car
2024-10-01 13:43:37,car
2024-10-01 13:43:38,truck
2024-10-01 13:43:38,truck
2024-10-01 13:43:38,car
2024-10-01 13:43:38,car
2024-10-01 13:43:38,car
2024-10-01 13:43:38,car
2024-10-01 13:43:38,car
2024-10-01 13:43:38,truck
2024-10-01 13:43:38,truck
2024-10-01 13:43:38,truck
2024-10-01 13:43:39,car
2024-10-01 13:43:39,car
2024-10-01 13:43:39,car
2024-10-01 13:43:39,truck
2024-10-01 13:43:39,truck
2024-10-01 13:43:39,car
2024-10-01 13:43:39,car
2024-10-01 13:43:40,truck
2024-10-01 13:43:40,car
2024-10-01 13:43:40,car
2024-10-01 13:43:40,car
2024-10-01 13:43:40,car
2024-10-01 13:43:40,truck
2024-10-01 13:43:40,car
2024-10-01 13:43:40,truck
2024-10-01 13:43:40,car
2024-10-01 13:43:40,car
2024-10-01 13:43:41,car
2024-10-01 13:43:41,car
2024-10-01 13:43:41,car
2024-10-01 13:43:41,car
2024-10-01 13:43:41,car
2024-10-01 13:43:41,car
2024-10-01 13:43:41,truck
2024-10-01 13:43:41,car
2024-10-01 13:43:41,car
2024-10-01 13:43:41,car
2024-10-01 13:43:41,car
2024-10-01 13:43:41,truck
2024-10-01 13:43:42,truck
2024-10-01 13:43:42,car
2024-10-01 13:43:42,car
2024-10-01 13:43:42,car
2024-10-01 13:43:42,car
2024-10-01 13:43:43,car
2024-10-01 13:43:43,truck
2024-10-01 13:43:43,car
2024-10-01 13:43:43,truck
2024-10-01 13:43:43,car
2024-10-01 13:43:43,car
2024-10-01 13:43:43,car
2024-10-01 13:43:43,car
2024-10-01 13:43:43,car
2024-10-01 13:43:43,truck
2024-10-01 13:43:44,car
2024-10-01 13:43:44,truck
2024-10-01 13:43:44,car
2024-10-01 13:43:44,truck
2024-10-01 13:43:45,car
2024-10-01 13:43:45,car
2024-10-01 13:43:45,car
2024-10-01 13:43:45,car
2024-10-01 13:43:45,truck
2024-10-01 13:43:45,truck
2024-10-01 13:43:46,car
2024-10-01 13:43:46,car
2024-10-01 13:43:46,car
2024-10-01 13:43:46,truck
2024-10-01 13:43:47,truck
2024-10-01 13:43:47,motorcycle
2024-10-01 13:43:47,truck
2024-10-01 13:43:47,truck
2024-10-01 13:43:48,truck
2024-10-01 13:43:48,car
2024-10-01 13:43:48,car
2024-10-01 13:43:49,motorcycle
2024-10-01 13:43:49,car
2024-10-01 13:43:49,motorcycle
2024-10-01 13:43:49,motorcycle
2024-10-01 13:43:49,motorcycle
2024-10-01 13:43:49,motorcycle
2024-10-01 13:43:49,motorcycle
2024-10-01 13:43:49,truck
2024-10-01 13:43:49,motorcycle
2024-10-01 13:43:49,motorcycle
2024-10-01 13:43:50,motorcycle
2024-10-01 13:43:50,motorcycle
2024-10-01 13:43:50,motorcycle
2024-10-01 13:43:50,car
2024-10-01 13:43:51,motorcycle
2024-10-01 13:43:51,motorcycle
2024-10-01 13:43:51,car
2024-10-01 13:43:52,truck
2024-10-01 13:43:52,car
2024-10-01 13:43:54,car
2024-10-01 13:43:55,car
2024-10-01 13:43:55,car
2024-10-01 13:43:56,truck
2024-10-01 13:43:56,car
2024-10-01 13:43:56,car
2024-10-01 13:43:58,car
2024-10-01 13:43:58,motorcycle
2024-10-01 13:43:58,motorcycle
2024-10-01 13:43:59,car
2024-10-01 13:43:59,car
2024-10-01 13:44:00,car
2024-10-01 13:44:00,car
2024-10-01 13:44:01,car
2024-10-01 13:44:03,car
2024-10-01 13:44:03,car
2024-10-01 13:44:04,car
2024-10-01 13:44:05,car
2024-10-01 13:44:06,car
2024-10-01 13:44:06,car
2024-10-01 13:44:06,car
2024-10-01 13:44:07,car
2024-10-01 13:44:07,car
2024-10-01 13:44:07,car
2024-10-01 13:44:07,car
2024-10-01 13:44:08,car
2024-10-01 13:44:09,car
2024-10-01 13:44:10,car
2024-10-01 13:44:10,car
2024-10-01 13:44:10,car
2024-10-01 13:44:11,car
2024-10-01 13:44:11,motorcycle
2024-10-01 13:44:11,motorcycle
2024-10-01 13:44:12,car
2024-10-01 13:44:12,motorcycle
2024-10-01 13:44:13,motorcycle
2024-10-01 13:44:13,motorcycle
2024-10-01 13:44:13,motorcycle
2024-10-01 13:44:13,car
2024-10-01 13:44:13,motorcycle
2024-10-01 13:44:14,car
2024-10-01 13:44:14,motorcycle
2024-10-01 13:44:14,motorcycle
2024-10-01 13:44:14,motorcycle
2024-10-01 13:44:14,motorcycle
2024-10-01 13:44:14,motorcycle
2024-10-01 13:44:15,motorcycle
2024-10-01 13:44:15,motorcycle
2024-10-01 13:44:15,motorcycle
2024-10-01 13:44:15,motorcycle
2024-10-01 13:44:15,motorcycle
2024-10-01 13:44:15,motorcycle
2024-10-01 13:44:15,motorcycle
2024-10-01 13:44:16,motorcycle
2024-10-01 13:44:16,motorcycle
2024-10-01 13:44:16,motorcycle
2024-10-01 13:44:16,motorcycle
2024-10-01 13:44:16,truck
2024-10-01 13:44:16,motorcycle
2024-10-01 13:44:16,car
2024-10-01 13:44:16,motorcycle
2024-10-01 13:44:17,motorcycle
2024-10-01 13:44:17,motorcycle
2024-10-01 13:44:17,car
2024-10-01 13:44:17,motorcycle
2024-10-01 13:44:17,motorcycle
2024-10-01 13:44:17,motorcycle
2024-10-01 13:44:17,motorcycle
2024-10-01 13:44:17,motorcycle
2024-10-01 13:44:18,car
2024-10-01 13:44:18,motorcycle
2024-10-01 13:44:18,motorcycle
2024-10-01 13:44:19,motorcycle
2024-10-01 13:44:19,motorcycle
2024-10-01 13:44:19,car
2024-10-01 13:44:20,motorcycle
2024-10-01 13:44:20,car
2024-10-01 13:44:20,car
2024-10-01 13:44:20,car
2024-10-01 13:44:21,truck
2024-10-01 13:44:21,motorcycle
2024-10-01 13:47:17,car
2024-10-01 13:47:17,car
2024-10-01 13:47:17,car
2024-10-01 13:47:17,car
2024-10-01 13:47:17,car
2024-10-01 13:47:18,car
2024-10-01 13:47:18,car
2024-10-01 13:47:18,car
2024-10-01 13:47:18,car
2024-10-01 13:47:18,car
2024-10-01 13:47:18,car
2024-10-01 13:47:18,car
2024-10-01 13:47:18,car
2024-10-01 13:47:18,car
2024-10-01 13:47:18,car
2024-10-01 13:47:18,car
2024-10-01 13:47:18,car
2024-10-01 13:47:18,car
2024-10-01 13:47:19,car
2024-10-01 13:47:19,car
2024-10-01 13:47:19,car
2024-10-01 13:47:19,car
2024-10-01 13:47:19,car
2024-10-01 13:47:20,car
2024-10-01 13:47:20,car
2024-10-01 13:47:20,car
2024-10-01 13:47:20,car
2024-10-01 13:47:20,car
2024-10-01 13:47:20,car
2024-10-01 13:47:20,car
2024-10-01 13:47:20,car
2024-10-01 13:47:20,car
2024-10-01 13:47:21,car
2024-10-01 13:47:21,car
2024-10-01 13:47:21,car
2024-10-01 13:47:21,car
2024-10-01 13:47:21,car
2024-10-01 13:47:21,car
2024-10-01 13:47:21,car
2024-10-01 13:47:21,car
2024-10-01 13:47:22,car
2024-10-01 13:47:22,car
2024-10-01 13:47:22,car
2024-10-01 13:47:23,car
2024-10-01 13:47:23,car
2024-10-01 13:47:23,car
2024-10-01 13:47:24,car
2024-10-01 13:47:24,car
2024-10-01 13:47:24,car
2024-10-01 13:47:25,car
2024-10-01 13:47:26,car
2024-10-01 13:47:27,car
2024-10-01 13:47:28,car
2024-10-01 13:47:28,car
2024-10-01 13:47:28,car
2024-10-01 13:47:29,car
2024-10-01 13:47:29,car
2024-10-01 13:47:29,car
2024-10-01 13:47:33,truck
2024-10-01 13:47:33,car
2024-10-01 13:50:45,car
2024-10-01 13:50:45,car
2024-10-01 13:50:47,car
2024-10-01 13:50:47,motorcycle
2024-10-01 13:50:47,motorcycle
2024-10-01 13:50:48,car
2024-10-01 13:50:48,car
2024-10-01 13:50:48,car
2024-10-01 13:50:48,motorcycle
2024-10-01 13:50:49,motorcycle
2024-10-01 13:50:50,car
2024-10-01 13:50:50,motorcycle
2024-10-01 13:50:52,car
2024-10-01 13:50:52,car
2024-10-01 13:50:53,car
2024-10-01 13:50:54,motorcycle
2024-10-01 13:50:54,motorcycle
2024-10-01 13:50:55,car
2024-10-01 13:50:55,car
2024-10-01 13:50:56,motorcycle
2024-10-01 13:50:57,car
2024-10-01 13:50:58,car
2024-10-01 13:50:58,car
2024-10-01 13:50:59,car
2024-10-01 13:51:00,car
2024-10-01 13:51:01,car
2024-10-01 13:51:02,car
2024-10-01 13:51:02,car
2024-10-01 13:51:03,motorcycle
2024-10-01 13:51:04,car
2024-10-01 13:51:04,car
2024-10-01 13:51:04,car
2024-10-01 13:51:04,truck
2024-10-01 13:51:05,car
2024-10-01 13:51:06,motorcycle
2024-10-01 13:51:07,car
2024-10-01 13:51:08,motorcycle
2024-10-01 13:51:09,car
2024-10-01 13:51:09,motorcycle
2024-10-01 13:51:09,motorcycle
2024-10-01 13:51:09,car
2024-10-01 13:51:10,car
2024-10-01 13:51:10,motorcycle
2024-10-01 13:51:10,car
2024-10-01 13:51:12,car
2024-10-01 13:51:12,car
2024-10-01 13:51:12,motorcycle
2024-10-01 13:51:12,motorcycle
2024-10-01 13:51:13,car
2024-10-01 13:51:13,motorcycle
2024-10-01 13:51:13,motorcycle
2024-10-01 13:51:13,motorcycle
2024-10-01 13:51:14,car
2024-10-01 13:51:14,car
2024-10-01 13:51:15,car
2024-10-01 13:51:15,car
2024-10-01 13:51:16,car
2024-10-01 13:51:16,car
2024-10-01 13:51:16,car
2024-10-01 13:51:17,car
2024-10-01 13:51:18,car
2024-10-01 13:51:20,car
2024-10-01 13:51:20,car
2024-10-01 13:51:20,motorcycle
2024-10-01 13:51:22,motorcycle
2024-10-01 13:51:22,car
2024-10-01 13:51:23,motorcycle
2024-10-01 13:51:23,car
2024-10-01 13:51:23,car
2024-10-01 13:51:24,motorcycle
2024-10-01 13:51:24,car
2024-10-01 13:51:26,car
2024-10-01 13:51:27,car
2024-10-01 13:51:29,car
2024-10-01 13:51:29,motorcycle
2024-10-01 13:51:29,motorcycle
2024-10-01 13:51:29,car
2024-10-01 13:51:29,car
2024-10-01 13:51:29,motorcycle
2024-10-01 13:51:31,car
2024-10-01 13:51:32,motorcycle
2024-10-01 13:51:35,motorcycle
2024-10-01 13:51:37,car
2024-10-01 13:51:37,motorcycle
2024-10-01 13:51:38,car
2024-10-01 13:51:38,motorcycle
2024-10-01 13:51:43,car
2024-10-01 13:51:45,motorcycle
2024-10-01 13:51:49,car
2024-10-01 13:51:49,motorcycle
2024-10-01 13:51:49,motorcycle
2024-10-01 13:51:50,motorcycle
2024-10-01 13:51:51,motorcycle
2024-10-01 13:51:51,motorcycle
2024-10-01 13:51:52,motorcycle
2024-10-01 13:51:53,motorcycle
2024-10-01 13:51:53,motorcycle
2024-10-01 13:52:00,car
2024-10-01 13:52:00,car
2024-10-01 13:52:07,motorcycle
2024-10-01 13:52:09,motorcycle
2024-10-01 13:52:14,motorcycle
2024-10-01 13:52:17,motorcycle
2024-10-01 13:52:23,motorcycle
2024-10-01 13:52:27,motorcycle
2024-10-01 13:52:28,motorcycle
2024-10-01 13:52:34,car
2024-10-01 13:52:35,car
2024-10-01 13:52:37,car
2024-10-01 13:52:37,car
2024-10-01 13:52:41,car
2024-10-01 13:52:42,car
2024-10-01 13:52:43,car
2024-10-01 13:52:46,car
2024-10-01 13:52:47,car
2024-10-01 13:52:48,car
2024-10-01 13:52:49,truck
2024-10-01 13:52:50,car
2024-10-01 13:52:51,car
2024-10-01 13:52:51,car
2024-10-01 13:52:52,car
2024-10-01 13:52:52,car
2024-10-01 13:52:53,car
2024-10-01 13:52:54,car
2024-10-01 13:52:59,car
2024-10-01 13:53:01,car
2024-10-01 13:53:03,car
2024-10-01 13:53:04,car
2024-10-01 13:53:05,car
2024-10-01 13:53:07,car
2024-10-01 13:53:07,car
2024-10-01 13:53:12,car
2024-10-01 13:53:18,car
2024-10-01 13:56:33,car
2024-10-01 13:56:33,car
2024-10-01 13:56:33,car
2024-10-01 13:56:33,car
2024-10-01 13:56:33,car
2024-10-01 13:56:33,car
2024-10-01 13:56:33,car
2024-10-01 13:56:33,car
2024-10-01 13:56:33,car
2024-10-01 13:56:33,car
2024-10-01 13:56:33,car
2024-10-01 13:56:33,car
2024-10-01 13:56:33,car
2024-10-01 13:56:33,car
2024-10-01 13:56:33,car
2024-10-01 13:56:33,car
2024-10-01 13:56:33,car
2024-10-01 13:56:33,car
2024-10-01 13:56:33,car
2024-10-01 13:56:34,car
2024-10-01 13:56:34,car
2024-10-01 13:56:34,car
2024-10-01 13:56:34,car
2024-10-01 13:56:34,car
2024-10-01 13:56:34,car
2024-10-01 13:56:34,car
2024-10-01 13:56:34,car
2024-10-01 13:56:34,car
2024-10-01 13:56:34,car
2024-10-01 13:56:34,car
2024-10-01 13:56:34,car
2024-10-01 13:56:34,car
2024-10-01 13:56:34,car
2024-10-01 13:56:34,car
2024-10-01 13:56:35,car
2024-10-01 13:56:35,car
2024-10-01 13:56:35,car
2024-10-01 13:56:35,car
2024-10-01 13:56:35,car
2024-10-01 13:56:35,car
2024-10-01 13:56:35,car
2024-10-01 13:56:35,car
2024-10-01 13:56:35,car
2024-10-01 13:56:35,car
2024-10-01 13:56:35,car
2024-10-01 13:56:35,car
2024-10-01 13:56:35,car
2024-10-01 13:56:35,car
2024-10-01 13:56:35,car
2024-10-01 13:56:35,car
2024-10-01 13:56:35,car
2024-10-01 13:56:35,car
2024-10-01 13:56:35,car
2024-10-01 13:56:35,car
2024-10-01 13:56:35,car
2024-10-01 13:56:35,car
2024-10-01 13:56:35,car
2024-10-01 13:56:36,car
2024-10-01 13:56:36,car
2024-10-01 13:56:36,car
2024-10-01 13:56:36,car
2024-10-01 13:56:36,car
2024-10-01 13:56:36,car
2024-10-01 13:56:36,car
2024-10-01 13:56:36,car
2024-10-01 13:56:36,car
2024-10-01 13:56:36,car
2024-10-01 13:56:36,car
2024-10-01 13:56:36,car
2024-10-01 13:56:36,car
2024-10-01 13:56:36,car
2024-10-01 13:56:36,car
2024-10-01 13:56:36,car
2024-10-01 13:56:36,car
2024-10-01 13:56:37,car
2024-10-01 13:56:37,car
2024-10-01 13:56:37,car
2024-10-01 13:56:37,car
2024-10-01 13:56:37,car
2024-10-01 13:56:37,car
2024-10-01 13:56:37,car
2024-10-01 13:56:37,car
2024-10-01 13:56:37,car
2024-10-01 13:56:38,car
2024-10-01 13:56:38,car
2024-10-01 13:56:38,car
2024-10-01 13:56:38,car
2024-10-01 13:56:38,car
2024-10-01 13:56:38,car
2024-10-01 13:56:38,car
2024-10-01 13:56:38,car
2024-10-01 13:56:38,car
2024-10-01 13:56:38,car
2024-10-01 13:56:38,car
2024-10-01 13:56:39,car
2024-10-01 13:56:39,car
2024-10-01 13:56:39,car
2024-10-01 13:56:39,car
2024-10-01 13:56:39,car
2024-10-01 13:56:39,car
2024-10-01 13:56:39,car
2024-10-01 13:56:39,car
2024-10-01 13:56:39,car
2024-10-01 13:56:39,car
2024-10-01 13:56:39,car
2024-10-01 13:56:39,car
2024-10-01 13:56:39,car
2024-10-01 13:56:39,car
2024-10-01 13:56:39,car
2024-10-01 13:56:39,car
2024-10-01 13:56:39,car
2024-10-01 13:56:39,car
2024-10-01 13:56:40,car
2024-10-01 13:56:40,car
2024-10-01 13:56:40,car
2024-10-01 13:56:40,car
2024-10-01 13:56:40,car
2024-10-01 13:56:40,car
2024-10-01 13:56:40,car
2024-10-01 13:56:40,car
2024-10-01 13:56:41,car
2024-10-01 13:56:41,car
2024-10-01 13:56:41,car
2024-10-01 13:56:41,car
2024-10-01 13:56:41,car
2024-10-01 13:56:41,car
2024-10-01 13:56:41,car
2024-10-01 13:56:41,car
2024-10-01 13:56:42,car
2024-10-01 13:56:42,car
2024-10-01 13:56:42,car
2024-10-01 13:56:42,car
2024-10-01 13:56:42,car
2024-10-01 13:56:42,car
2024-10-01 13:56:42,car
2024-10-01 13:56:42,car
2024-10-01 13:56:42,car
2024-10-01 13:56:43,car
2024-10-01 13:56:43,car
2024-10-01 13:56:43,car
2024-10-01 13:56:43,car
2024-10-01 13:56:43,car
2024-10-01 13:56:43,car
2024-10-01 13:56:43,car
2024-10-01 13:56:43,car
2024-10-01 13:56:43,car
2024-10-01 13:56:43,car
2024-10-01 13:56:43,car
2024-10-01 13:56:43,car
2024-10-01 13:56:43,car
2024-10-01 13:56:43,car
2024-10-01 13:56:44,car
2024-10-01 13:56:44,car
2024-10-01 13:56:44,car
2024-10-01 13:56:44,car
2024-10-01 13:56:44,car
2024-10-01 13:56:44,car
2024-10-01 13:56:44,car
2024-10-01 13:56:44,car
2024-10-01 13:56:44,car
2024-10-01 13:56:44,car
2024-10-01 13:56:44,car
2024-10-01 13:56:44,car
2024-10-01 13:56:44,car
2024-10-01 13:56:44,car
2024-10-01 13:56:45,car
2024-10-01 13:56:45,car
2024-10-01 13:56:45,car
2024-10-01 13:56:45,car
2024-10-01 13:56:45,car
2024-10-01 13:56:45,car
2024-10-01 13:56:45,car
2024-10-01 13:56:45,car
2024-10-01 13:56:45,car
2024-10-01 13:56:45,car
2024-10-01 13:56:45,car
2024-10-01 13:56:45,car
2024-10-01 13:56:45,car
2024-10-01 13:56:45,car
2024-10-01 13:56:45,car
2024-10-01 13:56:45,car
2024-10-01 13:56:45,car
2024-10-01 13:56:45,car
2024-10-01 13:56:46,car
2024-10-01 13:56:46,car
2024-10-01 13:56:46,car
2024-10-01 13:56:46,car
2024-10-01 13:56:46,car
2024-10-01 13:56:46,car
2024-10-01 13:56:46,car
2024-10-01 13:56:46,car
2024-10-01 13:56:46,car
2024-10-01 13:56:46,car
2024-10-01 13:56:47,car
2024-10-01 13:56:47,car
2024-10-01 13:56:47,car
2024-10-01 13:56:47,car
2024-10-01 13:56:47,car
2024-10-01 13:56:48,car
2024-10-01 13:56:48,car
2024-10-01 13:56:48,car
2024-10-01 13:56:48,car
2024-10-01 13:56:48,car
2024-10-01 13:56:48,car
2024-10-01 13:56:49,car
2024-10-01 13:56:49,car
2024-10-01 13:56:49,car
2024-10-01 13:56:49,car
2024-10-01 13:56:49,car
2024-10-01 13:56:49,car
2024-10-01 13:56:49,car
2024-10-01 13:56:49,car
2024-10-01 13:56:49,car
2024-10-01 13:56:49,car
2024-10-01 13:56:50,car
2024-10-01 13:56:50,car
2024-10-01 13:56:50,car
2024-10-01 13:56:50,car
2024-10-01 13:56:50,car
2024-10-01 13:56:50,car
2024-10-01 13:56:50,car
2024-10-01 13:56:50,car
2024-10-01 13:56:50,car
2024-10-01 13:56:50,car
2024-10-01 13:56:50,car
2024-10-01 13:56:50,car
2024-10-01 13:56:50,car
2024-10-01 13:56:51,car
2024-10-01 13:56:51,car
2024-10-01 13:56:51,car
2024-10-01 13:56:51,car
2024-10-01 13:56:51,car
2024-10-01 13:56:51,car
2024-10-01 13:56:51,car
2024-10-01 13:56:51,car
2024-10-01 13:56:51,car
2024-10-01 13:56:51,car
2024-10-01 13:56:51,car
2024-10-01 13:56:51,car
2024-10-01 13:56:51,car
2024-10-01 13:56:51,car
2024-10-01 13:56:51,car
2024-10-01 13:56:52,car
2024-10-01 13:56:52,car
2024-10-01 13:56:52,car
2024-10-01 13:56:52,truck
2024-10-01 13:56:52,car
2024-10-01 13:56:52,car
2024-10-01 13:56:52,car
2024-10-01 13:56:52,car
2024-10-01 13:56:52,car
2024-10-01 13:56:52,truck
2024-10-01 13:56:52,car
2024-10-01 13:56:52,car
2024-10-01 13:56:52,truck
2024-10-01 13:56:52,car
2024-10-01 13:56:52,car
2024-10-01 13:56:52,car
2024-10-01 13:56:52,car
2024-10-01 13:56:52,car
2024-10-01 13:56:52,car
2024-10-01 13:56:52,truck
2024-10-01 13:56:53,truck
2024-10-01 13:56:53,car
2024-10-01 13:56:53,car
2024-10-01 13:56:53,car
2024-10-01 13:56:53,truck
2024-10-01 13:56:53,car
2024-10-01 13:56:53,car
2024-10-01 13:56:53,car
2024-10-01 13:56:53,truck
2024-10-01 13:56:53,car
2024-10-01 13:56:54,truck
2024-10-01 13:56:54,truck
2024-10-01 13:56:54,car
2024-10-01 13:56:54,car
2024-10-01 13:56:54,car
2024-10-01 13:56:54,car
2024-10-01 13:56:54,car
2024-10-01 13:56:55,car
2024-10-01 13:56:55,car
2024-10-01 13:56:56,car
2024-10-01 13:56:56,car
2024-10-01 13:56:56,car
2024-10-01 13:56:56,car
2024-10-01 13:56:56,car
2024-10-01 13:56:56,car
2024-10-01 13:56:57,car
2024-10-01 13:56:57,car
2024-10-01 13:56:57,car
2024-10-01 13:56:57,truck
2024-10-01 13:56:57,car
2024-10-01 13:56:57,car
2024-10-01 13:56:57,truck
2024-10-01 13:56:57,truck
2024-10-01 13:56:57,car
2024-10-01 13:56:57,car
2024-10-01 13:56:58,truck
2024-10-01 13:56:58,car
2024-10-01 13:56:58,car
2024-10-01 13:56:58,car
2024-10-01 13:56:58,car
2024-10-01 13:56:58,car
2024-10-01 13:56:58,car
2024-10-01 13:56:58,truck
2024-10-01 13:56:58,car
2024-10-01 13:56:58,car
2024-10-01 13:56:59,car
2024-10-01 13:56:59,car
2024-10-01 13:56:59,car
2024-10-01 13:56:59,car
2024-10-01 13:56:59,car
2024-10-01 13:56:59,car
2024-10-01 13:57:00,car
2024-10-01 13:57:00,car
2024-10-01 13:57:00,car
2024-10-01 13:57:01,car
2024-10-01 13:57:01,car
2024-10-01 13:57:01,car
2024-10-01 13:57:01,car
2024-10-01 13:57:01,car
2024-10-01 13:57:01,car
2024-10-01 13:57:02,car
2024-10-01 13:57:02,car
2024-10-01 13:57:02,car
2024-10-01 13:57:02,car
2024-10-01 13:57:02,car
2024-10-01 13:57:02,car
2024-10-01 13:57:02,truck
2024-10-01 13:57:03,car
2024-10-01 13:57:03,car
2024-10-01 13:57:03,car
2024-10-01 13:57:03,car
2024-10-01 13:57:03,car
2024-10-01 13:57:03,car
2024-10-01 13:57:04,car
2024-10-01 13:57:04,car
2024-10-01 13:57:04,car
2024-10-01 13:57:04,car
2024-10-01 13:57:04,car
2024-10-01 13:57:04,car
2024-10-01 13:57:04,car
2024-10-01 13:57:04,car
2024-10-01 13:57:04,car
2024-10-01 13:57:04,car
2024-10-01 13:57:05,car
2024-10-01 13:57:05,motorcycle
2024-10-01 13:57:05,car
2024-10-01 13:57:05,car
2024-10-01 13:57:05,car
2024-10-01 13:57:05,car
2024-10-01 13:57:05,car
2024-10-01 13:57:05,car
2024-10-01 13:57:05,car
2024-10-01 13:57:05,car
2024-10-01 13:57:05,car
2024-10-01 13:57:06,car
2024-10-01 13:57:06,car
2024-10-01 13:57:06,car
2024-10-01 13:57:06,car
2024-10-01 13:57:07,car
2024-10-01 13:57:07,car
2024-10-01 13:57:07,car
2024-10-01 13:57:07,car
2024-10-01 13:57:07,car
2024-10-01 13:57:07,car
2024-10-01 13:57:07,car
2024-10-01 13:57:08,car
2024-10-01 13:57:08,car
2024-10-01 13:57:08,car
2024-10-01 13:57:08,car
2024-10-01 13:57:08,car
2024-10-01 13:57:08,car
2024-10-01 13:57:08,car
2024-10-01 13:57:08,car
2024-10-01 13:57:08,car
2024-10-01 13:57:08,car
2024-10-01 13:57:08,car
2024-10-01 13:57:09,car
2024-10-01 13:57:09,car
2024-10-01 13:57:09,car
2024-10-01 13:57:09,car
2024-10-01 13:57:09,car
2024-10-01 13:57:09,car
2024-10-01 13:57:09,car
2024-10-01 13:57:09,car
2024-10-01 13:57:09,car
2024-10-01 13:57:10,car
2024-10-01 13:57:10,car
2024-10-01 13:57:10,car
2024-10-01 13:57:10,car
2024-10-01 13:57:10,car
2024-10-01 13:57:10,car
2024-10-01 13:57:10,car
2024-10-01 13:57:10,car
2024-10-01 13:57:10,car
2024-10-01 13:57:10,car
2024-10-01 13:57:10,car
2024-10-01 13:57:10,car
2024-10-01 13:57:10,car
2024-10-01 13:57:10,car
2024-10-01 13:57:10,car
2024-10-01 13:57:10,car
2024-10-01 13:57:10,car
2024-10-01 13:57:11,car
2024-10-01 13:57:11,car
2024-10-01 13:57:11,car
2024-10-01 13:57:11,car
2024-10-01 13:57:11,car
2024-10-01 13:57:11,car
2024-10-01 13:57:11,car
2024-10-01 13:57:11,car
2024-10-01 13:57:11,car
2024-10-01 13:57:11,car
2024-10-01 13:57:11,car
2024-10-01 13:57:11,car
2024-10-01 13:57:12,car
2024-10-01 13:57:12,car
2024-10-01 13:57:12,car
2024-10-01 13:57:12,car
2024-10-01 13:57:12,car
2024-10-01 13:57:12,car
2024-10-01 13:57:12,car
2024-10-01 13:57:12,car
2024-10-01 13:57:12,car
2024-10-01 13:57:12,car
2024-10-01 13:57:12,car
2024-10-01 13:57:13,car
2024-10-01 13:57:13,car
2024-10-01 13:57:13,car
2024-10-01 13:57:13,car
2024-10-01 13:57:13,car
2024-10-01 13:57:13,car
2024-10-01 13:57:13,car
2024-10-01 13:57:13,car
2024-10-01 13:57:13,car
2024-10-01 13:57:13,car
2024-10-01 13:57:13,car
2024-10-01 13:57:14,car
2024-10-01 13:57:14,car
2024-10-01 13:57:14,car
2024-10-01 13:57:14,car
2024-10-01 13:57:14,car
2024-10-01 13:57:14,car
2024-10-01 13:57:14,car
2024-10-01 13:57:14,car
2024-10-01 13:57:14,car
2024-10-01 13:57:14,car
2024-10-01 13:57:14,motorcycle
2024-10-01 13:57:14,car
2024-10-01 13:57:14,car
2024-10-01 13:57:15,car
2024-10-01 13:57:15,car
2024-10-01 13:57:15,car
2024-10-01 13:57:15,motorcycle
2024-10-01 13:57:15,car
2024-10-01 13:57:15,car
2024-10-01 13:57:15,car
2024-10-01 13:57:15,car
2024-10-01 13:57:15,car
2024-10-01 13:57:15,car
2024-10-01 13:57:16,car
2024-10-01 13:57:16,car
2024-10-01 13:57:16,car
2024-10-01 13:57:16,car
2024-10-01 13:57:16,car
2024-10-01 13:57:16,car
2024-10-01 13:57:16,car
2024-10-01 13:57:16,car
2024-10-01 13:57:16,car
2024-10-01 13:57:16,car
2024-10-01 13:57:16,car
2024-10-01 13:57:16,car
2024-10-01 13:57:16,car
2024-10-01 13:57:16,car
2024-10-01 13:57:17,car
2024-10-01 13:57:17,car
2024-10-01 13:57:17,car
2024-10-01 13:57:17,car
2024-10-01 13:57:17,car
2024-10-01 13:57:17,car
2024-10-01 13:57:17,car
2024-10-01 13:57:17,car
2024-10-01 13:57:17,car
2024-10-01 13:57:17,car
2024-10-01 13:57:17,car
2024-10-01 13:57:17,car
2024-10-01 13:57:17,car
2024-10-01 13:57:17,car
2024-10-01 13:57:18,car
2024-10-01 13:57:18,car
2024-10-01 13:57:18,car
2024-10-01 13:57:18,car
2024-10-01 13:57:18,car
2024-10-01 13:57:18,car
2024-10-01 13:57:18,car
2024-10-01 13:57:18,car
2024-10-01 13:57:18,car
2024-10-01 13:57:18,car
2024-10-01 13:57:18,car
2024-10-01 13:57:18,truck
2024-10-01 13:57:18,car
2024-10-01 13:57:18,car
2024-10-01 13:57:18,car
2024-10-01 13:57:18,car
2024-10-01 13:57:18,truck
2024-10-01 13:57:19,car
2024-10-01 13:57:19,car
2024-10-01 13:57:19,car
2024-10-01 13:57:19,car
2024-10-01 13:57:19,car
2024-10-01 13:57:19,car
2024-10-01 13:57:19,car
2024-10-01 13:57:19,car
2024-10-01 13:57:19,truck
2024-10-01 13:57:19,car
2024-10-01 13:57:19,car
2024-10-01 13:57:19,car
2024-10-01 13:57:19,car
2024-10-01 13:57:19,car
2024-10-01 13:57:19,car
2024-10-01 13:57:19,truck
2024-10-01 13:57:20,car
2024-10-01 13:57:20,car
2024-10-01 13:57:20,car
2024-10-01 13:57:20,car
2024-10-01 13:57:20,car
2024-10-01 13:57:20,car
2024-10-01 13:57:20,car
2024-10-01 13:57:20,car
2024-10-01 13:57:20,car
2024-10-01 13:57:20,car
2024-10-01 13:57:20,car
2024-10-01 13:57:20,car
2024-10-01 13:57:20,car
2024-10-01 13:57:20,car
2024-10-01 13:57:21,car
2024-10-01 13:57:21,car
2024-10-01 13:57:21,car
2024-10-01 13:57:21,car
2024-10-01 13:57:21,car
2024-10-01 13:57:21,car
2024-10-01 13:57:21,car
2024-10-01 13:57:21,car
2024-10-01 13:57:21,car
2024-10-01 13:57:22,car
2024-10-01 13:57:22,car
2024-10-01 13:57:22,car
2024-10-01 13:57:22,car
2024-10-01 13:57:23,car
2024-10-01 13:57:23,car
2024-10-01 13:57:23,car
2024-10-01 13:57:23,car
2024-10-01 13:57:23,car
2024-10-01 13:57:23,car
2024-10-01 13:57:23,car
2024-10-01 13:57:23,car
2024-10-01 13:57:23,car
2024-10-01 13:57:23,car
2024-10-01 13:57:23,car
2024-10-01 13:57:23,car
2024-10-01 13:57:24,car
2024-10-01 13:57:24,car
2024-10-01 13:57:24,car
2024-10-01 13:57:24,car
2024-10-01 13:57:24,car
2024-10-01 13:57:24,car
2024-10-01 13:57:24,car
2024-10-01 13:57:24,car
2024-10-01 13:57:24,car
2024-10-01 13:57:24,car
2024-10-01 13:57:25,car
2024-10-01 13:57:25,car
2024-10-01 13:57:25,car
2024-10-01 13:57:29,car
2024-10-01 13:57:29,car
2024-10-01 13:57:29,motorcycle
2024-10-01 13:57:29,car
2024-10-01 13:57:29,car
2024-10-01 13:57:29,motorcycle
2024-10-01 13:57:29,car
2024-10-01 13:57:30,car
2024-10-01 13:57:30,motorcycle
2024-10-01 13:57:30,car
2024-10-01 13:57:30,car
2024-10-01 13:57:30,car
2024-10-01 13:57:30,motorcycle
2024-10-01 13:57:30,car
2024-10-01 13:57:30,car
2024-10-01 13:57:30,car
2024-10-01 13:57:30,car
2024-10-01 13:57:30,car
2024-10-01 13:57:31,car
2024-10-01 13:57:31,car
2024-10-01 13:57:31,truck
2024-10-01 13:57:31,car
2024-10-01 13:57:31,car
2024-10-01 13:57:31,car
2024-10-01 13:57:31,car
2024-10-01 13:57:31,car
2024-10-01 13:57:31,truck
2024-10-01 13:57:31,car
2024-10-01 13:57:31,car
2024-10-01 13:57:31,car
2024-10-01 13:57:31,car
2024-10-01 13:57:31,car
2024-10-01 13:57:32,car
2024-10-01 13:57:32,car
2024-10-01 13:57:32,car
2024-10-01 13:57:32,car
2024-10-01 13:57:32,car
2024-10-01 13:57:32,car
2024-10-01 13:57:32,car
2024-10-01 13:57:33,car
2024-10-01 13:57:33,car
2024-10-01 13:57:33,car
2024-10-01 13:57:33,car
2024-10-01 13:57:33,car
2024-10-01 13:57:33,car
2024-10-01 13:57:33,car
2024-10-01 13:57:33,car
2024-10-01 13:57:33,car
2024-10-01 13:57:33,car
2024-10-01 13:57:33,car
2024-10-01 13:57:33,car
2024-10-01 13:57:34,car
2024-10-01 13:57:34,car
2024-10-01 13:57:34,car
2024-10-01 13:57:34,car
2024-10-01 13:57:34,car
2024-10-01 13:57:34,car
2024-10-01 13:57:34,car
2024-10-01 13:57:34,car
2024-10-01 13:57:34,car
2024-10-01 13:57:34,car
2024-10-01 13:57:35,car
2024-10-01 13:57:35,car
2024-10-01 13:57:35,car
2024-10-01 13:57:35,car
2024-10-01 13:57:35,car
2024-10-01 13:57:35,car
2024-10-01 13:57:35,car
2024-10-01 13:57:36,car
2024-10-01 13:57:36,car
2024-10-01 13:57:36,car
2024-10-01 13:57:36,car
2024-10-01 13:57:36,car
2024-10-01 13:57:36,car
2024-10-01 13:57:36,car
2024-10-01 13:57:37,car
2024-10-01 13:57:37,car
2024-10-01 13:57:37,car
2024-10-01 13:57:37,car
2024-10-01 13:57:37,car
2024-10-01 13:57:37,car
2024-10-01 13:57:37,car
2024-10-01 13:57:37,car
2024-10-01 13:57:38,car
2024-10-01 13:57:38,car
2024-10-01 13:57:38,car
2024-10-01 13:57:38,car
2024-10-01 13:57:38,car
2024-10-01 13:57:38,car
2024-10-01 13:57:38,car
2024-10-01 13:57:38,car
2024-10-01 13:57:38,car
2024-10-01 13:57:39,car
2024-10-01 13:57:39,car
2024-10-01 13:57:39,truck
2024-10-01 13:57:39,car
2024-10-01 13:57:39,car
2024-10-01 13:57:39,car
2024-10-01 13:57:39,truck
2024-10-01 13:57:39,car
2024-10-01 13:57:39,car
2024-10-01 13:57:39,car
2024-10-01 13:57:39,car
2024-10-01 13:57:39,car
2024-10-01 13:57:39,car
2024-10-01 13:57:39,truck
2024-10-01 13:57:40,truck
2024-10-01 13:57:40,car
2024-10-01 13:57:40,car
2024-10-01 13:57:40,car
2024-10-01 13:57:40,motorcycle
2024-10-01 13:57:40,car
2024-10-01 13:57:40,car
2024-10-01 13:57:40,car
2024-10-01 13:57:40,truck
2024-10-01 13:57:40,car
2024-10-01 13:57:40,motorcycle
2024-10-01 13:57:40,car
2024-10-01 13:57:40,car
2024-10-01 13:57:40,motorcycle
2024-10-01 13:57:40,car
2024-10-01 13:57:40,car
2024-10-01 13:57:41,car
2024-10-01 13:57:41,motorcycle
2024-10-01 13:57:41,car
2024-10-01 13:57:41,car
2024-10-01 13:57:41,car
2024-10-01 13:57:41,car
2024-10-01 13:57:41,car
2024-10-01 13:57:41,motorcycle
2024-10-01 13:57:41,car
2024-10-01 13:57:41,car
2024-10-01 13:57:41,motorcycle
2024-10-01 13:57:42,car
2024-10-01 13:57:42,car
2024-10-01 13:57:42,car
2024-10-01 13:57:42,car
2024-10-01 13:57:42,car
2024-10-01 13:57:42,car
2024-10-01 13:57:42,car
2024-10-01 13:57:42,car
2024-10-01 13:57:43,car
2024-10-01 13:57:43,car
2024-10-01 13:57:43,car
2024-10-01 13:57:43,car
2024-10-01 13:57:43,car
2024-10-01 13:57:44,car
2024-10-01 13:57:44,car
2024-10-01 13:57:44,car
2024-10-01 13:57:44,car
2024-10-01 13:57:44,car
2024-10-01 13:57:44,car
2024-10-01 13:57:44,car
2024-10-01 13:57:44,car
2024-10-01 13:57:45,car
2024-10-01 13:57:45,car
2024-10-01 13:57:45,car
2024-10-01 13:57:46,car
2024-10-01 13:57:46,car
2024-10-01 13:57:46,car
2024-10-01 13:57:46,car
2024-10-01 13:57:46,car
2024-10-01 13:57:47,car
2024-10-01 13:57:47,car
2024-10-01 13:57:47,car
2024-10-01 13:57:47,car
2024-10-01 13:57:48,car
2024-10-01 13:57:48,car
2024-10-01 13:57:48,motorcycle
2024-10-01 13:57:48,car
2024-10-01 13:57:48,motorcycle
2024-10-01 13:57:48,car
2024-10-01 13:57:49,car
2024-10-01 13:57:49,motorcycle
2024-10-01 13:57:49,car
2024-10-01 13:57:49,motorcycle
2024-10-01 13:57:49,car
2024-10-01 13:57:49,car
2024-10-01 13:57:49,car
2024-10-01 13:57:49,car
2024-10-01 13:57:49,motorcycle
2024-10-01 13:57:50,car
2024-10-01 13:57:50,motorcycle
2024-10-01 13:57:50,car
2024-10-01 13:57:50,car
2024-10-01 13:57:50,car
2024-10-01 13:57:50,car
2024-10-01 13:57:50,car
2024-10-01 13:57:50,car
2024-10-01 13:57:50,car
2024-10-01 13:57:50,car
2024-10-01 13:57:50,car
2024-10-01 13:57:51,car
2024-10-01 13:57:51,car
2024-10-01 13:57:51,car
2024-10-01 13:57:51,car
2024-10-01 13:57:51,car
2024-10-01 13:57:51,car
2024-10-01 13:57:51,car
2024-10-01 13:57:51,car
2024-10-01 13:57:51,car
2024-10-01 13:57:51,car
2024-10-01 13:57:51,car
2024-10-01 13:57:51,car
2024-10-01 13:57:51,car
2024-10-01 13:57:51,car
2024-10-01 13:57:51,car
2024-10-01 13:57:52,car
2024-10-01 13:57:52,car
2024-10-01 13:57:52,car
2024-10-01 13:57:52,car
2024-10-01 13:57:52,car
2024-10-01 13:57:52,car
2024-10-01 13:57:52,car
2024-10-01 13:57:52,car
2024-10-01 13:57:52,car
2024-10-01 13:57:52,car
2024-10-01 13:57:53,car
2024-10-01 13:57:53,car
2024-10-01 13:57:53,car
2024-10-01 13:57:53,car
2024-10-01 13:57:53,car
2024-10-01 13:57:53,car
2024-10-01 13:57:53,car
2024-10-01 13:57:53,car
2024-10-01 13:57:53,car
2024-10-01 13:57:53,car
2024-10-01 13:57:53,car
2024-10-01 13:57:53,car
2024-10-01 13:57:54,car
2024-10-01 13:57:54,car
2024-10-01 13:57:54,car
2024-10-01 13:57:54,car
2024-10-01 13:57:54,car
2024-10-01 13:57:54,car
2024-10-01 13:57:54,car
2024-10-01 13:57:54,car
2024-10-01 13:57:54,car
2024-10-01 13:57:54,car
2024-10-01 13:57:54,car
2024-10-01 13:57:54,car
2024-10-01 13:57:54,car
2024-10-01 13:57:54,car
2024-10-01 13:57:55,car
2024-10-01 13:57:55,car
2024-10-01 13:57:55,car
2024-10-01 13:57:55,car
2024-10-01 13:57:55,car
2024-10-01 13:57:55,car
2024-10-01 13:57:55,car
2024-10-01 13:57:55,car
2024-10-01 13:57:56,car
2024-10-01 13:57:56,car
2024-10-01 13:57:56,truck
2024-10-01 13:57:56,car
2024-10-01 13:57:56,car
2024-10-01 13:57:56,car
2024-10-01 13:57:56,car
2024-10-01 13:57:56,car
2024-10-01 13:57:56,car
2024-10-01 13:57:56,car
2024-10-01 13:57:56,car
2024-10-01 13:57:56,car
2024-10-01 13:57:57,car
2024-10-01 13:57:57,car
2024-10-01 13:57:57,car
2024-10-01 13:57:57,car
2024-10-01 13:57:57,car
2024-10-01 13:57:57,car
2024-10-01 13:57:57,car
2024-10-01 13:57:57,car
2024-10-01 13:57:57,car
2024-10-01 13:57:57,car
2024-10-01 13:57:57,car
2024-10-01 13:57:57,car
2024-10-01 13:57:57,car
2024-10-01 13:57:58,car
2024-10-01 13:57:58,car
2024-10-01 13:57:58,car
2024-10-01 13:57:58,car
2024-10-01 13:57:58,car
2024-10-01 13:57:58,car
2024-10-01 13:57:58,car
2024-10-01 13:57:58,car
2024-10-01 13:57:58,car
2024-10-01 13:57:58,car
2024-10-01 13:57:58,car
2024-10-01 13:57:58,car
2024-10-01 13:57:58,car
2024-10-01 13:57:58,car
2024-10-01 13:57:58,car
2024-10-01 13:57:58,car
2024-10-01 13:57:58,car
2024-10-01 13:57:58,car
2024-10-01 13:57:58,car
2024-10-01 13:57:59,car
2024-10-01 13:57:59,car
2024-10-01 13:57:59,car
2024-10-01 13:57:59,car
2024-10-01 13:57:59,car
2024-10-01 13:57:59,car
2024-10-01 13:57:59,car
2024-10-01 13:57:59,car
2024-10-01 13:57:59,car
2024-10-01 13:57:59,car
2024-10-01 13:57:59,car
2024-10-01 13:57:59,car
2024-10-01 13:57:59,car
2024-10-01 13:57:59,car
2024-10-01 13:57:59,car
2024-10-01 13:58:00,car
2024-10-01 13:58:00,car
2024-10-01 13:58:01,car
2024-10-01 13:58:01,car
2024-10-01 13:58:02,car
2024-10-01 13:58:02,car
2024-10-01 13:58:02,car
2024-10-01 13:58:02,car
2024-10-01 13:58:02,car
2024-10-01 13:58:02,car
2024-10-01 13:58:02,car
2024-10-01 13:58:03,car
2024-10-01 13:58:03,car
2024-10-01 13:58:03,car
2024-10-01 13:58:03,car
2024-10-01 13:58:03,car
2024-10-01 13:58:04,car
2024-10-01 13:58:04,car
2024-10-01 13:58:04,car
2024-10-01 13:58:04,car
2024-10-01 13:58:04,car
2024-10-01 13:58:04,car
2024-10-01 13:58:04,car
2024-10-01 13:58:04,car
2024-10-01 13:58:05,car
2024-10-01 13:58:05,motorcycle
2024-10-01 13:58:05,car
2024-10-01 13:58:05,car
2024-10-01 13:58:05,motorcycle
2024-10-01 13:58:05,car
2024-10-01 13:58:05,car
2024-10-01 13:58:05,motorcycle
2024-10-01 13:58:05,car
2024-10-01 13:58:05,car
2024-10-01 13:58:05,car
2024-10-01 13:58:05,car
2024-10-01 13:58:05,motorcycle
2024-10-01 13:58:06,car
2024-10-01 13:58:06,car
2024-10-01 13:58:06,car
2024-10-01 13:58:06,car
2024-10-01 13:58:06,car
2024-10-01 13:58:06,car
2024-10-01 13:58:06,car
2024-10-01 13:58:06,car
2024-10-01 13:58:06,car
2024-10-01 13:58:06,car
2024-10-01 13:58:06,car
2024-10-01 13:58:07,car
2024-10-01 13:58:07,car
2024-10-01 13:58:07,car
2024-10-01 13:58:07,car
2024-10-01 13:58:07,car
2024-10-01 13:58:07,car
2024-10-01 13:58:07,car
2024-10-01 13:58:07,car
2024-10-01 13:58:07,car
2024-10-01 13:58:07,car
2024-10-01 13:58:07,car
2024-10-01 13:58:07,car
2024-10-01 13:58:08,car
2024-10-01 13:58:08,car
2024-10-01 13:58:08,car
2024-10-01 13:58:08,car
2024-10-01 13:58:08,car
2024-10-01 13:58:08,car
2024-10-01 13:58:08,car
2024-10-01 13:58:08,car
2024-10-01 13:58:08,car
2024-10-01 13:58:08,car
2024-10-01 13:58:08,car
2024-10-01 13:58:08,car
2024-10-01 13:58:08,car
2024-10-01 13:58:08,car
2024-10-01 13:58:09,car
2024-10-01 13:58:09,car
2024-10-01 13:58:09,car
2024-10-01 13:58:09,car
2024-10-01 13:58:09,car
2024-10-01 13:58:09,car
2024-10-01 13:58:09,car
2024-10-01 13:58:09,car
2024-10-01 13:58:09,car
2024-10-01 13:58:09,car
2024-10-01 13:58:10,car
2024-10-01 13:58:10,car
2024-10-01 13:58:10,car
2024-10-01 13:58:10,car
2024-10-01 13:58:10,car
2024-10-01 13:58:10,car
2024-10-01 13:58:10,car
2024-10-01 13:58:10,car
2024-10-01 13:58:10,car
2024-10-01 13:58:11,car
2024-10-01 13:58:11,car
2024-10-01 13:58:11,car
2024-10-01 13:58:11,car
2024-10-01 13:58:11,motorcycle
2024-10-01 13:58:11,car
2024-10-01 13:58:11,car
2024-10-01 13:58:11,car
2024-10-01 13:58:11,motorcycle
2024-10-01 13:58:11,car
2024-10-01 13:58:11,car
2024-10-01 13:58:11,motorcycle
2024-10-01 13:58:11,car
2024-10-01 13:58:11,motorcycle
2024-10-01 13:58:11,car
2024-10-01 13:58:12,car
2024-10-01 13:58:12,motorcycle
2024-10-01 13:58:12,car
2024-10-01 13:58:12,motorcycle
2024-10-01 13:58:12,car
2024-10-01 13:58:12,car
2024-10-01 13:58:12,car
2024-10-01 13:58:12,car
2024-10-01 13:58:12,car
2024-10-01 13:58:12,motorcycle
2024-10-01 13:58:12,car
2024-10-01 13:58:13,car
2024-10-01 13:58:13,car
2024-10-01 13:58:13,car
2024-10-01 13:58:13,motorcycle
2024-10-01 13:58:13,truck
2024-10-01 13:58:13,car
2024-10-01 13:58:13,car
2024-10-01 13:58:13,car
2024-10-01 13:58:13,car
2024-10-01 13:58:13,car
2024-10-01 13:58:13,car
2024-10-01 13:58:13,motorcycle
2024-10-01 13:58:14,car
2024-10-01 13:58:14,car
2024-10-01 13:58:14,car
2024-10-01 13:58:14,car
2024-10-01 13:58:14,car
2024-10-01 13:58:14,car
2024-10-01 13:58:14,car
2024-10-01 13:58:14,car
2024-10-01 13:58:15,car
2024-10-01 13:58:15,car
2024-10-01 13:58:15,car
2024-10-01 13:58:15,car
2024-10-01 13:58:15,car
2024-10-01 13:58:15,car
2024-10-01 13:58:15,car
2024-10-01 13:58:15,car
2024-10-01 13:58:15,car
2024-10-01 13:58:15,car
2024-10-01 13:58:16,car
2024-10-01 13:58:16,car
2024-10-01 13:58:16,car
2024-10-01 13:58:16,car
2024-10-01 13:58:16,car
2024-10-01 13:58:16,car
2024-10-01 13:58:16,car
2024-10-01 13:58:16,car
2024-10-01 13:58:16,car
2024-10-01 13:58:16,car
2024-10-01 13:58:17,car
2024-10-01 13:58:17,car
2024-10-01 13:58:17,car
2024-10-01 13:58:17,car
2024-10-01 13:58:17,car
2024-10-01 13:58:17,car
2024-10-01 13:58:17,car
2024-10-01 13:58:17,car
2024-10-01 13:58:17,car
2024-10-01 13:58:17,car
2024-10-01 13:58:17,car
2024-10-01 13:58:17,car
2024-10-01 13:58:17,car
2024-10-01 13:58:18,car
2024-10-01 13:58:18,car
2024-10-01 13:58:18,car
2024-10-01 13:58:18,car
2024-10-01 13:58:19,car
2024-10-01 13:58:19,car
2024-10-01 13:58:19,car
2024-10-01 13:58:19,car
2024-10-01 13:58:19,car
2024-10-01 13:58:19,car
2024-10-01 13:58:19,car
2024-10-01 13:58:19,car
2024-10-01 13:58:19,car
2024-10-01 13:58:20,car
2024-10-01 13:58:20,car
2024-10-01 13:58:20,car
2024-10-01 13:58:20,car
2024-10-01 13:58:20,car
2024-10-01 13:58:20,car
2024-10-01 13:58:20,car
2024-10-01 13:58:20,car
2024-10-01 13:58:20,car
2024-10-01 13:58:20,car
2024-10-01 13:58:20,car
2024-10-01 13:58:20,car
2024-10-01 13:58:20,car
2024-10-01 13:58:20,car
2024-10-01 13:58:21,car
2024-10-01 13:58:21,car
2024-10-01 13:58:21,motorcycle
2024-10-01 13:58:21,car
2024-10-01 13:58:21,car
2024-10-01 13:58:21,car
2024-10-01 13:58:21,motorcycle
2024-10-01 13:58:22,car
2024-10-01 13:58:22,car
2024-10-01 13:58:22,motorcycle
2024-10-01 13:58:22,car
2024-10-01 13:58:22,car
2024-10-01 13:58:22,car
2024-10-01 13:58:22,car
2024-10-01 13:58:22,motorcycle
2024-10-01 13:58:23,car
2024-10-01 13:58:23,car
2024-10-01 13:58:23,car
2024-10-01 13:58:23,car
2024-10-01 13:58:23,car
2024-10-01 13:58:23,car
2024-10-01 13:58:23,car
2024-10-01 13:58:23,car
2024-10-01 13:58:23,car
2024-10-01 13:58:23,car
2024-10-01 13:58:24,car
2024-10-01 13:58:24,car
2024-10-01 13:58:24,car
2024-10-01 13:58:24,car
2024-10-01 13:58:24,car
2024-10-01 13:58:24,car
2024-10-01 13:58:24,car
2024-10-01 13:58:24,car
2024-10-01 13:58:24,car
2024-10-01 13:58:24,car
2024-10-01 13:58:24,car
2024-10-01 13:58:24,car
2024-10-01 13:58:25,car
2024-10-01 13:58:25,car
2024-10-01 13:58:25,car
2024-10-01 13:58:25,car
2024-10-01 13:58:25,car
2024-10-01 13:58:25,car
2024-10-01 13:58:25,car
2024-10-01 13:58:25,car
2024-10-01 13:58:25,car
2024-10-01 13:58:25,car
2024-10-01 13:58:25,car
2024-10-01 13:58:26,car
2024-10-01 13:58:26,car
2024-10-01 13:58:26,car
2024-10-01 13:58:26,car
2024-10-01 13:58:26,car
2024-10-01 13:58:26,car
2024-10-01 13:58:26,car
2024-10-01 13:58:26,car
2024-10-01 13:58:26,car
2024-10-01 13:58:26,car
2024-10-01 13:58:26,car
2024-10-01 13:58:27,car
2024-10-01 13:58:27,car
2024-10-01 13:58:27,car
2024-10-01 13:58:27,car
2024-10-01 13:58:27,car
2024-10-01 13:58:27,car
2024-10-01 13:58:27,car
2024-10-01 13:58:27,car
2024-10-01 13:58:27,car
2024-10-01 13:58:27,car
2024-10-01 13:58:27,car
2024-10-01 13:58:27,car
2024-10-01 13:58:27,car
2024-10-01 13:58:27,car
2024-10-01 13:58:27,motorcycle
2024-10-01 13:58:27,car
2024-10-01 13:58:28,car
2024-10-01 13:58:28,car
2024-10-01 13:58:28,car
2024-10-01 13:58:28,car
2024-10-01 13:58:28,car
2024-10-01 13:58:28,car
2024-10-01 13:58:28,car
2024-10-01 13:58:28,car
2024-10-01 13:58:28,car
2024-10-01 13:58:28,car
2024-10-01 13:58:28,car
2024-10-01 13:58:28,car
2024-10-01 13:58:28,car
2024-10-01 13:58:29,car
2024-10-01 13:58:29,car
2024-10-01 13:58:29,car
2024-10-01 13:58:29,car
2024-10-01 13:58:29,car
2024-10-01 13:58:29,car
2024-10-01 13:58:29,car
2024-10-01 13:58:29,car
2024-10-01 13:58:29,car
2024-10-01 13:58:29,car
2024-10-01 13:58:29,car
2024-10-01 13:58:29,car
2024-10-01 13:58:29,car
2024-10-01 13:58:29,car
2024-10-01 13:58:29,car
2024-10-01 13:58:29,car
2024-10-01 13:58:29,car
2024-10-01 13:58:30,car
2024-10-01 13:58:30,car
2024-10-01 13:58:30,car
2024-10-01 13:58:30,car
2024-10-01 13:58:30,car
2024-10-01 13:58:30,car
2024-10-01 13:58:30,car
2024-10-01 13:58:30,car
2024-10-01 13:58:30,car
2024-10-01 13:58:30,car
2024-10-01 13:58:30,car
2024-10-01 13:58:30,car
2024-10-01 13:58:30,car
2024-10-01 13:58:30,car
2024-10-01 13:58:30,car
2024-10-01 13:58:30,car
2024-10-01 13:58:31,car
2024-10-01 13:58:31,car
2024-10-01 13:58:31,car
2024-10-01 13:58:31,car
2024-10-01 13:58:31,car
2024-10-01 13:58:31,car
2024-10-01 13:58:31,car
2024-10-01 13:58:31,car
2024-10-01 13:58:31,car
2024-10-01 13:58:31,car
2024-10-01 13:58:31,car
2024-10-01 13:58:31,car
2024-10-01 13:58:31,car
2024-10-01 13:58:31,car
2024-10-01 13:58:31,car
2024-10-01 13:58:32,car
2024-10-01 13:58:32,car
2024-10-01 13:58:32,car
2024-10-01 13:58:32,car
2024-10-01 13:58:32,car
2024-10-01 13:58:32,car
2024-10-01 13:58:32,car
2024-10-01 13:58:32,car
2024-10-01 13:58:32,car
2024-10-01 13:58:32,car
2024-10-01 13:58:32,car
2024-10-01 13:58:32,car
2024-10-01 13:58:33,car
2024-10-01 13:58:33,car
2024-10-01 13:58:33,car
2024-10-01 13:58:33,car
2024-10-01 13:58:33,car
2024-10-01 13:58:33,car
2024-10-01 13:58:33,car
2024-10-01 13:58:33,car
2024-10-01 13:58:33,car
2024-10-01 13:58:34,car
2024-10-01 13:58:34,car
2024-10-01 13:58:34,car
2024-10-01 13:58:34,car
2024-10-01 13:58:34,car
2024-10-01 13:58:34,car
2024-10-01 13:58:35,car
2024-10-01 13:58:35,car
2024-10-01 13:58:35,car
2024-10-01 13:58:35,car
2024-10-01 13:58:35,car
2024-10-01 13:58:35,car
2024-10-01 13:58:35,car
2024-10-01 13:58:35,car
2024-10-01 13:58:35,car
2024-10-01 13:58:35,car
2024-10-01 13:58:35,car
2024-10-01 13:58:35,car
2024-10-01 13:58:35,car
2024-10-01 13:58:35,car
2024-10-01 13:58:36,car
2024-10-01 13:58:36,car
2024-10-01 13:58:36,car
2024-10-01 13:58:36,car
2024-10-01 13:58:36,car
2024-10-01 13:58:36,car
2024-10-01 13:58:36,car
2024-10-01 13:58:36,car
2024-10-01 13:58:36,car
2024-10-01 13:58:36,car
2024-10-01 13:58:36,car
2024-10-01 13:58:36,car
2024-10-01 13:58:36,car
2024-10-01 13:58:36,car
2024-10-01 13:58:36,car
2024-10-01 13:58:36,car
2024-10-01 13:58:36,car
2024-10-01 13:58:36,car
2024-10-01 13:58:36,car
2024-10-01 13:58:37,car
2024-10-01 13:58:37,car
2024-10-01 13:58:37,car
2024-10-01 13:58:37,car
2024-10-01 13:58:37,car
2024-10-01 13:58:37,car
2024-10-01 13:58:37,car
2024-10-01 13:58:37,car
2024-10-01 13:58:37,car
2024-10-01 13:58:37,car
2024-10-01 13:58:37,car
2024-10-01 13:58:37,car
2024-10-01 13:58:37,car
2024-10-01 13:58:37,car
2024-10-01 13:58:38,car
2024-10-01 13:58:38,car
2024-10-01 13:58:38,car
2024-10-01 13:58:38,car
2024-10-01 13:58:38,car
2024-10-01 13:58:38,car
2024-10-01 13:58:38,car
2024-10-01 13:58:38,car
2024-10-01 13:58:38,car
2024-10-01 13:58:38,car
2024-10-01 13:58:39,car
2024-10-01 13:58:39,car
2024-10-01 13:58:39,car
2024-10-01 13:58:39,car
2024-10-01 13:58:39,car
2024-10-01 13:58:39,car
2024-10-01 13:58:39,car
2024-10-01 13:58:39,car
2024-10-01 13:58:39,car
2024-10-01 13:58:39,car
2024-10-01 13:58:39,car
2024-10-01 13:58:40,car
2024-10-01 13:58:40,car
2024-10-01 13:58:40,car
2024-10-01 13:58:40,car
2024-10-01 13:58:40,car
2024-10-01 13:58:40,car
2024-10-01 13:58:40,car
2024-10-01 13:58:40,car
2024-10-01 13:58:40,car
2024-10-01 13:58:40,car
2024-10-01 13:58:40,car
2024-10-01 13:58:40,car
2024-10-01 13:58:41,car
2024-10-01 13:58:41,car
2024-10-01 13:58:41,car
2024-10-01 13:58:41,car
2024-10-01 13:58:41,car
2024-10-01 13:58:41,car
2024-10-01 13:58:41,car
2024-10-01 13:58:41,car
2024-10-01 13:58:41,car
2024-10-01 13:58:41,car
2024-10-01 13:58:41,car
2024-10-01 13:58:41,car
2024-10-01 13:58:41,car
2024-10-01 13:58:41,car
2024-10-01 13:58:42,car
2024-10-01 13:58:42,car
2024-10-01 13:58:42,car
2024-10-01 13:58:42,car
2024-10-01 13:58:42,car
2024-10-01 13:58:42,car
2024-10-01 13:58:42,car
2024-10-01 13:58:42,car
2024-10-01 13:58:42,car
2024-10-01 13:58:42,car
2024-10-01 13:58:42,car
2024-10-01 13:58:42,car
2024-10-01 13:58:42,car
2024-10-01 13:58:43,car
2024-10-01 13:58:43,car
2024-10-01 13:58:43,car
2024-10-01 13:58:43,car
2024-10-01 13:58:43,car
2024-10-01 13:58:43,car
2024-10-01 13:58:43,car
2024-10-01 13:58:43,car
2024-10-01 13:58:43,car
2024-10-01 13:58:43,car
2024-10-01 13:58:43,car
2024-10-01 13:58:43,car
2024-10-01 13:58:43,car
2024-10-01 13:58:43,car
2024-10-01 13:58:43,car
2024-10-01 13:58:44,car
2024-10-01 13:58:44,car
2024-10-01 13:58:44,car
2024-10-01 13:58:44,car
2024-10-01 13:58:44,car
2024-10-01 13:58:44,car
2024-10-01 13:58:44,car
2024-10-01 13:58:44,car
2024-10-01 13:58:44,car
2024-10-01 13:58:44,car
2024-10-01 13:58:44,car
2024-10-01 13:58:44,car
2024-10-01 13:58:44,motorcycle
2024-10-01 13:58:45,car
2024-10-01 13:58:45,car
2024-10-01 13:58:45,car
2024-10-01 13:58:45,car
2024-10-01 13:58:45,car
2024-10-01 13:58:45,car
2024-10-01 13:58:45,car
2024-10-01 13:58:45,car
2024-10-01 13:58:45,car
2024-10-01 13:58:45,car
2024-10-01 13:58:45,car
2024-10-01 13:58:45,car
2024-10-01 13:58:45,car
2024-10-01 13:58:46,car
2024-10-01 13:58:46,car
2024-10-01 13:58:46,car
2024-10-01 13:58:46,car
2024-10-01 13:58:46,car
2024-10-01 13:58:46,car
2024-10-01 13:58:46,car
2024-10-01 13:58:46,car
2024-10-01 13:58:46,car
2024-10-01 13:58:47,car
2024-10-01 13:58:47,car
2024-10-01 13:58:47,car
2024-10-01 13:58:47,car
2024-10-01 13:58:47,car
2024-10-01 13:58:47,car
2024-10-01 13:58:47,car
2024-10-01 13:58:47,car
2024-10-01 13:58:47,car
2024-10-01 13:58:47,car
2024-10-01 13:58:47,car
2024-10-01 13:58:47,car
2024-10-01 13:58:47,car
2024-10-01 13:58:47,car
2024-10-01 13:58:47,car
2024-10-01 13:58:48,car
2024-10-01 13:58:48,car
2024-10-01 13:58:48,car
2024-10-01 13:58:48,car
2024-10-01 13:58:48,car
2024-10-01 13:58:48,car
2024-10-01 13:58:48,car
2024-10-01 13:58:48,car
2024-10-01 13:58:48,car
2024-10-01 13:58:48,car
2024-10-01 13:58:48,car
2024-10-01 13:58:48,car
2024-10-01 13:58:48,car
2024-10-01 13:58:48,car
2024-10-01 13:58:49,car
2024-10-01 13:58:49,car
2024-10-01 13:58:49,car
2024-10-01 13:58:49,car
2024-10-01 13:58:49,car
2024-10-01 13:58:49,car
2024-10-01 13:58:49,car
2024-10-01 13:58:49,car
2024-10-01 13:58:49,car
2024-10-01 13:58:49,car
2024-10-01 13:58:49,car
2024-10-01 13:58:49,car
2024-10-01 13:58:49,car
2024-10-01 13:58:49,car
2024-10-01 13:58:49,car
2024-10-01 13:58:49,car
2024-10-01 13:58:49,car
2024-10-01 13:58:49,car
2024-10-01 13:58:49,car
2024-10-01 13:58:49,car
2024-10-01 13:58:49,car
2024-10-01 13:58:49,car
2024-10-01 13:58:49,car
2024-10-01 13:58:49,car
2024-10-01 13:58:50,car
2024-10-01 13:58:50,car
2024-10-01 13:58:50,car
2024-10-01 13:58:50,car
2024-10-01 13:58:50,car
2024-10-01 13:58:50,car
2024-10-01 13:58:50,car
2024-10-01 13:58:50,car
2024-10-01 13:58:50,car
2024-10-01 13:58:50,car
2024-10-01 13:58:50,car
2024-10-01 13:58:50,car
2024-10-01 13:58:50,car
2024-10-01 13:58:50,car
2024-10-01 13:58:50,car
2024-10-01 13:58:50,car
2024-10-01 13:58:50,car
2024-10-01 13:58:50,car
2024-10-01 13:58:50,car
2024-10-01 13:58:50,car
2024-10-01 13:58:50,car
2024-10-01 13:58:50,car
2024-10-01 13:58:50,car
2024-10-01 13:58:51,car
2024-10-01 13:58:51,car
2024-10-01 13:58:51,car
2024-10-01 13:58:51,car
2024-10-01 13:58:51,car
2024-10-01 13:58:51,car
2024-10-01 13:58:51,car
2024-10-01 13:58:51,car
2024-10-01 13:58:51,car
2024-10-01 13:58:51,car
2024-10-01 13:58:51,car
2024-10-01 13:58:51,car
2024-10-01 13:58:51,car
2024-10-01 13:58:51,car
2024-10-01 13:58:51,car
2024-10-01 13:58:52,car
2024-10-01 13:58:52,car
2024-10-01 13:58:52,car
2024-10-01 13:58:52,car
2024-10-01 13:58:52,car
2024-10-01 13:58:52,car
2024-10-01 13:58:52,car
2024-10-01 13:58:52,car
2024-10-01 13:58:52,car
2024-10-01 13:58:52,car
2024-10-01 13:58:52,car
2024-10-01 13:58:52,car
2024-10-01 13:58:52,car
2024-10-01 13:58:52,car
2024-10-01 13:58:52,car
2024-10-01 13:58:52,car
2024-10-01 13:58:52,car
2024-10-01 13:58:53,car
2024-10-01 13:58:53,car
2024-10-01 13:58:53,car
2024-10-01 13:58:53,car
2024-10-01 13:58:53,car
2024-10-01 13:58:53,car
2024-10-01 13:58:53,car
2024-10-01 13:58:53,motorcycle
2024-10-01 13:58:53,car
2024-10-01 13:58:53,car
2024-10-01 13:58:53,car
2024-10-01 13:58:53,car
2024-10-01 13:58:53,car
2024-10-01 13:58:53,car
2024-10-01 13:58:53,car
2024-10-01 13:58:53,car
2024-10-01 13:58:54,car
2024-10-01 13:58:54,car
2024-10-01 13:58:54,car
2024-10-01 13:58:54,car
2024-10-01 13:58:54,motorcycle
2024-10-01 13:58:54,car
2024-10-01 13:58:54,car
2024-10-01 13:58:54,car
2024-10-01 13:58:54,car
2024-10-01 13:58:54,car
2024-10-01 13:58:54,car
2024-10-01 13:58:54,car
2024-10-01 13:58:54,car
2024-10-01 13:58:54,car
2024-10-01 13:58:54,car
2024-10-01 13:58:54,car
2024-10-01 13:58:54,car
2024-10-01 13:58:54,car
2024-10-01 13:58:55,car
2024-10-01 13:58:55,car
2024-10-01 13:58:55,car
2024-10-01 13:58:55,car
2024-10-01 13:58:55,car
2024-10-01 13:58:55,car
2024-10-01 13:58:55,car
2024-10-01 13:58:55,car
2024-10-01 13:58:55,car
2024-10-01 13:58:55,car
2024-10-01 13:58:55,car
2024-10-01 13:58:55,car
2024-10-01 13:58:56,car
2024-10-01 13:58:56,car
2024-10-01 13:58:56,car
2024-10-01 13:58:56,car
2024-10-01 13:58:56,car
2024-10-01 13:58:56,car
2024-10-01 13:58:56,car
2024-10-01 13:58:56,car
2024-10-01 13:58:56,car
2024-10-01 13:58:56,car
2024-10-01 13:58:56,car
2024-10-01 13:58:56,car
2024-10-01 13:58:56,car
2024-10-01 13:58:56,car
2024-10-01 13:58:56,car
2024-10-01 13:58:56,car
2024-10-01 13:58:57,car
2024-10-01 13:58:57,car
2024-10-01 13:58:57,car
2024-10-01 13:58:57,car
2024-10-01 13:58:57,car
2024-10-01 13:58:57,car
2024-10-01 13:58:57,car
2024-10-01 13:58:57,car
2024-10-01 13:58:57,car
2024-10-01 13:58:57,car
2024-10-01 13:58:57,car
2024-10-01 13:58:57,car
2024-10-01 13:58:58,car
2024-10-01 13:58:58,car
2024-10-01 13:58:58,car
2024-10-01 13:58:58,car
2024-10-01 13:58:58,car
2024-10-01 13:58:58,car
2024-10-01 14:07:39,car
2024-10-01 14:07:39,car
2024-10-01 14:07:39,car
2024-10-01 14:07:39,motorcycle
2024-10-01 14:07:39,car
2024-10-01 14:07:40,car
2024-10-01 14:07:40,truck
2024-10-01 14:07:40,motorcycle
2024-10-01 14:07:40,car
2024-10-01 14:07:40,car
2024-10-01 14:07:41,car
2024-10-01 14:07:41,car
2024-10-01 14:07:41,car
2024-10-01 14:07:41,truck
2024-10-01 14:07:43,car
2024-10-01 14:07:45,car
2024-10-01 14:07:45,truck
2024-10-01 14:07:45,truck
2024-10-01 14:07:45,car
2024-10-01 14:07:46,car
2024-10-01 14:07:46,car
2024-10-01 14:07:46,truck
2024-10-01 14:07:46,car
2024-10-01 14:07:47,car
2024-10-01 14:07:47,car
2024-10-01 14:07:48,car
2024-10-01 14:07:48,car
2024-10-01 14:07:49,car
2024-10-01 14:07:50,car
2024-10-01 14:07:51,car
2024-10-01 14:07:51,car
2024-10-01 14:07:52,car
2024-10-01 14:07:52,car
2024-10-01 14:07:52,car
2024-10-01 14:07:53,car
2024-10-01 14:07:54,car
2024-10-01 14:07:54,car
2024-10-01 14:07:57,car
2024-10-01 14:07:58,car
2024-10-01 14:07:59,car
2024-10-01 14:07:59,motorcycle
2024-10-01 14:08:00,car
2024-10-01 14:08:00,motorcycle
2024-10-01 14:08:00,motorcycle
2024-10-01 14:08:00,motorcycle
2024-10-01 14:08:01,motorcycle
2024-10-01 14:08:01,motorcycle
2024-10-01 14:08:01,motorcycle
2024-10-01 14:08:01,motorcycle
2024-10-01 14:08:01,car
2024-10-01 14:08:01,motorcycle
2024-10-01 14:08:01,car
2024-10-01 14:08:01,car
2024-10-01 14:08:01,motorcycle
2024-10-01 14:08:02,car
2024-10-01 14:08:03,car
2024-10-01 14:08:03,car
2024-10-01 14:08:03,car
2024-10-01 14:08:04,car
2024-10-01 14:08:05,car
2024-10-01 14:08:05,car
2024-10-01 14:08:06,car
2024-10-01 14:08:06,car
2024-10-01 14:08:06,car
2024-10-01 14:08:07,car
2024-10-01 14:08:08,car
2024-10-01 14:08:08,car
2024-10-01 14:08:08,car
2024-10-01 14:08:09,car
2024-10-01 14:08:10,car
2024-10-01 14:08:10,car
2024-10-01 14:08:10,car
2024-10-01 14:08:11,car
2024-10-01 14:08:11,car
2024-10-01 14:08:12,car
2024-10-01 14:08:13,car
2024-10-01 14:08:15,car
2024-10-01 14:08:16,car
2024-10-01 14:08:16,car
2024-10-01 14:08:18,car
2024-10-01 14:08:18,car
2024-10-01 14:08:19,car
2024-10-01 14:08:28,car
2024-10-01 14:08:28,motorcycle
2024-10-01 14:08:41,car
2024-10-01 14:08:42,car
2024-10-01 14:09:07,car
2024-10-01 14:09:07,car
2024-10-01 14:09:07,car
2024-10-01 14:09:07,motorcycle
2024-10-01 14:09:07,truck
2024-10-01 14:09:07,motorcycle
2024-10-01 14:09:08,car
2024-10-01 14:09:08,car
2024-10-01 14:09:09,car
2024-10-01 14:09:10,car
2024-10-01 14:09:11,car
2024-10-01 14:09:11,car
2024-10-01 14:09:14,motorcycle
2024-10-01 14:09:14,car
2024-10-01 14:09:14,motorcycle
2024-10-01 14:09:14,car
2024-10-01 14:09:15,car
2024-10-01 14:09:15,motorcycle
2024-10-01 14:09:15,motorcycle
2024-10-01 14:09:15,motorcycle
2024-10-01 14:09:16,motorcycle
2024-10-01 14:09:16,car
2024-10-01 14:09:16,motorcycle
2024-10-01 14:09:16,motorcycle
2024-10-01 14:09:17,car
2024-10-01 14:09:17,car
2024-10-01 14:09:17,motorcycle
2024-10-01 14:09:17,motorcycle
2024-10-01 14:09:18,motorcycle
2024-10-01 14:09:18,motorcycle
2024-10-01 14:09:21,car
2024-10-01 14:09:21,car
2024-10-01 14:09:22,car
2024-10-01 14:09:24,car
2024-10-01 14:09:24,car
2024-10-01 14:09:25,motorcycle
2024-10-01 14:09:25,motorcycle
2024-10-01 14:09:26,motorcycle
2024-10-01 14:09:26,car
2024-10-01 14:09:27,motorcycle
2024-10-01 14:09:27,car
2024-10-01 14:09:29,car
2024-10-01 14:09:31,car
2024-10-01 14:09:31,car
2024-10-01 14:09:31,car
2024-10-01 14:09:33,car
2024-10-01 14:09:34,truck
2024-10-01 14:09:36,car
2024-10-01 14:09:39,car
2024-10-01 14:09:39,motorcycle
2024-10-01 14:09:39,car
2024-10-01 14:09:40,car
2024-10-01 14:09:40,motorcycle
2024-10-01 14:09:42,car
2024-10-01 14:09:42,motorcycle
2024-10-01 14:09:43,motorcycle
2024-10-01 14:09:44,truck
2024-10-01 14:09:45,truck
2024-10-01 14:09:45,car
2024-10-01 14:09:46,car
2024-10-01 14:09:46,truck
2024-10-01 14:09:47,car
2024-10-01 14:09:47,car
2024-10-01 14:09:48,car
2024-10-01 14:09:49,car
2024-10-01 14:09:49,truck
2024-10-01 14:09:50,car
2024-10-01 14:09:51,car
2024-10-01 14:09:51,car
2024-10-01 14:09:52,car
2024-10-01 14:09:58,motorcycle
2024-10-01 14:09:58,motorcycle
2024-10-01 14:09:59,motorcycle
2024-10-01 14:10:00,motorcycle
2024-10-01 14:10:00,motorcycle
2024-10-01 14:10:15,car
2024-10-01 14:10:15,car
2024-10-01 14:10:15,car
2024-10-01 14:10:15,car
2024-10-01 14:10:15,car
2024-10-01 14:10:15,car
2024-10-01 14:10:15,car
2024-10-01 14:10:15,car
2024-10-01 14:10:15,car
2024-10-01 14:10:16,car
2024-10-01 14:10:16,car
2024-10-01 14:10:16,car
2024-10-01 14:10:16,car
2024-10-01 14:10:16,car
2024-10-01 14:10:16,car
2024-10-01 14:10:16,car
2024-10-01 14:10:16,car
2024-10-01 14:10:16,car
2024-10-01 14:10:16,car
2024-10-01 14:10:16,car
2024-10-01 14:10:16,car
2024-10-01 14:10:17,car
2024-10-01 14:10:17,car
2024-10-01 14:10:17,car
2024-10-01 14:10:17,car
2024-10-01 14:10:17,car
2024-10-01 14:10:17,car
2024-10-01 14:10:17,car
2024-10-01 14:10:18,car
2024-10-01 14:10:18,car
2024-10-01 14:10:18,car
2024-10-01 14:10:18,car
2024-10-01 14:10:18,car
2024-10-01 14:10:18,car
2024-10-01 14:10:18,car
2024-10-01 14:10:19,car
2024-10-01 14:10:19,car
2024-10-01 14:10:20,car
2024-10-01 14:10:20,car
2024-10-01 14:10:20,car
2024-10-01 14:10:21,car
2024-10-01 14:10:21,car
2024-10-01 14:10:21,car
2024-10-01 14:10:21,car
2024-10-01 14:10:22,car
2024-10-01 14:10:22,car
2024-10-01 14:10:23,car
2024-10-01 14:10:23,car
2024-10-01 14:15:39,car
2024-10-01 14:15:39,car
2024-10-01 14:15:39,car
2024-10-01 14:15:39,car
2024-10-01 14:15:42,car
2024-10-01 14:15:42,car
2024-10-01 14:15:42,car
2024-10-01 14:15:42,car
2024-10-01 14:15:42,car
2024-10-01 14:15:42,car
2024-10-01 14:15:42,car
2024-10-01 14:15:42,car
2024-10-01 14:15:42,car
2024-10-01 14:15:42,car
2024-10-01 14:15:42,car
2024-10-01 14:15:42,truck
2024-10-01 14:15:42,car
2024-10-01 14:15:43,car
2024-10-01 14:15:43,car
2024-10-01 14:15:43,truck
2024-10-01 14:15:43,car
2024-10-01 14:15:44,car
2024-10-01 14:15:44,car
2024-10-01 14:15:44,truck
2024-10-01 14:15:44,car
2024-10-01 14:15:44,car
2024-10-01 14:15:44,truck
2024-10-01 14:15:44,car
2024-10-01 14:15:44,car
2024-10-01 14:15:44,truck
2024-10-01 14:15:44,car
2024-10-01 14:15:44,car
2024-10-01 14:15:44,car
2024-10-01 14:15:44,truck
2024-10-01 14:15:44,car
2024-10-01 14:15:44,car
2024-10-01 14:15:44,truck
2024-10-01 14:15:44,car
2024-10-01 14:15:44,car
2024-10-01 14:15:45,car
2024-10-01 14:15:45,car
2024-10-01 14:15:45,truck
2024-10-01 14:15:45,car
2024-10-01 14:15:45,car
2024-10-01 14:15:45,car
2024-10-01 14:15:45,car
2024-10-01 14:15:45,car
2024-10-01 14:15:45,car
2024-10-01 14:15:45,truck
2024-10-01 14:15:45,car
2024-10-01 14:15:45,car
2024-10-01 14:15:45,car
2024-10-01 14:15:45,car
2024-10-01 14:15:45,car
2024-10-01 14:15:45,truck
2024-10-01 14:15:45,car
2024-10-01 14:15:45,car
2024-10-01 14:15:45,car
2024-10-01 14:15:45,car
2024-10-01 14:15:45,car
2024-10-01 14:15:45,truck
2024-10-01 14:15:45,car
2024-10-01 14:15:45,car
2024-10-01 14:15:45,car
2024-10-01 14:15:45,truck
2024-10-01 14:15:45,car
2024-10-01 14:15:46,car
2024-10-01 14:15:46,car
2024-10-01 14:15:46,car
2024-10-01 14:15:46,car
2024-10-01 14:15:46,truck
2024-10-01 14:15:46,car
2024-10-01 14:15:46,car
2024-10-01 14:15:46,car
2024-10-01 14:15:46,car
2024-10-01 14:15:46,truck
2024-10-01 14:15:46,car
2024-10-01 14:15:46,car
2024-10-01 14:15:46,car
2024-10-01 14:15:46,car
2024-10-01 14:15:46,truck
2024-10-01 14:15:47,car
2024-10-01 14:15:47,car
2024-10-01 14:15:47,car
2024-10-01 14:15:47,truck
2024-10-01 14:15:47,car
2024-10-01 14:15:47,car
2024-10-01 14:15:47,truck
2024-10-01 14:15:47,car
2024-10-01 14:15:47,car
2024-10-01 14:15:47,car
2024-10-01 14:15:47,car
2024-10-01 14:15:47,car
2024-10-01 14:15:47,car
2024-10-01 14:15:47,truck
2024-10-01 14:15:47,car
2024-10-01 14:15:47,car
2024-10-01 14:15:47,car
2024-10-01 14:15:47,car
2024-10-01 14:15:47,truck
2024-10-01 14:15:47,car
2024-10-01 14:15:47,car
2024-10-01 14:15:47,car
2024-10-01 14:15:47,car
2024-10-01 14:15:47,car
2024-10-01 14:15:47,truck
2024-10-01 14:15:47,car
2024-10-01 14:15:48,car
2024-10-01 14:15:48,car
2024-10-01 14:15:48,truck
2024-10-01 14:15:48,car
2024-10-01 14:15:48,car
2024-10-01 14:15:48,car
2024-10-01 14:15:48,car
2024-10-01 14:15:48,truck
2024-10-01 14:15:48,car
2024-10-01 14:15:48,car
2024-10-01 14:15:48,car
2024-10-01 14:15:48,car
2024-10-01 14:15:48,truck
2024-10-01 14:15:48,car
2024-10-01 14:15:48,car
2024-10-01 14:15:48,car
2024-10-01 14:15:48,car
2024-10-01 14:15:49,car
2024-10-01 14:15:49,car
2024-10-01 14:15:49,car
2024-10-01 14:15:49,truck
2024-10-01 14:15:49,car
2024-10-01 14:15:49,car
2024-10-01 14:15:49,car
2024-10-01 14:15:49,car
2024-10-01 14:15:50,car
2024-10-01 14:15:50,car
2024-10-01 14:15:50,car
2024-10-01 14:15:50,car
2024-10-01 14:15:50,car
2024-10-01 14:15:50,car
2024-10-01 14:15:50,truck
2024-10-01 14:15:50,car
2024-10-01 14:15:50,car
2024-10-01 14:15:50,car
2024-10-01 14:15:50,car
2024-10-01 14:15:50,truck
2024-10-01 14:15:50,car
2024-10-01 14:15:50,car
2024-10-01 14:15:50,car
2024-10-01 14:15:50,truck
2024-10-01 14:15:50,car
2024-10-01 14:15:50,car
2024-10-01 14:15:50,car
2024-10-01 14:15:51,car
2024-10-01 14:15:51,truck
2024-10-01 14:15:51,car
2024-10-01 14:15:51,car
2024-10-01 14:15:51,truck
2024-10-01 14:15:51,car
2024-10-01 14:15:51,car
2024-10-01 14:15:51,car
2024-10-01 14:15:51,car
2024-10-01 14:15:51,truck
2024-10-01 14:15:51,car
2024-10-01 14:15:51,car
2024-10-01 14:15:51,car
2024-10-01 14:15:51,car
2024-10-01 14:15:51,car
2024-10-01 14:15:51,truck
2024-10-01 14:15:51,car
2024-10-01 14:15:51,car
2024-10-01 14:15:51,car
2024-10-01 14:15:52,car
2024-10-01 14:15:52,car
2024-10-01 14:15:52,car
2024-10-01 14:15:52,truck
2024-10-01 14:15:52,car
2024-10-01 14:15:52,car
2024-10-01 14:15:52,car
2024-10-01 14:15:52,car
2024-10-01 14:15:52,truck
2024-10-01 14:15:52,car
2024-10-01 14:15:52,car
2024-10-01 14:15:52,car
2024-10-01 14:15:52,car
2024-10-01 14:15:52,truck
2024-10-01 14:15:52,car
2024-10-01 14:15:52,car
2024-10-01 14:15:52,car
2024-10-01 14:15:52,motorcycle
2024-10-01 14:15:52,car
2024-10-01 14:15:52,car
2024-10-01 14:15:53,car
2024-10-01 14:15:53,car
2024-10-01 14:15:53,truck
2024-10-01 14:15:53,car
2024-10-01 14:15:53,car
2024-10-01 14:15:53,car
2024-10-01 14:15:53,car
2024-10-01 14:15:53,truck
2024-10-01 14:15:53,truck
2024-10-01 14:15:53,car
2024-10-01 14:15:53,car
2024-10-01 14:15:53,car
2024-10-01 14:15:53,car
2024-10-01 14:15:53,truck
2024-10-01 14:15:53,car
2024-10-01 14:15:54,car
2024-10-01 14:15:54,car
2024-10-01 14:15:54,car
2024-10-01 14:15:54,car
2024-10-01 14:15:54,car
2024-10-01 14:15:54,car
2024-10-01 14:15:54,car
2024-10-01 14:15:54,car
2024-10-01 14:15:54,car
2024-10-01 14:15:54,car
2024-10-01 14:15:54,car
2024-10-01 14:15:54,car
2024-10-01 14:15:54,car
2024-10-01 14:15:54,car
2024-10-01 14:15:54,car
2024-10-01 14:15:54,car
2024-10-01 14:15:54,car
2024-10-01 14:15:54,truck
2024-10-01 14:15:54,car
2024-10-01 14:15:54,car
2024-10-01 14:15:55,car
2024-10-01 14:15:55,car
2024-10-01 14:15:55,car
2024-10-01 14:15:55,car
2024-10-01 14:15:55,car
2024-10-01 14:15:55,car
2024-10-01 14:15:55,car
2024-10-01 14:15:55,car
2024-10-01 14:15:55,car
2024-10-01 14:15:55,truck
2024-10-01 14:15:55,car
2024-10-01 14:15:55,car
2024-10-01 14:15:55,car
2024-10-01 14:15:55,car
2024-10-01 14:15:55,car
2024-10-01 14:15:55,car
2024-10-01 14:15:55,car
2024-10-01 14:15:55,car
2024-10-01 14:15:55,truck
2024-10-01 14:15:56,car
2024-10-01 14:15:56,car
2024-10-01 14:15:56,car
2024-10-01 14:15:56,car
2024-10-01 14:15:56,car
2024-10-01 14:15:56,car
2024-10-01 14:15:56,truck
2024-10-01 14:15:56,car
2024-10-01 14:15:56,car
2024-10-01 14:15:56,car
2024-10-01 14:15:56,car
2024-10-01 14:15:56,car
2024-10-01 14:15:56,car
2024-10-01 14:15:56,car
2024-10-01 14:15:56,car
2024-10-01 14:15:56,car
2024-10-01 14:15:56,car
2024-10-01 14:15:56,car
2024-10-01 14:15:56,car
2024-10-01 14:15:56,car
2024-10-01 14:15:57,car
2024-10-01 14:15:57,car
2024-10-01 14:15:57,car
2024-10-01 14:15:57,car
2024-10-01 14:15:57,car
2024-10-01 14:15:57,car
2024-10-01 14:15:57,car
2024-10-01 14:15:57,car
2024-10-01 14:15:57,car
2024-10-01 14:15:57,car
2024-10-01 14:15:57,car
2024-10-01 14:15:57,car
2024-10-01 14:15:57,car
2024-10-01 14:15:57,car
2024-10-01 14:15:57,car
2024-10-01 14:15:57,car
2024-10-01 14:15:58,car
2024-10-01 14:15:58,car
2024-10-01 14:15:58,car
2024-10-01 14:15:58,car
2024-10-01 14:15:58,car
2024-10-01 14:15:58,car
2024-10-01 14:15:58,car
2024-10-01 14:15:58,car
2024-10-01 14:15:58,car
2024-10-01 14:15:58,car
2024-10-01 14:15:58,car
2024-10-01 14:15:58,car
2024-10-01 14:15:58,car
2024-10-01 14:15:58,car
2024-10-01 14:15:58,car
2024-10-01 14:15:59,car
2024-10-01 14:15:59,car
2024-10-01 14:15:59,car
2024-10-01 14:15:59,car
2024-10-01 14:15:59,car
2024-10-01 14:15:59,car
2024-10-01 14:15:59,car
2024-10-01 14:15:59,car
2024-10-01 14:15:59,car
2024-10-01 14:15:59,car
2024-10-01 14:15:59,car
2024-10-01 14:15:59,car
2024-10-01 14:15:59,car
2024-10-01 14:15:59,car
2024-10-01 14:15:59,car
2024-10-01 14:15:59,car
2024-10-01 14:15:59,car
2024-10-01 14:15:59,car
2024-10-01 14:16:00,car
2024-10-01 14:16:00,car
2024-10-01 14:16:00,car
2024-10-01 14:16:00,car
2024-10-01 14:16:00,car
2024-10-01 14:16:00,car
2024-10-01 14:16:00,car
2024-10-01 14:16:00,car
2024-10-01 14:16:00,car
2024-10-01 14:16:00,car
2024-10-01 14:16:00,car
2024-10-01 14:16:00,car
2024-10-01 14:16:00,car
2024-10-01 14:16:00,car
2024-10-01 14:16:01,car
2024-10-01 14:16:01,car
2024-10-01 14:16:01,car
2024-10-01 14:16:01,car
2024-10-01 14:16:01,car
2024-10-01 14:16:01,car
2024-10-01 14:16:01,car
2024-10-01 14:16:01,car
2024-10-01 14:16:01,car
2024-10-01 14:16:01,car
2024-10-01 14:16:01,car
2024-10-01 14:16:01,car
2024-10-01 14:16:01,car
2024-10-01 14:16:01,car
2024-10-01 14:16:01,car
2024-10-01 14:16:01,car
2024-10-01 14:16:02,car
2024-10-01 14:16:02,car
2024-10-01 14:16:02,car
2024-10-01 14:16:02,car
2024-10-01 14:16:02,car
2024-10-01 14:16:02,car
2024-10-01 14:16:02,car
2024-10-01 14:16:02,car
2024-10-01 14:16:02,car
2024-10-01 14:16:02,car
2024-10-01 14:16:02,car
2024-10-01 14:16:02,car
2024-10-01 14:16:02,car
2024-10-01 14:16:02,car
2024-10-01 14:16:02,car
2024-10-01 14:16:03,car
2024-10-01 14:16:03,car
2024-10-01 14:16:03,car
2024-10-01 14:16:03,car
2024-10-01 14:16:03,car
2024-10-01 14:16:03,car
2024-10-01 14:16:03,car
2024-10-01 14:16:03,car
2024-10-01 14:16:03,car
2024-10-01 14:16:03,car
2024-10-01 14:16:03,car
2024-10-01 14:16:03,car
2024-10-01 14:16:03,car
2024-10-01 14:16:03,car
2024-10-01 14:16:03,car
2024-10-01 14:16:03,car
2024-10-01 14:16:03,car
2024-10-01 14:16:03,car
2024-10-01 14:16:03,car
2024-10-01 14:16:03,car
2024-10-01 14:16:03,car
2024-10-01 14:16:03,car
2024-10-01 14:16:03,car
2024-10-01 14:16:04,car
2024-10-01 14:16:04,car
2024-10-01 14:16:04,car
2024-10-01 14:16:04,car
2024-10-01 14:16:04,car
2024-10-01 14:16:04,car
2024-10-01 14:16:04,car
2024-10-01 14:16:04,car
2024-10-01 14:16:04,car
2024-10-01 14:16:04,car
2024-10-01 14:16:04,car
2024-10-01 14:16:04,car
2024-10-01 14:16:04,car
2024-10-01 14:16:04,car
2024-10-01 14:16:04,car
2024-10-01 14:16:04,car
2024-10-01 14:16:04,car
2024-10-01 14:16:04,car
2024-10-01 14:16:04,car
2024-10-01 14:16:04,car
2024-10-01 14:16:05,car
2024-10-01 14:16:05,car
2024-10-01 14:16:05,car
2024-10-01 14:16:05,car
2024-10-01 14:16:05,car
2024-10-01 14:16:05,car
2024-10-01 14:16:05,car
2024-10-01 14:16:05,car
2024-10-01 14:16:05,car
2024-10-01 14:16:05,car
2024-10-01 14:16:05,car
2024-10-01 14:16:05,car
2024-10-01 14:16:05,car
2024-10-01 14:16:05,car
2024-10-01 14:16:05,car
2024-10-01 14:16:05,car
2024-10-01 14:16:05,car
2024-10-01 14:16:05,car
2024-10-01 14:16:05,car
2024-10-01 14:16:05,car
2024-10-01 14:16:05,car
2024-10-01 14:16:06,car
2024-10-01 14:16:06,car
2024-10-01 14:16:06,car
2024-10-01 14:16:06,car
2024-10-01 14:16:06,car
2024-10-01 14:16:06,car
2024-10-01 14:16:06,car
2024-10-01 14:16:06,car
2024-10-01 14:16:06,car
2024-10-01 14:16:06,car
2024-10-01 14:16:06,car
2024-10-01 14:16:06,car
2024-10-01 14:16:06,car
2024-10-01 14:16:06,car
2024-10-01 14:16:06,car
2024-10-01 14:16:06,car
2024-10-01 14:16:06,car
2024-10-01 14:16:06,car
2024-10-01 14:16:06,car
2024-10-01 14:16:06,car
2024-10-01 14:16:06,car
2024-10-01 14:16:06,car
2024-10-01 14:16:07,car
2024-10-01 14:16:07,car
2024-10-01 14:16:07,car
2024-10-01 14:16:07,car
2024-10-01 14:16:07,car
2024-10-01 14:16:07,car
2024-10-01 14:16:07,car
2024-10-01 14:16:07,car
2024-10-01 14:16:07,car
2024-10-01 14:16:07,car
2024-10-01 14:16:07,car
2024-10-01 14:16:07,car
2024-10-01 14:16:08,car
2024-10-01 14:16:08,car
2024-10-01 14:16:08,car
2024-10-01 14:16:08,car
2024-10-01 14:16:08,car
2024-10-01 14:16:08,car
2024-10-01 14:16:08,car
2024-10-01 14:16:08,car
2024-10-01 14:16:08,car
2024-10-01 14:16:08,car
2024-10-01 14:16:08,car
2024-10-01 14:16:08,car
2024-10-01 14:16:08,car
2024-10-01 14:16:08,car
2024-10-01 14:16:09,car
2024-10-01 14:16:09,car
2024-10-01 14:16:09,car
2024-10-01 14:16:09,car
2024-10-01 14:16:09,car
2024-10-01 14:16:09,car
2024-10-01 14:16:09,car
2024-10-01 14:16:09,car
2024-10-01 14:16:09,car
2024-10-01 14:16:09,car
2024-10-01 14:16:09,car
2024-10-01 14:16:09,car
2024-10-01 14:16:09,car
2024-10-01 14:16:09,car
2024-10-01 14:16:09,car
2024-10-01 14:16:09,car
2024-10-01 14:16:09,car
2024-10-01 14:16:09,car
2024-10-01 14:16:09,car
2024-10-01 14:16:10,car
2024-10-01 14:16:10,car
2024-10-01 14:16:10,car
2024-10-01 14:16:10,car
2024-10-01 14:16:10,car
2024-10-01 14:16:10,car
2024-10-01 14:16:10,car
2024-10-01 14:16:10,car
2024-10-01 14:16:10,car
2024-10-01 14:16:10,car
2024-10-01 14:16:10,car
2024-10-01 14:16:10,car
2024-10-01 14:16:10,car
2024-10-01 14:16:10,car
2024-10-01 14:16:10,car
2024-10-01 14:16:10,car
2024-10-01 14:16:11,car
2024-10-01 14:16:11,car
2024-10-01 14:16:11,car
2024-10-01 14:16:11,car
2024-10-01 14:16:11,car
2024-10-01 14:16:11,car
2024-10-01 14:16:11,car
2024-10-01 14:16:11,car
2024-10-01 14:16:11,car
2024-10-01 14:16:11,car
2024-10-01 14:16:11,car
2024-10-01 14:16:11,car
2024-10-01 14:16:11,car
2024-10-01 14:16:11,car
2024-10-01 14:16:11,car
2024-10-01 14:16:14,car
2024-10-01 14:16:14,car
2024-10-01 14:16:14,car
2024-10-01 14:16:14,car
2024-10-01 14:16:14,car
2024-10-01 14:16:14,car
2024-10-01 14:16:14,car
2024-10-01 14:16:14,car
2024-10-01 14:16:14,car
2024-10-01 14:16:14,car
2024-10-01 14:16:14,car
2024-10-01 14:16:14,car
2024-10-01 14:16:14,car
2024-10-01 14:16:14,car
2024-10-01 14:16:14,car
2024-10-01 14:16:14,car
2024-10-01 14:16:15,car
2024-10-01 14:16:15,car
2024-10-01 14:16:15,car
2024-10-01 14:16:15,car
2024-10-01 14:16:15,car
2024-10-01 14:16:15,car
2024-10-01 14:16:15,car
2024-10-01 14:16:15,car
2024-10-01 14:16:15,car
2024-10-01 14:16:15,car
2024-10-01 14:16:15,car
2024-10-01 14:16:15,car
2024-10-01 14:16:15,car
2024-10-01 14:16:15,car
2024-10-01 14:16:15,car
2024-10-01 14:16:15,car
2024-10-01 14:16:16,car
2024-10-01 14:16:16,car
2024-10-01 14:16:16,car
2024-10-01 14:16:16,car
2024-10-01 14:16:16,car
2024-10-01 14:16:16,car
2024-10-01 14:16:16,car
2024-10-01 14:16:16,car
2024-10-01 14:16:16,car
2024-10-01 14:16:16,car
2024-10-01 14:16:16,car
2024-10-01 14:16:16,car
2024-10-01 14:16:16,car
2024-10-01 14:16:16,car
2024-10-01 14:16:16,car
2024-10-01 14:16:16,car
2024-10-01 14:16:16,car
2024-10-01 14:16:16,car
2024-10-01 14:16:16,car
2024-10-01 14:16:16,car
2024-10-01 14:16:16,car
2024-10-01 14:16:16,car
2024-10-01 14:16:17,car
2024-10-01 14:16:17,car
2024-10-01 14:16:17,car
2024-10-01 14:16:17,car
2024-10-01 14:16:17,car
2024-10-01 14:16:17,car
2024-10-01 14:16:17,car
2024-10-01 14:16:17,car
2024-10-01 14:16:17,car
2024-10-01 14:16:17,car
2024-10-01 14:16:17,car
2024-10-01 14:16:17,car
2024-10-01 14:16:17,car
2024-10-01 14:16:17,car
2024-10-01 14:16:17,car
2024-10-01 14:16:17,car
2024-10-01 14:16:18,car
2024-10-01 14:16:18,car
2024-10-01 14:16:18,car
2024-10-01 14:16:18,car
2024-10-01 14:16:18,car
2024-10-01 14:16:18,car
2024-10-01 14:16:18,car
2024-10-01 14:16:18,car
2024-10-01 14:16:18,car
2024-10-01 14:16:18,car
2024-10-01 14:16:18,car
2024-10-01 14:16:18,car
2024-10-01 14:16:18,car
2024-10-01 14:16:18,car
2024-10-01 14:16:18,car
2024-10-01 14:16:19,car
2024-10-01 14:16:19,car
2024-10-01 14:16:19,car
2024-10-01 14:16:19,car
2024-10-01 14:16:19,car
2024-10-01 14:16:19,car
2024-10-01 14:16:19,car
2024-10-01 14:16:19,car
2024-10-01 14:16:19,car
2024-10-01 14:16:19,car
2024-10-01 14:16:19,car
2024-10-01 14:16:19,car
2024-10-01 14:16:19,car
2024-10-01 14:16:19,car
2024-10-01 14:16:19,car
2024-10-01 14:16:19,car
2024-10-01 14:16:19,car
2024-10-01 14:16:19,car
2024-10-01 14:16:19,car
2024-10-01 14:16:20,car
2024-10-01 14:16:20,car
2024-10-01 14:16:20,car
2024-10-01 14:16:20,car
2024-10-01 14:16:20,car
2024-10-01 14:16:20,car
2024-10-01 14:16:20,car
2024-10-01 14:16:20,car
2024-10-01 14:16:20,car
2024-10-01 14:16:20,car
2024-10-01 14:16:20,car
2024-10-01 14:16:20,car
2024-10-01 14:16:20,car
2024-10-01 14:16:20,car
2024-10-01 14:16:20,car
2024-10-01 14:16:20,car
2024-10-01 14:16:20,car
2024-10-01 14:16:20,car
2024-10-01 14:16:21,car
2024-10-01 14:16:21,car
2024-10-01 14:16:21,car
2024-10-01 14:16:21,car
2024-10-01 14:16:21,car
2024-10-01 14:16:21,car
2024-10-01 14:16:21,car
2024-10-01 14:16:21,car
2024-10-01 14:16:21,car
2024-10-01 14:16:21,car
2024-10-01 14:16:21,car
2024-10-01 14:16:21,car
2024-10-01 14:16:21,car
2024-10-01 14:16:21,car
2024-10-01 14:16:21,car
2024-10-01 14:16:21,car
2024-10-01 14:16:21,car
2024-10-01 14:16:21,car
2024-10-01 14:16:21,car
2024-10-01 14:16:22,car
2024-10-01 14:16:22,car
2024-10-01 14:16:22,car
2024-10-01 14:16:22,car
2024-10-01 14:16:22,car
2024-10-01 14:16:22,car
2024-10-01 14:16:22,car
2024-10-01 14:16:22,car
2024-10-01 14:16:22,car
2024-10-01 14:16:22,car
2024-10-01 14:16:22,car
2024-10-01 14:16:22,car
2024-10-01 14:16:22,car
2024-10-01 14:16:22,car
2024-10-01 14:16:22,car
2024-10-01 14:16:22,car
2024-10-01 14:16:22,car
2024-10-01 14:16:22,car
2024-10-01 14:16:22,car
2024-10-01 14:16:22,car
2024-10-01 14:16:22,car
2024-10-01 14:16:22,car
2024-10-01 14:16:22,car
2024-10-01 14:16:22,car
2024-10-01 14:16:22,car
2024-10-01 14:16:22,car
2024-10-01 14:16:22,car
2024-10-01 14:16:22,car
2024-10-01 14:16:22,car
2024-10-01 14:16:23,car
2024-10-01 14:16:23,car
2024-10-01 14:16:23,car
2024-10-01 14:16:23,car
2024-10-01 14:16:23,car
2024-10-01 14:16:23,car
2024-10-01 14:16:23,car
2024-10-01 14:16:23,car
2024-10-01 14:16:23,car
2024-10-01 14:16:23,car
2024-10-01 14:16:23,car
2024-10-01 14:16:23,car
2024-10-01 14:16:23,car
2024-10-01 14:16:23,car
2024-10-01 14:16:23,car
2024-10-01 14:16:23,car
2024-10-01 14:16:23,car
2024-10-01 14:16:23,car
2024-10-01 14:16:23,car
2024-10-01 14:16:23,car
2024-10-01 14:16:24,car
2024-10-01 14:16:24,car
2024-10-01 14:16:24,car
2024-10-01 14:16:24,car
2024-10-01 14:16:24,car
2024-10-01 14:16:24,car
2024-10-01 14:16:24,car
2024-10-01 14:16:24,car
2024-10-01 14:16:24,car
2024-10-01 14:16:24,car
2024-10-01 14:16:24,car
2024-10-01 14:16:24,car
2024-10-01 14:16:24,car
2024-10-01 14:16:24,car
2024-10-01 14:16:24,car
2024-10-01 14:16:24,car
2024-10-01 14:16:24,car
2024-10-01 14:16:24,car
2024-10-01 14:16:24,car
2024-10-01 14:16:25,car
2024-10-01 14:16:25,car
2024-10-01 14:16:25,car
2024-10-01 14:16:25,car
2024-10-01 14:16:25,car
2024-10-01 14:16:25,car
2024-10-01 14:16:25,car
2024-10-01 14:16:25,car
2024-10-01 14:16:25,car
2024-10-01 14:16:25,car
2024-10-01 14:16:25,car
2024-10-01 14:16:25,car
2024-10-01 14:16:25,car
2024-10-01 14:16:25,car
2024-10-01 14:16:25,car
2024-10-01 14:16:25,car
2024-10-01 14:16:25,car
2024-10-01 14:16:25,car
2024-10-01 14:16:26,car
2024-10-01 14:16:26,car
2024-10-01 14:16:26,car
2024-10-01 14:16:26,truck
2024-10-01 14:16:26,car
2024-10-01 14:16:26,car
2024-10-01 14:16:26,car
2024-10-01 14:16:26,car
2024-10-01 14:16:26,car
2024-10-01 14:16:26,car
2024-10-01 14:16:26,car
2024-10-01 14:16:26,car
2024-10-01 14:16:26,car
2024-10-01 14:16:27,car
2024-10-01 14:16:27,car
2024-10-01 14:16:27,car
2024-10-01 14:16:27,car
2024-10-01 14:16:27,car
2024-10-01 14:16:27,car
2024-10-01 14:16:27,car
2024-10-01 14:16:28,car
2024-10-01 14:16:28,car
2024-10-01 14:16:28,car
2024-10-01 14:16:28,car
2024-10-01 14:16:28,car
2024-10-01 14:16:28,car
2024-10-01 14:16:28,car
2024-10-01 14:16:28,car
2024-10-01 14:16:28,car
2024-10-01 14:16:29,car
2024-10-01 14:16:29,car
2024-10-01 14:16:29,car
2024-10-01 14:16:29,car
2024-10-01 14:16:29,car
2024-10-01 14:16:29,car
2024-10-01 14:16:29,car
2024-10-01 14:16:29,car
2024-10-01 14:16:29,car
2024-10-01 14:16:29,car
2024-10-01 14:16:29,car
2024-10-01 14:16:29,car
2024-10-01 14:16:29,car
2024-10-01 14:16:30,car
2024-10-01 14:16:30,car
2024-10-01 14:16:30,car
2024-10-01 14:16:30,car
2024-10-01 14:16:30,car
2024-10-01 14:16:30,car
2024-10-01 14:16:30,car
2024-10-01 14:16:30,car
2024-10-01 14:16:30,car
2024-10-01 14:16:31,car
2024-10-01 14:16:31,car
2024-10-01 14:16:31,car
2024-10-01 14:16:31,car
2024-10-01 14:16:31,car
2024-10-01 14:16:31,car
2024-10-01 14:16:31,car
2024-10-01 14:16:31,car
2024-10-01 14:16:31,car
2024-10-01 14:16:31,car
2024-10-01 14:16:31,car
2024-10-01 14:16:31,car
2024-10-01 14:16:32,car
2024-10-01 14:16:32,car
2024-10-01 14:16:32,car
2024-10-01 14:16:32,car
2024-10-01 14:16:32,car
2024-10-01 14:16:32,car
2024-10-01 14:16:32,car
2024-10-01 14:16:33,car
2024-10-01 14:16:33,car
2024-10-01 14:16:33,car
2024-10-01 14:16:33,car
2024-10-01 14:16:33,car
2024-10-01 14:16:33,car
2024-10-01 14:16:33,car
2024-10-01 14:16:33,car
2024-10-01 14:16:33,car
2024-10-01 14:16:33,car
2024-10-01 14:16:34,car
2024-10-01 14:16:34,car
2024-10-01 14:16:34,car
2024-10-01 14:16:34,car
2024-10-01 14:16:34,car
2024-10-01 14:16:35,car
2024-10-01 14:16:35,car
2024-10-01 14:16:35,car
2024-10-01 14:16:35,car
2024-10-01 14:16:36,car
2024-10-01 14:16:36,car
2024-10-01 14:16:36,car
2024-10-01 14:16:37,car
2024-10-01 14:16:37,car
2024-10-01 14:16:37,car
2024-10-01 14:16:37,car
2024-10-01 14:16:38,car
2024-10-01 14:16:38,car
2024-10-01 14:16:39,car
2024-10-01 14:16:39,car
2024-10-01 14:16:40,car
2024-10-01 14:16:40,car
2024-10-01 14:16:40,car
2024-10-01 14:16:40,car
2024-10-01 14:16:41,car
2024-10-01 14:16:41,car
2024-10-01 14:16:41,car
2024-10-01 14:16:41,car
2024-10-01 14:16:42,car
2024-10-01 14:16:42,car
2024-10-01 14:16:42,car
2024-10-01 14:16:42,car
2024-10-01 14:16:42,car
2024-10-01 14:16:42,car
2024-10-01 14:16:43,car
2024-10-01 14:16:43,car
2024-10-01 14:16:43,car
2024-10-01 14:16:43,car
2024-10-01 14:16:43,car
2024-10-01 14:16:43,car
2024-10-01 14:16:43,car
2024-10-01 14:16:43,car
2024-10-01 14:16:43,car
2024-10-01 14:16:44,car
2024-10-01 14:16:44,car
2024-10-01 14:16:44,car
2024-10-01 14:16:44,car
2024-10-01 14:16:45,car
2024-10-01 14:16:45,car
2024-10-01 14:16:45,car
2024-10-01 14:16:45,car
2024-10-01 14:16:45,car
2024-10-01 14:16:45,car
2024-10-01 14:16:45,car
2024-10-01 14:16:45,car
2024-10-01 14:16:45,car
2024-10-01 14:16:45,car
2024-10-01 14:16:46,car
2024-10-01 14:16:46,car
2024-10-01 14:16:46,car
2024-10-01 14:16:46,car
2024-10-01 14:16:46,car
2024-10-01 14:16:46,car
2024-10-01 14:16:46,car
2024-10-01 14:16:47,car
2024-10-01 14:16:47,car
2024-10-01 14:16:47,car
2024-10-01 14:16:47,car
2024-10-01 14:16:47,car
2024-10-01 14:16:47,car
2024-10-01 14:16:47,car
2024-10-01 14:16:47,car
2024-10-01 14:16:47,car
2024-10-01 14:16:47,car
2024-10-01 14:16:48,car
2024-10-01 14:16:48,car
2024-10-01 14:16:48,car
2024-10-01 14:16:48,car
2024-10-01 14:16:48,car
2024-10-01 14:16:48,car
2024-10-01 14:16:48,car
2024-10-01 14:16:48,car
2024-10-01 14:16:48,car
2024-10-01 14:16:48,car
2024-10-01 14:16:49,car
2024-10-01 14:16:49,car
2024-10-01 14:16:49,car
2024-10-01 14:16:49,car
2024-10-01 14:16:49,car
2024-10-01 14:16:49,car
2024-10-01 14:16:49,car
2024-10-01 14:16:49,car
2024-10-01 14:16:49,car
2024-10-01 14:16:49,car
2024-10-01 14:16:49,car
2024-10-01 14:16:49,car
2024-10-01 14:17:20,car
2024-10-01 14:17:20,car
2024-10-01 14:17:20,car
2024-10-01 14:17:20,car
2024-10-01 14:17:20,car
2024-10-01 14:17:20,car
2024-10-01 14:17:20,car
2024-10-01 14:17:20,car
2024-10-01 14:17:20,car
2024-10-01 14:17:20,car
2024-10-01 14:17:20,car
2024-10-01 14:17:20,car
2024-10-01 14:17:20,car
2024-10-01 14:17:20,car
2024-10-01 14:17:20,car
2024-10-01 14:17:20,car
2024-10-01 14:17:20,car
2024-10-01 14:17:20,car
2024-10-01 14:17:20,car
2024-10-01 14:17:20,car
2024-10-01 14:17:21,car
2024-10-01 14:17:21,car
2024-10-01 14:17:21,car
2024-10-01 14:17:21,car
2024-10-01 14:17:21,car
2024-10-01 14:17:21,car
2024-10-01 14:17:21,car
2024-10-01 14:17:21,car
2024-10-01 14:17:21,car
2024-10-01 14:17:22,car
2024-10-01 14:21:30,car
2024-10-01 14:21:30,car
2024-10-01 14:21:30,car
2024-10-01 14:21:30,car
2024-10-01 14:21:30,car
2024-10-01 14:21:31,car
2024-10-01 14:21:31,car
2024-10-01 14:21:31,car
2024-10-01 14:21:31,car
2024-10-01 14:21:32,car
2024-10-01 14:21:32,car
2024-10-01 14:21:32,car
2024-10-01 14:21:32,car
2024-10-01 14:21:33,car
2024-10-01 14:21:33,car
2024-10-01 14:21:33,car
2024-10-01 14:21:33,car
2024-10-01 14:21:34,car
2024-10-01 14:21:34,car
2024-10-01 14:21:34,car
2024-10-01 14:21:34,car
2024-10-01 14:21:34,car
2024-10-01 14:21:34,car
2024-10-01 14:21:34,car
2024-10-01 14:21:34,car
2024-10-01 14:21:34,car
2024-10-01 14:21:35,car
2024-10-01 14:21:36,car
2024-10-01 14:21:36,car
2024-10-01 14:21:36,car
2024-10-01 14:21:37,car
2024-10-01 14:21:37,car
2024-10-01 14:21:37,car
2024-10-01 14:21:37,car
2024-10-01 14:21:37,car
2024-10-01 14:21:37,car
2024-10-01 14:21:38,car
2024-10-01 14:21:38,car
2024-10-01 14:21:40,car
2024-10-01 14:21:40,car
2024-10-01 14:21:42,car
2024-10-01 14:21:42,car
2024-10-01 14:21:43,car
2024-10-01 14:21:43,car
2024-10-01 14:21:43,car
2024-10-01 14:21:43,car
2024-10-01 14:21:43,car
2024-10-01 14:21:43,car
2024-10-01 14:21:44,car
2024-10-01 14:21:44,car
2024-10-01 14:21:44,car
2024-10-01 14:21:44,car
2024-10-01 14:21:44,car
2024-10-01 14:21:45,car
2024-10-01 14:21:45,car
2024-10-01 14:21:45,car
2024-10-01 14:21:45,car
2024-10-01 14:21:45,car
2024-10-01 14:21:46,car
2024-10-01 14:21:46,car
2024-10-01 14:21:46,car
2024-10-01 14:21:46,car
2024-10-01 14:21:46,car
2024-10-01 14:21:47,car
2024-10-01 14:21:47,car
2024-10-01 14:21:47,car
2024-10-01 14:21:48,car
2024-10-01 14:21:48,car
2024-10-01 14:21:48,car
2024-10-01 14:21:49,car
2024-10-01 14:21:49,car
2024-10-01 14:21:49,car
2024-10-01 14:21:49,car
2024-10-01 14:21:49,car
2024-10-01 14:21:49,car
2024-10-01 14:21:49,car
2024-10-01 14:21:50,car
2024-10-01 14:21:50,car
2024-10-01 14:21:50,car
2024-10-01 14:21:50,car
2024-10-01 14:21:50,car
2024-10-01 14:21:50,car
2024-10-01 14:21:50,car
2024-10-01 14:21:50,car
2024-10-01 14:21:50,car
2024-10-01 14:21:50,car
2024-10-01 14:21:51,car
2024-10-01 14:21:51,car
2024-10-01 14:21:51,car
2024-10-01 14:21:51,car
2024-10-01 14:21:51,car
2024-10-01 14:21:51,car
2024-10-01 14:21:51,car
2024-10-01 14:21:51,car
2024-10-01 14:21:51,car
2024-10-01 14:21:51,car
2024-10-01 14:21:51,car
2024-10-01 14:21:51,car
2024-10-01 14:21:51,car
2024-10-01 14:21:51,car
2024-10-01 14:21:52,car
2024-10-01 14:21:52,car
2024-10-01 14:21:52,car
2024-10-01 14:21:52,car
2024-10-01 14:21:52,car
2024-10-01 14:21:52,car
2024-10-01 14:21:52,car
2024-10-01 14:21:52,car
2024-10-01 14:21:52,car
2024-10-01 14:21:52,car
2024-10-01 14:21:52,car
2024-10-01 14:21:53,car
2024-10-01 14:21:53,car
2024-10-01 14:21:53,car
2024-10-01 14:21:53,car
2024-10-01 14:21:53,car
2024-10-01 14:21:53,car
2024-10-01 14:21:53,car
2024-10-01 14:21:53,car
2024-10-01 14:21:53,car
2024-10-01 14:21:53,car
2024-10-01 14:21:53,car
2024-10-01 14:21:53,car
2024-10-01 14:21:53,car
2024-10-01 14:21:53,car
2024-10-01 14:21:53,car
2024-10-01 14:21:53,car
2024-10-01 14:21:53,car
2024-10-01 14:21:53,car
2024-10-01 14:21:54,car
2024-10-01 14:21:54,car
2024-10-01 14:21:54,car
2024-10-01 14:21:54,car
2024-10-01 14:21:54,car
2024-10-01 14:21:54,car
2024-10-01 14:21:54,car
2024-10-01 14:21:54,car
2024-10-01 14:21:54,car
2024-10-01 14:21:54,car
2024-10-01 14:21:54,car
2024-10-01 14:21:54,car
2024-10-01 14:21:54,car
2024-10-01 14:21:54,car
2024-10-01 14:21:54,car
2024-10-01 14:21:55,car
2024-10-01 14:21:55,car
2024-10-01 14:21:55,car
2024-10-01 14:21:55,car
2024-10-01 14:21:55,car
2024-10-01 14:21:55,car
2024-10-01 14:21:55,car
2024-10-01 14:21:55,car
2024-10-01 14:21:55,car
2024-10-01 14:21:55,car
2024-10-01 14:21:55,car
2024-10-01 14:21:55,car
2024-10-01 14:21:55,car
2024-10-01 14:21:55,car
2024-10-01 14:21:56,car
2024-10-01 14:21:56,car
2024-10-01 14:21:56,car
2024-10-01 14:21:56,car
2024-10-01 14:21:56,car
2024-10-01 14:21:56,car
2024-10-01 14:21:56,car
2024-10-01 14:21:56,car
2024-10-01 14:21:56,car
2024-10-01 14:21:56,car
2024-10-01 14:21:56,car
2024-10-01 14:21:56,car
2024-10-01 14:21:56,car
2024-10-01 14:21:56,car
2024-10-01 14:21:56,car
2024-10-01 14:21:56,car
2024-10-01 14:21:56,car
2024-10-01 14:21:56,car
2024-10-01 14:21:57,car
2024-10-01 14:21:57,car
2024-10-01 14:21:57,car
2024-10-01 14:21:57,car
2024-10-01 14:21:57,car
2024-10-01 14:21:57,car
2024-10-01 14:21:57,car
2024-10-01 14:21:57,car
2024-10-01 14:21:57,car
2024-10-01 14:21:57,car
2024-10-01 14:21:57,car
2024-10-01 14:21:57,car
2024-10-01 14:21:57,car
2024-10-01 14:21:57,car
2024-10-01 14:21:57,car
2024-10-01 14:21:57,car
2024-10-01 14:21:57,car
2024-10-01 14:21:57,car
2024-10-01 14:21:57,car
2024-10-01 14:21:57,car
2024-10-01 14:21:57,car
2024-10-01 14:21:58,car
2024-10-01 14:21:58,car
2024-10-01 14:21:58,car
2024-10-01 14:21:58,car
2024-10-01 14:21:58,car
2024-10-01 14:21:58,car
2024-10-01 14:21:58,car
2024-10-01 14:21:58,car
2024-10-01 14:21:58,car
2024-10-01 14:21:58,car
2024-10-01 14:21:58,car
2024-10-01 14:21:58,car
2024-10-01 14:21:58,car
2024-10-01 14:21:58,car
2024-10-01 14:21:58,car
2024-10-01 14:21:59,car
2024-10-01 14:21:59,car
2024-10-01 14:21:59,car
2024-10-01 14:21:59,car
2024-10-01 14:21:59,car
2024-10-01 14:21:59,car
2024-10-01 14:21:59,car
2024-10-01 14:21:59,car
2024-10-01 14:21:59,car
2024-10-01 14:21:59,car
2024-10-01 14:21:59,car
2024-10-01 14:21:59,car
2024-10-01 14:21:59,car
2024-10-01 14:21:59,car
2024-10-01 14:21:59,car
2024-10-01 14:21:59,car
2024-10-01 14:21:59,car
2024-10-01 14:21:59,car
2024-10-01 14:21:59,car
2024-10-01 14:21:59,car
2024-10-01 14:21:59,car
2024-10-01 14:21:59,car
2024-10-01 14:21:59,car
2024-10-01 14:22:00,car
2024-10-01 14:22:00,car
2024-10-01 14:22:00,car
2024-10-01 14:22:00,car
2024-10-01 14:22:00,car
2024-10-01 14:22:00,car
2024-10-01 14:22:00,car
2024-10-01 14:22:00,car
2024-10-01 14:22:00,car
2024-10-01 14:22:00,car
2024-10-01 14:22:00,car
2024-10-01 14:22:01,car
2024-10-01 14:22:01,car
2024-10-01 14:22:01,car
2024-10-01 14:22:01,car
2024-10-01 14:22:01,car
2024-10-01 14:22:01,car
2024-10-01 14:22:01,car
2024-10-01 14:22:01,car
2024-10-01 14:22:01,car
2024-10-01 14:22:01,car
2024-10-01 14:22:02,car
2024-10-01 14:22:02,car
2024-10-01 14:22:02,car
2024-10-01 14:22:02,car
2024-10-01 14:22:02,car
2024-10-01 14:22:02,car
2024-10-01 14:22:02,car
2024-10-01 14:22:03,car
2024-10-01 14:22:03,car
2024-10-01 14:22:06,car
2024-10-01 14:22:07,car
2024-10-01 14:22:07,car
2024-10-01 14:22:07,car
2024-10-01 14:22:07,car
2024-10-01 14:22:07,car
2024-10-01 14:22:07,car
2024-10-01 14:22:08,car
2024-10-01 14:22:08,car
2024-10-01 14:22:08,car
2024-10-01 14:22:09,car
2024-10-01 14:22:09,car
2024-10-01 14:22:09,car
2024-10-01 14:22:09,car
2024-10-01 14:22:09,car
2024-10-01 14:22:09,car
2024-10-01 14:22:09,car
2024-10-01 14:22:10,car
2024-10-01 14:22:10,car
2024-10-01 14:22:10,car
2024-10-01 14:22:10,car
2024-10-01 14:22:10,car
2024-10-01 14:22:10,car
2024-10-01 14:22:10,car
2024-10-01 14:22:10,car
2024-10-01 14:22:10,car
2024-10-01 14:22:10,car
2024-10-01 14:22:10,car
2024-10-01 14:22:10,car
2024-10-01 14:22:11,car
2024-10-01 14:22:11,car
2024-10-01 14:22:11,car
2024-10-01 14:22:11,car
2024-10-01 14:22:11,car
2024-10-01 14:22:11,car
2024-10-01 14:22:11,car
2024-10-01 14:22:11,car
2024-10-01 14:22:11,car
2024-10-01 14:22:11,car
2024-10-01 14:22:11,car
2024-10-01 14:22:11,car
2024-10-01 14:22:11,car
2024-10-01 14:22:12,car
2024-10-01 14:22:12,car
2024-10-01 14:22:12,car
2024-10-01 14:22:12,car
2024-10-01 14:22:12,car
2024-10-01 14:22:12,car
2024-10-01 14:22:12,car
2024-10-01 14:22:12,car
2024-10-01 14:22:12,car
2024-10-01 14:22:12,car
2024-10-01 14:22:12,car
2024-10-01 14:22:13,car
2024-10-01 14:22:13,car
2024-10-01 14:22:13,car
2024-10-01 14:22:13,car
2024-10-01 14:22:13,car
2024-10-01 14:22:13,car
2024-10-01 14:22:13,car
2024-10-01 14:22:13,car
2024-10-01 14:22:13,car
2024-10-01 14:22:13,car
2024-10-01 14:22:14,car
2024-10-01 14:22:14,car
2024-10-01 14:22:14,car
2024-10-01 14:22:14,car
2024-10-01 14:22:14,car
2024-10-01 14:22:14,car
2024-10-01 14:22:14,car
2024-10-01 14:22:14,car
2024-10-01 14:22:14,car
2024-10-01 14:22:14,car
2024-10-01 14:22:14,car
2024-10-01 14:22:14,car
2024-10-01 14:22:14,car
2024-10-01 14:22:14,car
2024-10-01 14:22:14,car
2024-10-01 14:22:15,car
2024-10-01 14:22:15,car
2024-10-01 14:22:15,car
2024-10-01 14:22:15,truck
2024-10-01 14:22:15,car
2024-10-01 14:22:15,car
2024-10-01 14:22:15,car
2024-10-01 14:22:15,car
2024-10-01 14:22:16,car
2024-10-01 14:22:16,car
2024-10-01 14:22:16,car
2024-10-01 14:22:16,car
2024-10-01 14:22:16,car
2024-10-01 14:22:16,car
2024-10-01 14:22:16,car
2024-10-01 14:22:16,car
2024-10-01 14:22:16,car
2024-10-01 14:22:16,car
2024-10-01 14:22:16,car
2024-10-01 14:22:16,car
2024-10-01 14:22:16,car
2024-10-01 14:22:16,car
2024-10-01 14:22:17,car
2024-10-01 14:22:17,car
2024-10-01 14:22:17,car
2024-10-01 14:22:17,car
2024-10-01 14:22:17,car
2024-10-01 14:22:17,car
2024-10-01 14:22:17,car
2024-10-01 14:22:17,car
2024-10-01 14:22:17,car
2024-10-01 14:22:17,car
2024-10-01 14:22:18,car
2024-10-01 14:22:18,car
2024-10-01 14:22:18,car
2024-10-01 14:22:18,car
2024-10-01 14:22:18,car
2024-10-01 14:22:18,car
2024-10-01 14:22:18,car
2024-10-01 14:22:18,car
2024-10-01 14:22:18,car
2024-10-01 14:22:18,car
2024-10-01 14:22:18,motorcycle
2024-10-01 14:22:18,car
2024-10-01 14:22:19,car
2024-10-01 14:22:19,car
2024-10-01 14:22:19,car
2024-10-01 14:22:19,car
2024-10-01 14:22:19,car
2024-10-01 14:22:19,car
2024-10-01 14:22:19,car
2024-10-01 14:22:19,car
2024-10-01 14:22:19,car
2024-10-01 14:22:19,motorcycle
2024-10-01 14:22:19,car
2024-10-01 14:22:19,car
2024-10-01 14:22:19,car
2024-10-01 14:22:19,car
2024-10-01 14:22:19,car
2024-10-01 14:22:19,car
2024-10-01 14:22:19,car
2024-10-01 14:22:20,car
2024-10-01 14:22:20,car
2024-10-01 14:22:20,car
2024-10-01 14:22:20,car
2024-10-01 14:22:20,car
2024-10-01 14:22:20,motorcycle
2024-10-01 14:22:20,car
2024-10-01 14:22:20,car
2024-10-01 14:22:20,car
2024-10-01 14:22:20,car
2024-10-01 14:22:20,car
2024-10-01 14:22:20,motorcycle
2024-10-01 14:22:20,car
2024-10-01 14:22:20,car
2024-10-01 14:22:20,car
2024-10-01 14:22:20,car
2024-10-01 14:22:20,motorcycle
2024-10-01 14:22:20,car
2024-10-01 14:22:20,car
2024-10-01 14:22:20,car
2024-10-01 14:22:20,car
2024-10-01 14:22:20,car
2024-10-01 14:22:20,motorcycle
2024-10-01 14:22:21,car
2024-10-01 14:22:21,car
2024-10-01 14:22:21,car
2024-10-01 14:22:21,car
2024-10-01 14:22:21,car
2024-10-01 14:22:21,motorcycle
2024-10-01 14:22:21,car
2024-10-01 14:22:21,car
2024-10-01 14:22:21,car
2024-10-01 14:22:21,car
2024-10-01 14:22:21,motorcycle
2024-10-01 14:22:21,car
2024-10-01 14:22:21,car
2024-10-01 14:22:21,car
2024-10-01 14:22:21,car
2024-10-01 14:22:21,motorcycle
2024-10-01 14:22:22,car
2024-10-01 14:22:22,car
2024-10-01 14:22:22,car
2024-10-01 14:22:22,car
2024-10-01 14:22:22,motorcycle
2024-10-01 14:22:22,car
2024-10-01 14:22:22,car
2024-10-01 14:22:22,car
2024-10-01 14:22:22,car
2024-10-01 14:22:22,car
2024-10-01 14:22:22,car
2024-10-01 14:22:22,car
2024-10-01 14:22:22,car
2024-10-01 14:22:22,car
2024-10-01 14:22:22,car
2024-10-01 14:22:22,car
2024-10-01 14:22:22,motorcycle
2024-10-01 14:22:22,car
2024-10-01 14:22:22,car
2024-10-01 14:22:22,car
2024-10-01 14:22:22,car
2024-10-01 14:22:22,car
2024-10-01 14:22:22,car
2024-10-01 14:22:23,car
2024-10-01 14:22:23,car
2024-10-01 14:22:23,car
2024-10-01 14:22:23,car
2024-10-01 14:22:23,car
2024-10-01 14:22:23,car
2024-10-01 14:22:23,car
2024-10-01 14:22:23,car
2024-10-01 14:22:23,car
2024-10-01 14:22:23,car
2024-10-01 14:22:23,car
2024-10-01 14:22:23,car
2024-10-01 14:22:23,car
2024-10-01 14:22:23,car
2024-10-01 14:22:23,car
2024-10-01 14:22:23,car
2024-10-01 14:22:23,car
2024-10-01 14:22:23,car
2024-10-01 14:22:23,car
2024-10-01 14:22:23,car
2024-10-01 14:22:24,car
2024-10-01 14:22:24,car
2024-10-01 14:22:24,car
2024-10-01 14:22:24,car
2024-10-01 14:22:24,car
2024-10-01 14:22:24,car
2024-10-01 14:22:24,car
2024-10-01 14:22:24,car
2024-10-01 14:22:24,car
2024-10-01 14:22:24,car
2024-10-01 14:22:24,car
2024-10-01 14:22:24,car
2024-10-01 14:22:24,car
2024-10-01 14:22:25,car
2024-10-01 14:22:25,car
2024-10-01 14:22:25,car
2024-10-01 14:22:25,car
2024-10-01 14:22:25,car
2024-10-01 14:22:25,car
2024-10-01 14:22:25,car
2024-10-01 14:22:25,car
2024-10-01 14:22:25,car
2024-10-01 14:22:25,car
2024-10-01 14:22:25,car
2024-10-01 14:22:25,car
2024-10-01 14:22:25,car
2024-10-01 14:22:25,car
2024-10-01 14:22:25,car
2024-10-01 14:22:25,car
2024-10-01 14:22:25,car
2024-10-01 14:22:25,car
2024-10-01 14:22:25,car
2024-10-01 14:22:25,car
2024-10-01 14:22:26,car
2024-10-01 14:22:26,car
2024-10-01 14:22:26,car
2024-10-01 14:22:26,car
2024-10-01 14:22:26,car
2024-10-01 14:22:26,car
2024-10-01 14:22:26,car
2024-10-01 14:22:26,car
2024-10-01 14:22:26,car
2024-10-01 14:22:26,car
2024-10-01 14:22:26,car
2024-10-01 14:22:26,car
2024-10-01 14:22:26,car
2024-10-01 14:22:26,car
2024-10-01 14:22:26,car
2024-10-01 14:22:26,car
2024-10-01 14:22:27,car
2024-10-01 14:22:27,car
2024-10-01 14:22:27,car
2024-10-01 14:22:27,car
2024-10-01 14:22:27,car
2024-10-01 14:22:27,car
2024-10-01 14:22:27,car
2024-10-01 14:22:27,car
2024-10-01 14:22:27,car
2024-10-01 14:22:27,car
2024-10-01 14:22:27,car
2024-10-01 14:22:27,car
2024-10-01 14:22:27,car
2024-10-01 14:22:27,car
2024-10-01 14:22:28,car
2024-10-01 14:22:28,car
2024-10-01 14:22:28,car
2024-10-01 14:22:28,car
2024-10-01 14:22:28,car
2024-10-01 14:22:28,car
2024-10-01 14:22:28,car
2024-10-01 14:22:28,car
2024-10-01 14:22:28,car
2024-10-01 14:22:28,car
2024-10-01 14:22:28,car
2024-10-01 14:22:28,car
2024-10-01 14:22:28,car
2024-10-01 14:22:28,car
2024-10-01 14:22:28,car
2024-10-01 14:22:28,car
2024-10-01 14:22:28,car
2024-10-01 14:22:28,car
2024-10-01 14:22:29,car
2024-10-01 14:22:29,car
2024-10-01 14:22:29,car
2024-10-01 14:22:29,car
2024-10-01 14:22:29,car
2024-10-01 14:22:29,car
2024-10-01 14:22:29,car
2024-10-01 14:22:29,car
2024-10-01 14:22:29,car
2024-10-01 14:22:29,car
2024-10-01 14:22:29,car
2024-10-01 14:22:29,car
2024-10-01 14:22:29,car
2024-10-01 14:22:29,car
2024-10-01 14:22:30,car
2024-10-01 14:22:30,car
2024-10-01 14:22:30,car
2024-10-01 14:22:30,car
2024-10-01 14:22:30,car
2024-10-01 14:22:30,car
2024-10-01 14:22:30,car
2024-10-01 14:22:30,car
2024-10-01 14:22:30,car
2024-10-01 14:22:30,car
2024-10-01 14:22:30,car
2024-10-01 14:22:30,car
2024-10-01 14:22:31,car
2024-10-01 14:22:31,car
2024-10-01 14:22:31,car
2024-10-01 14:22:31,car
2024-10-01 14:22:31,car
2024-10-01 14:22:31,car
2024-10-01 14:22:31,car
2024-10-01 14:22:31,car
2024-10-01 14:22:31,car
2024-10-01 14:22:31,car
2024-10-01 14:22:32,car
2024-10-01 14:22:32,car
2024-10-01 14:22:32,car
2024-10-01 14:22:32,car
2024-10-01 14:22:32,car
2024-10-01 14:22:32,car
2024-10-01 14:22:32,car
2024-10-01 14:22:32,car
2024-10-01 14:22:32,car
2024-10-01 14:22:32,car
2024-10-01 14:22:32,car
2024-10-01 14:22:32,car
2024-10-01 14:22:32,car
2024-10-01 14:22:32,car
2024-10-01 14:22:33,car
2024-10-01 14:22:33,car
2024-10-01 14:22:33,car
2024-10-01 14:22:33,car
2024-10-01 14:22:33,car
2024-10-01 14:22:33,car
2024-10-01 14:22:33,car
2024-10-01 14:22:33,car
2024-10-01 14:22:33,car
2024-10-01 14:22:33,car
2024-10-01 14:22:34,car
2024-10-01 14:22:34,truck
2024-10-01 14:22:34,car
2024-10-01 14:22:34,car
2024-10-01 14:22:34,car
2024-10-01 14:22:34,car
2024-10-01 14:22:34,car
2024-10-01 14:22:34,car
2024-10-01 14:22:34,car
2024-10-01 14:22:34,car
2024-10-01 14:22:35,car
2024-10-01 14:22:35,car
2024-10-01 14:22:35,car
2024-10-01 14:22:35,car
2024-10-01 14:22:35,car
2024-10-01 14:22:35,car
2024-10-01 14:22:35,car
2024-10-01 14:22:35,car
2024-10-01 14:22:35,car
2024-10-01 14:22:35,car
2024-10-01 14:22:35,car
2024-10-01 14:22:35,car
2024-10-01 14:22:35,car
2024-10-01 14:22:36,car
2024-10-01 14:22:36,car
2024-10-01 14:22:36,car
2024-10-01 14:22:36,car
2024-10-01 14:22:36,car
2024-10-01 14:22:36,car
2024-10-01 14:22:36,car
2024-10-01 14:22:36,truck
2024-10-01 14:22:36,car
2024-10-01 14:22:37,car
2024-10-01 14:22:37,car
2024-10-01 14:22:37,car
2024-10-01 14:22:37,car
2024-10-01 14:22:37,car
2024-10-01 14:22:37,car
2024-10-01 14:22:37,car
2024-10-01 14:22:37,car
2024-10-01 14:22:37,car
2024-10-01 14:22:37,car
2024-10-01 14:22:37,car
2024-10-01 14:22:37,car
2024-10-01 14:22:37,car
2024-10-01 14:22:37,car
2024-10-01 14:22:37,car
2024-10-01 14:22:38,car
2024-10-01 14:22:38,car
2024-10-01 14:22:38,car
2024-10-01 14:22:38,car
2024-10-01 14:22:38,car
2024-10-01 14:22:38,car
2024-10-01 14:22:38,car
2024-10-01 14:22:38,car
2024-10-01 14:22:38,car
2024-10-01 14:22:38,truck
2024-10-01 14:22:38,car
2024-10-01 14:22:38,truck
2024-10-01 14:22:38,car
2024-10-01 14:22:38,car
2024-10-01 14:22:39,car
2024-10-01 14:22:39,car
2024-10-01 14:22:39,car
2024-10-01 14:22:39,car
2024-10-01 14:22:39,car
2024-10-01 14:22:39,car
2024-10-01 14:22:40,car
2024-10-01 14:22:40,car
2024-10-01 14:22:40,car
2024-10-01 14:22:40,car
2024-10-01 14:22:40,car
2024-10-01 14:22:40,car
2024-10-01 14:22:40,car
2024-10-01 14:22:40,car
2024-10-01 14:22:40,car
2024-10-01 14:22:40,car
2024-10-01 14:22:41,car
2024-10-01 14:22:41,car
2024-10-01 14:22:41,car
2024-10-01 14:22:41,car
2024-10-01 14:22:41,car
2024-10-01 14:22:41,car
2024-10-01 14:22:41,car
2024-10-01 14:22:41,car
2024-10-01 14:22:41,car
2024-10-01 14:22:41,car
2024-10-01 14:22:41,car
2024-10-01 14:22:41,car
2024-10-01 14:22:42,car
2024-10-01 14:22:42,car
2024-10-01 14:22:42,car
2024-10-01 14:22:42,car
2024-10-01 14:22:42,car
2024-10-01 14:22:42,car
2024-10-01 14:22:42,car
2024-10-01 14:22:43,car
2024-10-01 14:22:43,car
2024-10-01 14:22:43,car
2024-10-01 14:22:44,car
2024-10-01 14:22:44,car
2024-10-01 14:22:44,car
2024-10-01 14:22:44,car
2024-10-01 14:22:45,car
2024-10-01 14:22:45,car
2024-10-01 14:22:45,car
2024-10-01 14:22:45,car
2024-10-01 14:22:46,car
2024-10-01 14:22:46,car
2024-10-01 14:22:46,car
2024-10-01 14:22:46,car
2024-10-01 14:22:46,car
2024-10-01 14:22:46,car
2024-10-01 14:22:46,car
2024-10-01 14:22:46,car
2024-10-01 14:22:46,car
2024-10-01 14:22:46,car
2024-10-01 14:22:47,car
2024-10-01 14:22:47,car
2024-10-01 14:22:47,car
2024-10-01 14:22:47,car
2024-10-01 14:22:47,car
2024-10-01 14:22:47,car
2024-10-01 14:22:47,car
2024-10-01 14:22:47,car
2024-10-01 14:22:47,car
2024-10-01 14:22:47,car
2024-10-01 14:22:47,car
2024-10-01 14:22:47,car
2024-10-01 14:22:47,car
2024-10-01 14:22:47,car
2024-10-01 14:22:47,car
2024-10-01 14:22:47,car
2024-10-01 14:22:47,car
2024-10-01 14:22:47,car
2024-10-01 14:22:47,car
2024-10-01 14:22:48,car
2024-10-01 14:22:48,car
2024-10-01 14:22:48,car
2024-10-01 14:22:48,car
2024-10-01 14:22:48,car
2024-10-01 14:22:48,car
2024-10-01 14:22:48,car
2024-10-01 14:22:48,car
2024-10-01 14:22:48,car
2024-10-01 14:22:48,car
2024-10-01 14:22:48,car
2024-10-01 14:22:48,car
2024-10-01 14:22:48,car
2024-10-01 14:22:48,car
2024-10-01 14:22:48,car
2024-10-01 14:22:48,car
2024-10-01 14:22:49,car
2024-10-01 14:22:49,car
2024-10-01 14:22:49,car
2024-10-01 14:22:49,car
2024-10-01 14:22:49,car
2024-10-01 14:22:49,car
2024-10-01 14:22:49,car
2024-10-01 14:22:49,car
2024-10-01 14:22:49,car
2024-10-01 14:22:49,car
2024-10-01 14:22:49,car
2024-10-01 14:22:49,car
2024-10-01 14:22:49,car
2024-10-01 14:22:49,car
2024-10-01 14:22:49,car
2024-10-01 14:22:49,car
2024-10-01 14:22:49,car
2024-10-01 14:22:49,car
2024-10-01 14:22:49,car
2024-10-01 14:22:49,car
2024-10-01 14:22:50,car
2024-10-01 14:22:50,car
2024-10-01 14:22:50,car
2024-10-01 14:22:50,car
2024-10-01 14:22:50,car
2024-10-01 14:22:50,car
2024-10-01 14:22:50,car
2024-10-01 14:22:50,car
2024-10-01 14:22:50,car
2024-10-01 14:22:50,car
2024-10-01 14:22:50,car
2024-10-01 14:22:50,car
2024-10-01 14:22:50,car
2024-10-01 14:22:50,car
2024-10-01 14:22:50,car
2024-10-01 14:22:50,car
2024-10-01 14:22:50,car
2024-10-01 14:22:50,car
2024-10-01 14:22:50,car
2024-10-01 14:22:50,car
2024-10-01 14:22:50,car
2024-10-01 14:22:51,car
2024-10-01 14:22:51,car
2024-10-01 14:22:51,car
2024-10-01 14:22:51,car
2024-10-01 14:22:51,car
2024-10-01 14:22:51,car
2024-10-01 14:22:51,car
2024-10-01 14:22:51,car
2024-10-01 14:22:51,car
2024-10-01 14:22:52,car
2024-10-01 14:22:52,car
2024-10-01 14:22:52,car
2024-10-01 14:22:52,car
2024-10-01 14:22:52,car
2024-10-01 14:22:52,car
2024-10-01 14:22:52,car
2024-10-01 14:22:52,car
2024-10-01 14:22:52,car
2024-10-01 14:22:52,car
2024-10-01 14:22:53,car
2024-10-01 14:22:53,car
2024-10-01 14:22:53,car
2024-10-01 14:22:55,car
2024-10-01 14:22:55,car
2024-10-01 14:22:56,car
2024-10-01 14:22:56,car
2024-10-01 14:22:56,car
2024-10-01 14:22:56,car
2024-10-01 14:22:56,car
2024-10-01 14:22:56,car
2024-10-01 14:22:56,car
2024-10-01 14:22:56,car
2024-10-01 14:22:56,car
2024-10-01 14:22:56,car
2024-10-01 14:22:57,car
2024-10-01 14:22:57,car
2024-10-01 14:23:04,car
2024-10-01 14:23:04,car
2024-10-01 14:23:04,car
2024-10-01 14:23:04,car
2024-10-01 14:23:04,car
2024-10-01 14:23:04,car
2024-10-01 14:23:04,car
2024-10-01 14:23:04,car
2024-10-01 14:23:04,car
2024-10-01 14:23:05,car
2024-10-01 14:23:05,car
2024-10-01 14:23:05,car
2024-10-01 14:23:05,car
2024-10-01 14:23:05,car
2024-10-01 14:23:05,car
2024-10-01 14:23:05,car
2024-10-01 14:23:05,car
2024-10-01 14:23:05,car
2024-10-01 14:23:05,car
2024-10-01 14:23:05,car
2024-10-01 14:23:05,car
2024-10-01 14:23:05,car
2024-10-01 14:23:05,car
2024-10-01 14:23:05,car
2024-10-01 14:23:06,car
2024-10-01 14:23:06,car
2024-10-01 14:23:06,car
2024-10-01 14:23:06,car
2024-10-01 14:23:06,car
2024-10-01 14:23:06,car
2024-10-01 14:23:06,car
2024-10-01 14:23:06,car
2024-10-01 14:23:06,car
2024-10-01 14:23:06,car
2024-10-01 14:23:07,car
2024-10-01 14:23:07,car
2024-10-01 14:23:07,car
2024-10-01 14:23:07,car
2024-10-01 14:23:07,car
2024-10-01 14:23:07,car
2024-10-01 14:23:07,car
2024-10-01 14:23:07,car
2024-10-01 14:23:07,car
2024-10-01 14:23:07,car
2024-10-01 14:23:07,car
2024-10-01 14:23:07,car
2024-10-01 14:23:07,car
2024-10-01 14:23:08,car
2024-10-01 14:23:08,car
2024-10-01 14:23:08,car
2024-10-01 14:23:08,car
2024-10-01 14:23:08,car
2024-10-01 14:23:08,car
2024-10-01 14:23:08,car
2024-10-01 14:23:08,car
2024-10-01 14:23:08,car
2024-10-01 14:23:08,car
2024-10-01 14:23:08,car
2024-10-01 14:23:08,car
2024-10-01 14:23:08,car
2024-10-01 14:23:08,car
2024-10-01 14:23:08,car
2024-10-01 14:23:08,car
2024-10-01 14:23:08,car
2024-10-01 14:23:08,car
2024-10-01 14:23:08,car
2024-10-01 14:23:09,car
2024-10-01 14:23:09,car
2024-10-01 14:23:09,car
2024-10-01 14:23:09,car
2024-10-01 14:23:09,car
2024-10-01 14:23:09,car
2024-10-01 14:23:09,car
2024-10-01 14:23:09,car
2024-10-01 14:23:09,car
2024-10-01 14:23:09,car
2024-10-01 14:23:09,car
2024-10-01 14:23:10,car
2024-10-01 14:23:10,car
2024-10-01 14:23:10,car
2024-10-01 14:23:10,car
2024-10-01 14:23:10,car
2024-10-01 14:23:10,car
2024-10-01 14:23:10,car
2024-10-01 14:23:10,car
2024-10-01 14:23:10,car
2024-10-01 14:23:10,car
2024-10-01 14:23:10,car
2024-10-01 14:23:10,car
2024-10-01 14:23:10,car
2024-10-01 14:23:10,car
2024-10-01 14:23:10,car
2024-10-01 14:23:11,car
2024-10-01 14:23:11,car
2024-10-01 14:23:11,car
2024-10-01 14:23:11,car
2024-10-01 14:23:11,car
2024-10-01 14:23:11,car
2024-10-01 14:23:11,car
2024-10-01 14:23:11,car
2024-10-01 14:23:11,car
2024-10-01 14:23:11,car
2024-10-01 14:23:11,car
2024-10-01 14:23:11,car
2024-10-01 14:23:11,car
2024-10-01 14:23:11,car
2024-10-01 14:23:11,car
2024-10-01 14:23:11,car
2024-10-01 14:23:12,car
2024-10-01 14:23:12,car
2024-10-01 14:23:12,car
2024-10-01 14:23:12,car
2024-10-01 14:23:12,car
2024-10-01 14:23:12,car
2024-10-01 14:23:12,car
2024-10-01 14:23:12,car
2024-10-01 14:23:12,car
2024-10-01 14:23:12,car
2024-10-01 14:23:12,car
2024-10-01 14:23:12,car
2024-10-01 14:23:12,car
2024-10-01 14:23:12,car
2024-10-01 14:23:12,car
2024-10-01 14:23:12,car
2024-10-01 14:23:13,car
2024-10-01 14:23:13,car
2024-10-01 14:23:13,car
2024-10-01 14:23:13,car
2024-10-01 14:23:13,car
2024-10-01 14:23:13,car
2024-10-01 14:23:13,car
2024-10-01 14:23:13,car
2024-10-01 14:23:13,car
2024-10-01 14:23:13,car
2024-10-01 14:23:13,car
2024-10-01 14:23:13,car
2024-10-01 14:23:14,car
2024-10-01 14:23:14,car
2024-10-01 14:23:14,car
2024-10-01 14:23:14,car
2024-10-01 14:23:14,car
2024-10-01 14:23:14,car
2024-10-01 14:23:14,car
2024-10-01 14:23:14,car
2024-10-01 14:23:14,car
2024-10-01 14:23:14,car
2024-10-01 14:23:14,car
2024-10-01 14:23:14,car
2024-10-01 14:23:14,car
2024-10-01 14:23:14,car
2024-10-01 14:23:14,car
2024-10-01 14:23:14,car
2024-10-01 14:23:14,car
2024-10-01 14:23:14,car
2024-10-01 14:23:14,car
2024-10-01 14:23:20,motorcycle
2024-10-01 14:23:21,motorcycle
2024-10-01 14:23:21,motorcycle
2024-10-01 14:23:22,motorcycle
2024-10-01 14:23:22,motorcycle
2024-10-01 14:23:22,motorcycle
2024-10-01 14:23:22,motorcycle
2024-10-01 14:23:23,motorcycle
2024-10-01 14:23:23,motorcycle
2024-10-01 14:23:23,motorcycle
2024-10-01 14:23:23,motorcycle
2024-10-01 14:23:23,motorcycle
2024-10-01 14:23:24,motorcycle
2024-10-01 14:23:24,motorcycle
2024-10-01 14:23:24,motorcycle
2024-10-01 14:23:24,motorcycle
2024-10-01 14:23:24,motorcycle
2024-10-01 14:23:24,motorcycle
2024-10-01 14:23:24,motorcycle
2024-10-01 14:23:24,motorcycle
2024-10-01 14:23:24,motorcycle
2024-10-01 14:23:24,motorcycle
2024-10-01 14:23:24,motorcycle
2024-10-01 14:23:24,motorcycle
2024-10-01 14:23:24,motorcycle
2024-10-01 14:23:25,motorcycle
2024-10-01 14:23:25,motorcycle
2024-10-01 14:23:25,motorcycle
2024-10-01 14:23:25,motorcycle
2024-10-01 14:23:25,motorcycle
2024-10-01 14:23:25,motorcycle
2024-10-01 14:23:25,motorcycle
2024-10-01 14:23:25,motorcycle
2024-10-01 14:23:25,motorcycle
2024-10-01 14:23:25,motorcycle
2024-10-01 14:23:25,motorcycle
2024-10-01 14:23:25,motorcycle
2024-10-01 14:23:26,motorcycle
2024-10-01 14:23:26,motorcycle
2024-10-01 14:23:26,motorcycle
2024-10-01 14:23:26,motorcycle
2024-10-01 14:23:26,motorcycle
2024-10-01 14:23:26,motorcycle
2024-10-01 14:23:26,motorcycle
2024-10-01 14:23:26,motorcycle
2024-10-01 14:23:26,motorcycle
2024-10-01 14:23:26,motorcycle
2024-10-01 14:23:26,motorcycle
2024-10-01 14:23:26,motorcycle
2024-10-01 14:23:26,motorcycle
2024-10-01 14:23:26,motorcycle
2024-10-01 14:23:27,motorcycle
2024-10-01 14:23:27,motorcycle
2024-10-01 14:23:27,motorcycle
2024-10-01 14:23:27,motorcycle
2024-10-01 14:23:27,motorcycle
2024-10-01 14:23:28,motorcycle
2024-10-01 14:23:28,motorcycle
2024-10-01 14:23:28,motorcycle
2024-10-01 14:23:28,motorcycle
2024-10-01 14:23:28,motorcycle
2024-10-01 14:23:28,motorcycle
2024-10-01 14:23:29,motorcycle
2024-10-01 14:23:29,motorcycle
2024-10-01 14:23:29,motorcycle
2024-10-01 14:23:29,motorcycle
2024-10-01 14:23:29,motorcycle
2024-10-01 14:23:29,motorcycle
2024-10-01 14:23:30,motorcycle
2024-10-01 14:23:30,motorcycle
2024-10-01 14:23:30,motorcycle
2024-10-01 14:23:30,motorcycle
2024-10-01 14:23:30,motorcycle
2024-10-01 14:23:31,motorcycle
2024-10-01 14:23:31,motorcycle
2024-10-01 14:23:31,motorcycle
2024-10-01 14:23:31,motorcycle
2024-10-01 14:23:32,motorcycle
2024-10-01 14:23:32,motorcycle
2024-10-01 14:23:32,motorcycle
2024-10-01 14:23:32,motorcycle
2024-10-01 14:23:32,motorcycle
2024-10-01 14:23:32,motorcycle
2024-10-01 14:23:33,motorcycle
2024-10-01 14:23:33,motorcycle
2024-10-01 14:23:33,motorcycle
2024-10-01 14:23:33,motorcycle
2024-10-01 14:23:34,motorcycle
2024-10-01 14:23:34,motorcycle
2024-10-01 14:23:34,car
2024-10-01 14:23:34,motorcycle
2024-10-01 14:23:34,car
2024-10-01 14:23:34,motorcycle
2024-10-01 14:23:35,motorcycle
2024-10-01 14:23:35,motorcycle
2024-10-01 14:23:35,motorcycle
2024-10-01 14:23:35,motorcycle
2024-10-01 14:23:36,motorcycle
2024-10-01 14:23:36,motorcycle
2024-10-01 14:23:36,motorcycle
2024-10-01 14:23:36,motorcycle
2024-10-01 14:23:36,motorcycle
2024-10-01 14:23:37,motorcycle
2024-10-01 14:23:37,motorcycle
2024-10-01 14:23:37,motorcycle
2024-10-01 14:23:37,motorcycle
2024-10-01 14:23:37,motorcycle
2024-10-01 14:23:38,motorcycle
2024-10-01 14:23:38,motorcycle
2024-10-01 14:23:38,motorcycle
2024-10-01 14:23:38,motorcycle
2024-10-01 14:23:38,motorcycle
2024-10-01 14:23:39,motorcycle
2024-10-01 14:23:39,motorcycle
2024-10-01 14:23:39,motorcycle
2024-10-01 14:23:39,motorcycle
2024-10-01 14:23:39,car
2024-10-01 14:23:39,truck
2024-10-01 14:23:40,motorcycle
2024-10-01 14:23:40,truck
2024-10-01 14:23:40,car
2024-10-01 14:23:40,car
2024-10-01 14:23:40,motorcycle
2024-10-01 14:23:40,truck
2024-10-01 14:23:40,car
2024-10-01 14:23:40,motorcycle
2024-10-01 14:23:40,truck
2024-10-01 14:23:40,motorcycle
2024-10-01 14:23:40,truck
2024-10-01 14:23:40,truck
2024-10-01 14:23:41,motorcycle
2024-10-01 14:23:41,truck
2024-10-01 14:23:41,car
2024-10-01 14:23:41,car
2024-10-01 14:23:41,motorcycle
2024-10-01 14:23:41,truck
2024-10-01 14:23:41,truck
2024-10-01 14:23:41,motorcycle
2024-10-01 14:23:41,car
2024-10-01 14:23:41,car
2024-10-01 14:23:41,motorcycle
2024-10-01 14:23:41,truck
2024-10-01 14:23:42,motorcycle
2024-10-01 14:23:42,truck
2024-10-01 14:23:42,car
2024-10-01 14:23:42,motorcycle
2024-10-01 14:23:42,car
2024-10-01 14:23:42,motorcycle
2024-10-01 14:23:42,truck
2024-10-01 14:23:42,car
2024-10-01 14:23:42,motorcycle
2024-10-01 14:23:42,truck
2024-10-01 14:23:42,motorcycle
2024-10-01 14:23:43,car
2024-10-01 14:23:43,truck
2024-10-01 14:23:43,motorcycle
2024-10-01 14:23:43,truck
2024-10-01 14:23:43,motorcycle
2024-10-01 14:23:43,car
2024-10-01 14:23:43,truck
2024-10-01 14:23:43,motorcycle
2024-10-01 14:23:43,car
2024-10-01 14:23:43,truck
2024-10-01 14:23:43,car
2024-10-01 14:23:43,motorcycle
2024-10-01 14:23:43,motorcycle
2024-10-01 14:23:44,truck
2024-10-01 14:23:44,car
2024-10-01 14:23:44,motorcycle
2024-10-01 14:23:44,motorcycle
2024-10-01 14:23:44,truck
2024-10-01 14:23:44,car
2024-10-01 14:23:44,motorcycle
2024-10-01 14:23:44,truck
2024-10-01 14:23:44,car
2024-10-01 14:23:44,motorcycle
2024-10-01 14:23:44,truck
2024-10-01 14:23:44,car
2024-10-01 14:23:44,motorcycle
2024-10-01 14:23:44,car
2024-10-01 14:23:44,truck
2024-10-01 14:23:44,motorcycle
2024-10-01 14:23:44,motorcycle
2024-10-01 14:23:45,car
2024-10-01 14:23:45,truck
2024-10-01 14:23:45,motorcycle
2024-10-01 14:23:45,motorcycle
2024-10-01 14:23:45,truck
2024-10-01 14:23:45,car
2024-10-01 14:23:45,motorcycle
2024-10-01 14:23:45,motorcycle
2024-10-01 14:23:45,truck
2024-10-01 14:23:45,car
2024-10-01 14:23:45,motorcycle
2024-10-01 14:23:46,truck
2024-10-01 14:23:46,car
2024-10-01 14:23:46,motorcycle
2024-10-01 14:23:46,motorcycle
2024-10-01 14:23:46,car
2024-10-01 14:23:46,truck
2024-10-01 14:23:46,motorcycle
2024-10-01 14:23:46,car
2024-10-01 14:23:46,truck
2024-10-01 14:23:46,motorcycle
2024-10-01 14:23:46,truck
2024-10-01 14:23:46,car
2024-10-01 14:23:46,motorcycle
2024-10-01 14:23:46,motorcycle
2024-10-01 14:23:47,truck
2024-10-01 14:23:47,car
2024-10-01 14:23:47,motorcycle
2024-10-01 14:23:47,truck
2024-10-01 14:23:47,motorcycle
2024-10-01 14:23:47,car
2024-10-01 14:23:47,motorcycle
2024-10-01 14:23:47,truck
2024-10-01 14:23:47,motorcycle
2024-10-01 14:23:47,car
2024-10-01 14:23:47,motorcycle
2024-10-01 14:23:47,truck
2024-10-01 14:23:47,car
2024-10-01 14:23:47,motorcycle
2024-10-01 14:23:47,motorcycle
2024-10-01 14:23:48,truck
2024-10-01 14:23:48,car
2024-10-01 14:23:48,motorcycle
2024-10-01 14:23:48,motorcycle
2024-10-01 14:23:48,truck
2024-10-01 14:23:48,motorcycle
2024-10-01 14:23:48,motorcycle
2024-10-01 14:23:48,car
2024-10-01 14:23:48,truck
2024-10-01 14:23:48,motorcycle
2024-10-01 14:23:48,motorcycle
2024-10-01 14:23:48,car
2024-10-01 14:23:48,truck
2024-10-01 14:23:48,motorcycle
2024-10-01 14:23:48,car
2024-10-01 14:23:48,motorcycle
2024-10-01 14:23:49,truck
2024-10-01 14:23:49,car
2024-10-01 14:23:49,motorcycle
2024-10-01 14:23:49,truck
2024-10-01 14:23:49,car
2024-10-01 14:23:49,motorcycle
2024-10-01 14:23:49,motorcycle
2024-10-01 14:23:49,truck
2024-10-01 14:23:49,motorcycle
2024-10-01 14:23:49,car
2024-10-01 14:23:49,motorcycle
2024-10-01 14:23:49,truck
2024-10-01 14:23:49,motorcycle
2024-10-01 14:23:49,car
2024-10-01 14:23:49,motorcycle
2024-10-01 14:23:49,motorcycle
2024-10-01 14:23:50,truck
2024-10-01 14:23:50,motorcycle
2024-10-01 14:23:50,car
2024-10-01 14:23:50,motorcycle
2024-10-01 14:23:50,motorcycle
2024-10-01 14:23:50,truck
2024-10-01 14:23:50,motorcycle
2024-10-01 14:23:50,car
2024-10-01 14:23:50,motorcycle
2024-10-01 14:23:50,truck
2024-10-01 14:23:50,motorcycle
2024-10-01 14:23:50,motorcycle
2024-10-01 14:23:50,car
2024-10-01 14:23:50,motorcycle
2024-10-01 14:23:50,car
2024-10-01 14:23:51,car
2024-10-01 14:23:51,car
2024-10-01 14:23:52,car
2024-10-01 14:23:52,car
2024-10-01 14:23:52,car
2024-10-01 14:23:53,car
2024-10-01 14:23:53,car
2024-10-01 14:23:53,car
2024-10-01 14:23:53,motorcycle
2024-10-01 14:23:53,car
2024-10-01 14:23:54,motorcycle
2024-10-01 14:23:54,car
2024-10-01 14:23:54,motorcycle
2024-10-01 14:23:54,car
2024-10-01 14:23:55,car
2024-10-01 14:23:55,car
2024-10-01 14:23:55,car
2024-10-01 14:23:55,motorcycle
2024-10-01 14:23:56,motorcycle
2024-10-01 14:23:56,motorcycle
2024-10-01 14:23:56,motorcycle
2024-10-01 14:23:56,motorcycle
2024-10-01 14:23:56,motorcycle
2024-10-01 14:23:57,motorcycle
2024-10-01 14:23:57,motorcycle
2024-10-01 14:23:57,motorcycle
2024-10-01 14:23:57,motorcycle
2024-10-01 14:23:58,motorcycle
2024-10-01 14:23:58,motorcycle
2024-10-01 14:23:58,motorcycle
2024-10-01 14:23:58,motorcycle
2024-10-01 14:23:59,motorcycle
2024-10-01 14:23:59,motorcycle
2024-10-01 14:23:59,motorcycle
2024-10-01 14:23:59,motorcycle
2024-10-01 14:23:59,motorcycle
2024-10-01 14:24:00,motorcycle
2024-10-01 14:24:00,motorcycle
2024-10-01 14:24:00,motorcycle
2024-10-01 14:24:00,motorcycle
2024-10-01 14:24:01,motorcycle
2024-10-01 14:24:01,motorcycle
2024-10-01 14:24:01,motorcycle
2024-10-01 14:24:01,motorcycle
2024-10-01 14:24:02,motorcycle
2024-10-01 14:24:02,motorcycle
2024-10-01 14:24:02,motorcycle
2024-10-01 14:24:02,motorcycle
2024-10-01 14:24:02,motorcycle
2024-10-01 14:24:03,motorcycle
2024-10-01 14:24:03,motorcycle
2024-10-01 14:24:03,motorcycle
2024-10-01 14:24:03,motorcycle
2024-10-01 14:24:03,motorcycle
2024-10-01 14:24:04,motorcycle
2024-10-01 14:24:04,motorcycle
2024-10-01 14:24:04,motorcycle
2024-10-01 14:24:04,motorcycle
2024-10-01 14:24:05,motorcycle
2024-10-01 14:24:05,motorcycle
2024-10-01 14:24:05,motorcycle
2024-10-01 14:24:05,motorcycle
2024-10-01 14:24:05,motorcycle
2024-10-01 14:24:05,motorcycle
2024-10-01 14:24:06,motorcycle
2024-10-01 14:24:06,motorcycle
2024-10-01 14:24:06,motorcycle
2024-10-01 14:24:06,motorcycle
2024-10-01 14:24:06,motorcycle
2024-10-01 14:24:06,motorcycle
2024-10-01 14:24:06,motorcycle
2024-10-01 14:24:06,car
2024-10-01 14:24:07,motorcycle
2024-10-01 14:24:07,motorcycle
2024-10-01 14:24:07,motorcycle
2024-10-01 14:24:07,motorcycle
2024-10-01 14:24:07,motorcycle
2024-10-01 14:24:07,motorcycle
2024-10-01 14:24:08,motorcycle
2024-10-01 14:24:08,motorcycle
2024-10-01 14:24:08,car
2024-10-01 14:24:08,motorcycle
2024-10-01 14:24:08,motorcycle
2024-10-01 14:24:09,motorcycle
2024-10-01 14:24:09,motorcycle
2024-10-01 14:24:09,motorcycle
2024-10-01 14:24:10,motorcycle
2024-10-01 14:24:10,motorcycle
2024-10-01 14:24:10,motorcycle
2024-10-01 14:24:10,motorcycle
2024-10-01 14:24:10,motorcycle
2024-10-01 14:24:10,motorcycle
2024-10-01 14:24:10,motorcycle
2024-10-01 14:24:10,motorcycle
2024-10-01 14:24:10,motorcycle
2024-10-01 14:24:11,motorcycle
2024-10-01 14:24:11,motorcycle
2024-10-01 14:24:11,motorcycle
2024-10-01 14:24:11,motorcycle
2024-10-01 14:24:11,motorcycle
2024-10-01 14:24:11,motorcycle
2024-10-01 14:24:11,car
2024-10-01 14:24:11,motorcycle
2024-10-01 14:24:12,motorcycle
2024-10-01 14:24:12,car
2024-10-01 14:24:12,car
2024-10-01 14:24:12,motorcycle
2024-10-01 14:24:12,car
2024-10-01 14:24:12,motorcycle
2024-10-01 14:24:12,car
2024-10-01 14:24:12,car
2024-10-01 14:24:12,motorcycle
2024-10-01 14:24:13,motorcycle
2024-10-01 14:24:13,car
2024-10-01 14:24:13,car
2024-10-01 14:24:13,motorcycle
2024-10-01 14:24:13,car
2024-10-01 14:24:13,motorcycle
2024-10-01 14:24:13,car
2024-10-01 14:24:13,motorcycle
2024-10-01 14:24:13,car
2024-10-01 14:24:14,motorcycle
2024-10-01 14:24:14,car
2024-10-01 14:24:14,motorcycle
2024-10-01 14:24:14,car
2024-10-01 14:24:14,motorcycle
2024-10-01 14:24:14,car
2024-10-01 14:24:14,motorcycle
2024-10-01 14:24:14,car
2024-10-01 14:24:15,motorcycle
2024-10-01 14:24:15,car
2024-10-01 14:24:15,motorcycle
2024-10-01 14:24:15,car
2024-10-01 14:24:15,motorcycle
2024-10-01 14:24:15,car
2024-10-01 14:24:15,motorcycle
2024-10-01 14:24:15,car
2024-10-01 14:24:16,motorcycle
2024-10-01 14:24:16,car
2024-10-01 14:24:16,motorcycle
2024-10-01 14:24:16,car
2024-10-01 14:24:16,motorcycle
2024-10-01 14:24:16,motorcycle
2024-10-01 14:24:17,motorcycle
2024-10-01 14:24:17,motorcycle
2024-10-01 14:24:17,car
2024-10-01 14:24:17,motorcycle
2024-10-01 14:24:17,motorcycle
2024-10-01 14:24:18,motorcycle
2024-10-01 14:24:18,truck
2024-10-01 14:24:18,motorcycle
2024-10-01 14:24:18,motorcycle
2024-10-01 14:24:18,motorcycle
2024-10-01 14:24:19,motorcycle
2024-10-01 14:24:19,motorcycle
2024-10-01 14:24:19,motorcycle
2024-10-01 14:24:19,motorcycle
2024-10-01 14:24:19,motorcycle
2024-10-01 14:24:20,motorcycle
2024-10-01 14:24:20,motorcycle
2024-10-01 14:24:20,motorcycle
2024-10-01 14:24:20,motorcycle
2024-10-01 14:24:21,motorcycle
2024-10-01 14:24:21,motorcycle
2024-10-01 14:24:21,motorcycle
2024-10-01 14:24:21,motorcycle
2024-10-01 14:24:22,motorcycle
2024-10-01 14:24:22,motorcycle
2024-10-01 14:24:22,motorcycle
2024-10-01 14:24:22,motorcycle
2024-10-01 14:24:22,motorcycle
2024-10-01 14:24:23,motorcycle
2024-10-01 14:24:23,motorcycle
2024-10-01 14:24:23,motorcycle
2024-10-01 14:24:23,motorcycle
2024-10-01 14:24:23,motorcycle
2024-10-01 14:24:23,motorcycle
2024-10-01 14:24:24,motorcycle
2024-10-01 14:24:24,motorcycle
2024-10-01 14:24:24,car
2024-10-01 14:24:24,motorcycle
2024-10-01 14:24:24,motorcycle
2024-10-01 14:24:24,car
2024-10-01 14:24:25,motorcycle
2024-10-01 14:24:25,car
2024-10-01 14:24:25,motorcycle
2024-10-01 14:24:25,car
2024-10-01 14:24:25,motorcycle
2024-10-01 14:24:25,car
2024-10-01 14:24:26,motorcycle
2024-10-01 14:24:26,truck
2024-10-01 14:24:26,motorcycle
2024-10-01 14:24:26,truck
2024-10-01 14:24:26,motorcycle
2024-10-01 14:24:26,motorcycle
2024-10-01 14:24:26,car
2024-10-01 14:24:26,motorcycle
2024-10-01 14:24:26,car
2024-10-01 14:24:27,motorcycle
2024-10-01 14:24:27,motorcycle
2024-10-01 14:24:27,motorcycle
2024-10-01 14:24:27,motorcycle
2024-10-01 14:24:27,motorcycle
2024-10-01 14:24:27,motorcycle
2024-10-01 14:24:27,truck
2024-10-01 14:24:27,motorcycle
2024-10-01 14:24:27,car
2024-10-01 14:24:28,motorcycle
2024-10-01 14:24:28,car
2024-10-01 14:24:28,motorcycle
2024-10-01 14:24:28,car
2024-10-01 14:24:28,truck
2024-10-01 14:24:28,motorcycle
2024-10-01 14:24:28,motorcycle
2024-10-01 14:24:28,motorcycle
2024-10-01 14:24:28,car
2024-10-01 14:24:29,motorcycle
2024-10-01 14:24:29,motorcycle
2024-10-01 14:24:29,car
2024-10-01 14:24:29,truck
2024-10-01 14:24:29,motorcycle
2024-10-01 14:24:29,truck
2024-10-01 14:24:29,motorcycle
2024-10-01 14:24:29,car
2024-10-01 14:24:29,motorcycle
2024-10-01 14:24:29,car
2024-10-01 14:24:29,truck
2024-10-01 14:24:29,motorcycle
2024-10-01 14:24:29,car
2024-10-01 14:24:29,car
2024-10-01 14:24:29,motorcycle
2024-10-01 14:24:29,car
2024-10-01 14:24:29,motorcycle
2024-10-01 14:24:29,car
2024-10-01 14:24:30,motorcycle
2024-10-01 14:24:30,truck
2024-10-01 14:24:30,car
2024-10-01 14:24:30,motorcycle
2024-10-01 14:24:30,car
2024-10-01 14:24:30,motorcycle
2024-10-01 14:24:30,car
2024-10-01 14:24:30,motorcycle
2024-10-01 14:24:30,car
2024-10-01 14:24:30,motorcycle
2024-10-01 14:24:31,motorcycle
2024-10-01 14:24:31,motorcycle
2024-10-01 14:24:31,motorcycle
2024-10-01 14:24:31,car
2024-10-01 14:24:31,motorcycle
2024-10-01 14:24:31,motorcycle
2024-10-01 14:24:31,motorcycle
2024-10-01 14:24:31,car
2024-10-01 14:24:31,motorcycle
2024-10-01 14:24:31,motorcycle
2024-10-01 14:24:31,car
2024-10-01 14:24:31,motorcycle
2024-10-01 14:24:31,car
2024-10-01 14:24:31,car
2024-10-01 14:24:32,motorcycle
2024-10-01 14:24:32,motorcycle
2024-10-01 14:24:32,motorcycle
2024-10-01 14:24:32,motorcycle
2024-10-01 14:24:32,car
2024-10-01 14:24:32,motorcycle
2024-10-01 14:24:32,motorcycle
2024-10-01 14:24:33,motorcycle
2024-10-01 14:24:33,car
2024-10-01 14:24:33,motorcycle
2024-10-01 14:24:33,motorcycle
2024-10-01 14:24:33,motorcycle
2024-10-01 14:24:33,car
2024-10-01 14:24:34,motorcycle
2024-10-01 14:24:34,car
2024-10-01 14:24:34,motorcycle
2024-10-01 14:24:34,motorcycle
2024-10-01 14:24:34,car
2024-10-01 14:24:34,motorcycle
2024-10-01 14:24:35,motorcycle
2024-10-01 14:24:36,motorcycle
2024-10-01 14:24:36,motorcycle
2024-10-01 14:24:39,car
2024-10-01 14:24:39,car
2024-10-01 14:24:39,car
2024-10-01 14:24:39,car
2024-10-01 14:24:39,car
2024-10-01 14:24:39,car
2024-10-01 14:24:39,car
2024-10-01 14:24:39,car
2024-10-01 14:24:39,car
2024-10-01 14:24:39,car
2024-10-01 14:24:39,car
2024-10-01 14:24:39,car
2024-10-01 14:24:39,truck
2024-10-01 14:24:39,car
2024-10-01 14:24:40,car
2024-10-01 14:24:40,car
2024-10-01 14:24:40,car
2024-10-01 14:24:40,car
2024-10-01 14:24:40,car
2024-10-01 14:24:40,car
2024-10-01 14:24:40,car
2024-10-01 14:24:40,car
2024-10-01 14:24:40,car
2024-10-01 14:24:40,car
2024-10-01 14:24:40,car
2024-10-01 14:24:40,car
2024-10-01 14:24:40,car
2024-10-01 14:24:40,car
2024-10-01 14:24:40,car
2024-10-01 14:24:40,car
2024-10-01 14:24:40,car
2024-10-01 14:24:41,car
2024-10-01 14:24:41,car
2024-10-01 14:24:41,car
2024-10-01 14:24:41,car
2024-10-01 14:24:41,car
2024-10-01 14:24:41,car
2024-10-01 14:24:41,car
2024-10-01 14:24:41,car
2024-10-01 14:24:41,car
2024-10-01 14:24:41,car
2024-10-01 14:24:41,car
2024-10-01 14:24:41,car
2024-10-01 14:24:41,car
2024-10-01 14:24:41,car
2024-10-01 14:24:41,car
2024-10-01 14:24:41,car
2024-10-01 14:24:42,car
2024-10-01 14:24:42,car
2024-10-01 14:24:42,car
2024-10-01 14:24:42,car
2024-10-01 14:24:42,car
2024-10-01 14:24:42,car
2024-10-01 14:24:42,car
2024-10-01 14:24:42,car
2024-10-01 14:24:42,car
2024-10-01 14:24:42,car
2024-10-01 14:24:42,car
2024-10-01 14:24:42,car
2024-10-01 14:24:42,car
2024-10-01 14:24:43,motorcycle
2024-10-01 14:24:43,car
2024-10-01 14:24:43,car
2024-10-01 14:24:43,car
2024-10-01 14:24:43,car
2024-10-01 14:24:43,motorcycle
2024-10-01 14:24:43,motorcycle
2024-10-01 14:24:43,motorcycle
2024-10-01 14:24:43,car
2024-10-01 14:24:43,car
2024-10-01 14:24:43,car
2024-10-01 14:24:43,car
2024-10-01 14:24:43,motorcycle
2024-10-01 14:24:43,car
2024-10-01 14:24:43,car
2024-10-01 14:24:43,motorcycle
2024-10-01 14:24:43,car
2024-10-01 14:24:43,car
2024-10-01 14:24:43,motorcycle
2024-10-01 14:24:43,car
2024-10-01 14:24:43,motorcycle
2024-10-01 14:24:43,car
2024-10-01 14:24:43,car
2024-10-01 14:24:44,motorcycle
2024-10-01 14:24:44,motorcycle
2024-10-01 14:24:44,car
2024-10-01 14:24:44,motorcycle
2024-10-01 14:24:44,car
2024-10-01 14:24:44,motorcycle
2024-10-01 14:24:44,car
2024-10-01 14:24:44,car
2024-10-01 14:24:44,car
2024-10-01 14:24:44,motorcycle
2024-10-01 14:24:44,car
2024-10-01 14:24:44,car
2024-10-01 14:24:44,motorcycle
2024-10-01 14:24:44,car
2024-10-01 14:24:44,car
2024-10-01 14:24:44,motorcycle
2024-10-01 14:24:44,car
2024-10-01 14:24:44,car
2024-10-01 14:24:44,truck
2024-10-01 14:24:45,car
2024-10-01 14:24:45,car
2024-10-01 14:24:45,car
2024-10-01 14:24:45,motorcycle
2024-10-01 14:24:45,car
2024-10-01 14:24:45,car
2024-10-01 14:24:45,car
2024-10-01 14:24:45,car
2024-10-01 14:24:45,motorcycle
2024-10-01 14:24:45,car
2024-10-01 14:24:45,car
2024-10-01 14:24:45,car
2024-10-01 14:24:45,motorcycle
2024-10-01 14:24:45,car
2024-10-01 14:24:46,car
2024-10-01 14:24:46,car
2024-10-01 14:24:46,motorcycle
2024-10-01 14:24:46,motorcycle
2024-10-01 14:24:46,car
2024-10-01 14:24:46,motorcycle
2024-10-01 14:24:46,car
2024-10-01 14:24:46,car
2024-10-01 14:24:46,motorcycle
2024-10-01 14:24:46,car
2024-10-01 14:24:46,motorcycle
2024-10-01 14:24:46,car
2024-10-01 14:24:46,car
2024-10-01 14:24:46,car
2024-10-01 14:24:46,motorcycle
2024-10-01 14:24:46,motorcycle
2024-10-01 14:24:46,car
2024-10-01 14:24:46,car
2024-10-01 14:24:46,motorcycle
2024-10-01 14:24:46,car
2024-10-01 14:24:46,motorcycle
2024-10-01 14:24:47,car
2024-10-01 14:24:47,motorcycle
2024-10-01 14:24:47,car
2024-10-01 14:24:47,car
2024-10-01 14:24:47,car
2024-10-01 14:24:47,car
2024-10-01 14:24:47,car
2024-10-01 14:24:47,car
2024-10-01 14:24:47,motorcycle
2024-10-01 14:24:47,car
2024-10-01 14:24:47,motorcycle
2024-10-01 14:24:47,motorcycle
2024-10-01 14:24:47,motorcycle
2024-10-01 14:24:47,car
2024-10-01 14:24:47,car
2024-10-01 14:24:47,motorcycle
2024-10-01 14:24:47,car
2024-10-01 14:24:47,car
2024-10-01 14:24:47,car
2024-10-01 14:24:47,car
2024-10-01 14:24:47,motorcycle
2024-10-01 14:24:47,car
2024-10-01 14:24:47,car
2024-10-01 14:24:48,car
2024-10-01 14:24:48,car
2024-10-01 14:24:48,motorcycle
2024-10-01 14:24:48,car
2024-10-01 14:24:48,car
2024-10-01 14:24:48,car
2024-10-01 14:24:48,car
2024-10-01 14:24:48,car
2024-10-01 14:24:48,motorcycle
2024-10-01 14:24:48,car
2024-10-01 14:24:48,motorcycle
2024-10-01 14:24:48,car
2024-10-01 14:24:48,car
2024-10-01 14:24:48,car
2024-10-01 14:24:48,motorcycle
2024-10-01 14:24:49,car
2024-10-01 14:24:49,car
2024-10-01 14:24:49,car
2024-10-01 14:24:49,motorcycle
2024-10-01 14:24:49,motorcycle
2024-10-01 14:24:49,car
2024-10-01 14:24:49,motorcycle
2024-10-01 14:24:49,car
2024-10-01 14:24:49,car
2024-10-01 14:24:49,car
2024-10-01 14:24:49,car
2024-10-01 14:24:49,motorcycle
2024-10-01 14:24:49,car
2024-10-01 14:24:49,car
2024-10-01 14:24:49,car
2024-10-01 14:24:49,car
2024-10-01 14:24:50,car
2024-10-01 14:24:50,car
2024-10-01 14:24:50,car
2024-10-01 14:24:50,motorcycle
2024-10-01 14:24:50,truck
2024-10-01 14:24:50,car
2024-10-01 14:24:50,car
2024-10-01 14:24:50,car
2024-10-01 14:24:50,car
2024-10-01 14:24:50,truck
2024-10-01 14:24:50,car
2024-10-01 14:24:50,car
2024-10-01 14:24:50,car
2024-10-01 14:24:50,car
2024-10-01 14:24:50,car
2024-10-01 14:24:50,car
2024-10-01 14:24:50,truck
2024-10-01 14:24:51,car
2024-10-01 14:24:51,car
2024-10-01 14:24:51,car
2024-10-01 14:24:51,truck
2024-10-01 14:24:51,car
2024-10-01 14:24:51,car
2024-10-01 14:24:51,car
2024-10-01 14:24:51,car
2024-10-01 14:24:51,car
2024-10-01 14:24:51,car
2024-10-01 14:24:51,car
2024-10-01 14:24:51,car
2024-10-01 14:24:51,car
2024-10-01 14:24:51,car
2024-10-01 14:24:52,car
2024-10-01 14:24:52,car
2024-10-01 14:24:52,car
2024-10-01 14:24:52,car
2024-10-01 14:24:52,car
2024-10-01 14:24:52,car
2024-10-01 14:24:52,car
2024-10-01 14:24:52,car
2024-10-01 14:24:52,car
2024-10-01 14:24:52,car
2024-10-01 14:24:52,car
2024-10-01 14:24:52,car
2024-10-01 14:24:52,car
2024-10-01 14:24:52,car
2024-10-01 14:24:52,car
2024-10-01 14:24:53,car
2024-10-01 14:24:53,car
2024-10-01 14:24:53,car
2024-10-01 14:24:53,car
2024-10-01 14:24:53,motorcycle
2024-10-01 14:24:53,car
2024-10-01 14:24:53,car
2024-10-01 14:24:53,car
2024-10-01 14:24:53,car
2024-10-01 14:24:53,car
2024-10-01 14:24:53,car
2024-10-01 14:24:53,car
2024-10-01 14:24:53,car
2024-10-01 14:24:53,car
2024-10-01 14:24:53,car
2024-10-01 14:24:53,car
2024-10-01 14:24:53,car
2024-10-01 14:24:53,car
2024-10-01 14:24:53,motorcycle
2024-10-01 14:24:54,car
2024-10-01 14:24:54,car
2024-10-01 14:24:54,car
2024-10-01 14:24:54,car
2024-10-01 14:24:54,car
2024-10-01 14:24:54,car
2024-10-01 14:24:54,car
2024-10-01 14:24:54,car
2024-10-01 14:24:54,car
2024-10-01 14:24:54,car
2024-10-01 14:24:54,car
2024-10-01 14:24:54,motorcycle
2024-10-01 14:24:54,car
2024-10-01 14:24:54,car
2024-10-01 14:24:54,car
2024-10-01 14:24:54,motorcycle
2024-10-01 14:24:54,car
2024-10-01 14:24:54,car
2024-10-01 14:24:55,car
2024-10-01 14:24:55,car
2024-10-01 14:24:55,car
2024-10-01 14:24:55,car
2024-10-01 14:24:55,motorcycle
2024-10-01 14:24:55,car
2024-10-01 14:24:55,car
2024-10-01 14:24:55,car
2024-10-01 14:24:55,car
2024-10-01 14:24:55,car
2024-10-01 14:24:55,motorcycle
2024-10-01 14:24:55,car
2024-10-01 14:24:55,car
2024-10-01 14:24:55,car
2024-10-01 14:24:55,car
2024-10-01 14:24:55,car
2024-10-01 14:24:55,motorcycle
2024-10-01 14:24:56,car
2024-10-01 14:24:56,car
2024-10-01 14:24:56,car
2024-10-01 14:24:56,car
2024-10-01 14:24:56,car
2024-10-01 14:24:56,car
2024-10-01 14:24:56,car
2024-10-01 14:24:56,car
2024-10-01 14:24:56,car
2024-10-01 14:24:56,car
2024-10-01 14:24:56,car
2024-10-01 14:24:56,motorcycle
2024-10-01 14:24:56,car
2024-10-01 14:24:56,motorcycle
2024-10-01 14:24:57,car
2024-10-01 14:24:57,car
2024-10-01 14:24:57,car
2024-10-01 14:24:57,car
2024-10-01 14:24:57,motorcycle
2024-10-01 14:24:57,motorcycle
2024-10-01 14:24:57,car
2024-10-01 14:24:57,car
2024-10-01 14:24:57,car
2024-10-01 14:24:57,car
2024-10-01 14:24:57,car
2024-10-01 14:24:57,car
2024-10-01 14:24:57,motorcycle
2024-10-01 14:24:58,car
2024-10-01 14:24:58,car
2024-10-01 14:24:58,car
2024-10-01 14:24:58,motorcycle
2024-10-01 14:24:58,car
2024-10-01 14:24:58,car
2024-10-01 14:24:58,car
2024-10-01 14:24:58,car
2024-10-01 14:24:58,car
2024-10-01 14:24:58,car
2024-10-01 14:24:58,motorcycle
2024-10-01 14:24:58,car
2024-10-01 14:24:58,car
2024-10-01 14:24:58,motorcycle
2024-10-01 14:24:58,car
2024-10-01 14:24:58,car
2024-10-01 14:24:58,car
2024-10-01 14:24:59,car
2024-10-01 14:24:59,truck
2024-10-01 14:24:59,motorcycle
2024-10-01 14:24:59,car
2024-10-01 14:24:59,car
2024-10-01 14:24:59,car
2024-10-01 14:24:59,car
2024-10-01 14:24:59,car
2024-10-01 14:24:59,car
2024-10-01 14:24:59,car
2024-10-01 14:24:59,car
2024-10-01 14:24:59,car
2024-10-01 14:24:59,motorcycle
2024-10-01 14:24:59,car
2024-10-01 14:24:59,car
2024-10-01 14:24:59,car
2024-10-01 14:24:59,car
2024-10-01 14:24:59,car
2024-10-01 14:24:59,car
2024-10-01 14:24:59,car
2024-10-01 14:24:59,car
2024-10-01 14:24:59,car
2024-10-01 14:24:59,car
2024-10-01 14:24:59,car
2024-10-01 14:25:00,car
2024-10-01 14:25:00,car
2024-10-01 14:25:00,car
2024-10-01 14:25:00,car
2024-10-01 14:25:00,car
2024-10-01 14:25:00,car
2024-10-01 14:25:00,car
2024-10-01 14:25:00,car
2024-10-01 14:25:00,car
2024-10-01 14:25:00,car
2024-10-01 14:25:00,motorcycle
2024-10-01 14:25:00,car
2024-10-01 14:25:00,car
2024-10-01 14:25:00,car
2024-10-01 14:25:00,car
2024-10-01 14:25:00,car
2024-10-01 14:25:01,car
2024-10-01 14:25:01,car
2024-10-01 14:25:01,car
2024-10-01 14:25:01,car
2024-10-01 14:25:01,car
2024-10-01 14:25:01,car
2024-10-01 14:25:01,car
2024-10-01 14:25:01,car
2024-10-01 14:25:01,car
2024-10-01 14:25:01,car
2024-10-01 14:25:01,car
2024-10-01 14:25:01,car
2024-10-01 14:25:01,car
2024-10-01 14:25:01,car
2024-10-01 14:25:01,car
2024-10-01 14:25:01,car
2024-10-01 14:25:01,car
2024-10-01 14:25:01,motorcycle
2024-10-01 14:25:01,car
2024-10-01 14:25:01,truck
2024-10-01 14:25:02,car
2024-10-01 14:25:02,car
2024-10-01 14:25:02,car
2024-10-01 14:25:02,car
2024-10-01 14:25:02,motorcycle
2024-10-01 14:25:02,car
2024-10-01 14:25:02,car
2024-10-01 14:25:02,motorcycle
2024-10-01 14:25:02,car
2024-10-01 14:25:02,car
2024-10-01 14:25:02,car
2024-10-01 14:25:02,car
2024-10-01 14:25:02,car
2024-10-01 14:25:02,car
2024-10-01 14:25:02,car
2024-10-01 14:25:02,car
2024-10-01 14:25:02,truck
2024-10-01 14:25:02,motorcycle
2024-10-01 14:25:03,car
2024-10-01 14:25:03,motorcycle
2024-10-01 14:25:03,car
2024-10-01 14:25:03,car
2024-10-01 14:25:03,car
2024-10-01 14:25:03,car
2024-10-01 14:25:03,car
2024-10-01 14:25:03,motorcycle
2024-10-01 14:25:03,car
2024-10-01 14:25:03,car
2024-10-01 14:25:03,truck
2024-10-01 14:25:03,motorcycle
2024-10-01 14:25:03,car
2024-10-01 14:25:03,car
2024-10-01 14:25:04,car
2024-10-01 14:25:04,truck
2024-10-01 14:25:04,car
2024-10-01 14:25:04,motorcycle
2024-10-01 14:25:04,car
2024-10-01 14:25:04,car
2024-10-01 14:25:04,car
2024-10-01 14:25:04,motorcycle
2024-10-01 14:25:04,car
2024-10-01 14:25:04,car
2024-10-01 14:25:04,car
2024-10-01 14:25:04,car
2024-10-01 14:25:04,motorcycle
2024-10-01 14:25:04,car
2024-10-01 14:25:04,car
2024-10-01 14:25:04,car
2024-10-01 14:25:04,car
2024-10-01 14:25:04,car
2024-10-01 14:25:04,motorcycle
2024-10-01 14:25:04,motorcycle
2024-10-01 14:25:04,car
2024-10-01 14:25:05,car
2024-10-01 14:25:05,car
2024-10-01 14:25:05,car
2024-10-01 14:25:05,motorcycle
2024-10-01 14:25:05,motorcycle
2024-10-01 14:25:05,truck
2024-10-01 14:25:05,car
2024-10-01 14:25:05,car
2024-10-01 14:25:05,car
2024-10-01 14:25:05,motorcycle
2024-10-01 14:25:05,motorcycle
2024-10-01 14:25:05,car
2024-10-01 14:25:05,car
2024-10-01 14:25:05,car
2024-10-01 14:25:05,car
2024-10-01 14:25:05,car
2024-10-01 14:25:05,car
2024-10-01 14:25:05,motorcycle
2024-10-01 14:25:05,motorcycle
2024-10-01 14:25:05,car
2024-10-01 14:25:05,car
2024-10-01 14:25:06,car
2024-10-01 14:25:06,car
2024-10-01 14:25:06,car
2024-10-01 14:25:06,car
2024-10-01 14:25:06,motorcycle
2024-10-01 14:25:06,car
2024-10-01 14:25:06,car
2024-10-01 14:25:06,car
2024-10-01 14:25:06,motorcycle
2024-10-01 14:25:06,car
2024-10-01 14:25:06,car
2024-10-01 14:25:06,motorcycle
2024-10-01 14:25:07,motorcycle
2024-10-01 14:25:07,motorcycle
2024-10-01 14:25:07,motorcycle
2024-10-01 14:25:08,motorcycle
2024-10-01 14:25:08,motorcycle
2024-10-01 14:25:08,motorcycle
2024-10-01 14:25:08,motorcycle
2024-10-01 14:25:08,motorcycle
2024-10-01 14:25:09,motorcycle
2024-10-01 14:25:09,motorcycle
2024-10-01 14:25:09,motorcycle
2024-10-01 14:25:09,motorcycle
2024-10-01 14:25:09,motorcycle
2024-10-01 14:25:09,motorcycle
2024-10-01 14:25:10,motorcycle
2024-10-01 14:25:10,motorcycle
2024-10-01 14:25:10,motorcycle
2024-10-01 14:25:10,motorcycle
2024-10-01 14:25:10,motorcycle
2024-10-01 14:25:10,motorcycle
2024-10-01 14:25:10,motorcycle
2024-10-01 14:25:11,motorcycle
2024-10-01 14:25:11,motorcycle
2024-10-01 14:25:11,motorcycle
2024-10-01 14:25:11,motorcycle
2024-10-01 14:25:11,motorcycle
2024-10-01 14:25:11,motorcycle
2024-10-01 14:25:11,motorcycle
2024-10-01 14:25:12,motorcycle
2024-10-01 14:25:12,motorcycle
2024-10-01 14:25:12,motorcycle
2024-10-01 14:25:12,motorcycle
2024-10-01 14:25:12,motorcycle
2024-10-01 14:25:13,motorcycle
2024-10-01 14:25:13,motorcycle
2024-10-01 14:25:13,motorcycle
2024-10-01 14:25:13,motorcycle
2024-10-01 14:25:14,motorcycle
2024-10-01 14:25:14,motorcycle
2024-10-01 14:25:14,motorcycle
2024-10-01 14:25:14,motorcycle
2024-10-01 14:25:15,motorcycle
2024-10-01 14:25:15,motorcycle
2024-10-01 14:25:15,motorcycle
2024-10-01 14:25:16,motorcycle
2024-10-01 14:25:16,motorcycle
2024-10-01 14:25:16,motorcycle
2024-10-01 14:25:16,motorcycle
2024-10-01 14:25:16,motorcycle
2024-10-01 14:25:17,motorcycle
2024-10-01 14:25:17,motorcycle
2024-10-01 14:25:17,motorcycle
2024-10-01 14:25:17,motorcycle
2024-10-01 14:25:17,motorcycle
2024-10-01 14:25:18,motorcycle
2024-10-01 14:25:18,motorcycle
2024-10-01 14:25:18,car
2024-10-01 14:25:18,motorcycle
2024-10-01 14:25:18,motorcycle
2024-10-01 14:25:18,motorcycle
2024-10-01 14:25:18,motorcycle
2024-10-01 14:25:18,motorcycle
2024-10-01 14:25:18,motorcycle
2024-10-01 14:25:18,motorcycle
2024-10-01 14:25:19,motorcycle
2024-10-01 14:25:19,motorcycle
2024-10-01 14:25:19,motorcycle
2024-10-01 14:25:19,motorcycle
2024-10-01 14:25:19,car
2024-10-01 14:25:19,motorcycle
2024-10-01 14:25:20,motorcycle
2024-10-01 14:25:20,car
2024-10-01 14:25:20,motorcycle
2024-10-01 14:25:20,motorcycle
2024-10-01 14:25:20,motorcycle
2024-10-01 14:25:20,motorcycle
2024-10-01 14:25:20,motorcycle
2024-10-01 14:25:20,motorcycle
2024-10-01 14:25:21,motorcycle
2024-10-01 14:25:21,car
2024-10-01 14:25:21,motorcycle
2024-10-01 14:25:21,motorcycle
2024-10-01 14:25:21,motorcycle
2024-10-01 14:25:22,motorcycle
2024-10-01 14:25:22,motorcycle
2024-10-01 14:25:22,motorcycle
2024-10-01 14:25:22,motorcycle
2024-10-01 14:25:22,motorcycle
2024-10-01 14:25:22,motorcycle
2024-10-01 14:25:23,motorcycle
2024-10-01 14:25:23,car
2024-10-01 14:25:23,motorcycle
2024-10-01 14:25:23,car
2024-10-01 14:25:23,motorcycle
2024-10-01 14:25:23,car
2024-10-01 14:25:23,motorcycle
2024-10-01 14:25:24,motorcycle
2024-10-01 14:25:24,car
2024-10-01 14:25:24,motorcycle
2024-10-01 14:25:24,motorcycle
2024-10-01 14:25:24,motorcycle
2024-10-01 14:25:25,car
2024-10-01 14:25:25,motorcycle
2024-10-01 14:25:25,car
2024-10-01 14:25:25,motorcycle
2024-10-01 14:25:25,car
2024-10-01 14:25:25,motorcycle
2024-10-01 14:25:25,car
2024-10-01 14:25:25,motorcycle
2024-10-01 14:25:26,car
2024-10-01 14:25:26,motorcycle
2024-10-01 14:25:26,car
2024-10-01 14:25:26,motorcycle
2024-10-01 14:25:26,motorcycle
2024-10-01 14:25:26,car
2024-10-01 14:25:26,motorcycle
2024-10-01 14:25:26,car
2024-10-01 14:25:27,motorcycle
2024-10-01 14:25:27,car
2024-10-01 14:25:27,motorcycle
2024-10-01 14:25:27,car
2024-10-01 14:25:27,motorcycle
2024-10-01 14:25:27,car
2024-10-01 14:25:27,motorcycle
2024-10-01 14:25:27,car
2024-10-01 14:25:28,motorcycle
2024-10-01 14:25:28,car
2024-10-01 14:25:28,car
2024-10-01 14:25:28,motorcycle
2024-10-01 14:25:28,motorcycle
2024-10-01 14:25:28,car
2024-10-01 14:25:28,car
2024-10-01 14:25:28,motorcycle
2024-10-01 14:25:29,car
2024-10-01 14:25:29,motorcycle
2024-10-01 14:25:29,motorcycle
2024-10-01 14:25:29,car
2024-10-01 14:25:29,motorcycle
2024-10-01 14:25:29,car
2024-10-01 14:25:29,motorcycle
2024-10-01 14:25:29,car
2024-10-01 14:25:30,motorcycle
2024-10-01 14:25:30,car
2024-10-01 14:25:30,car
2024-10-01 14:25:30,motorcycle
2024-10-01 14:25:30,car
2024-10-01 14:25:30,motorcycle
2024-10-01 14:25:31,motorcycle
2024-10-01 14:25:31,car
2024-10-01 14:25:31,motorcycle
2024-10-01 14:25:31,car
2024-10-01 14:25:31,motorcycle
2024-10-01 14:25:31,car
2024-10-01 14:25:31,motorcycle
2024-10-01 14:25:31,car
2024-10-01 14:25:32,motorcycle
2024-10-01 14:25:32,car
2024-10-01 14:25:32,motorcycle
2024-10-01 14:25:32,car
2024-10-01 14:25:32,motorcycle
2024-10-01 14:25:32,car
2024-10-01 14:25:32,motorcycle
2024-10-01 14:25:32,car
2024-10-01 14:25:33,motorcycle
2024-10-01 14:25:33,car
2024-10-01 14:25:33,motorcycle
2024-10-01 14:25:33,car
2024-10-01 14:25:33,motorcycle
2024-10-01 14:25:33,car
2024-10-01 14:25:33,motorcycle
2024-10-01 14:25:33,car
2024-10-01 14:25:34,motorcycle
2024-10-01 14:25:34,car
2024-10-01 14:25:34,motorcycle
2024-10-01 14:25:34,car
2024-10-01 14:25:34,motorcycle
2024-10-01 14:25:34,car
2024-10-01 14:25:34,motorcycle
2024-10-01 14:25:34,car
2024-10-01 14:25:35,car
2024-10-01 14:25:35,motorcycle
2024-10-01 14:25:35,car
2024-10-01 14:25:35,motorcycle
2024-10-01 14:25:35,car
2024-10-01 14:25:35,motorcycle
2024-10-01 14:25:36,motorcycle
2024-10-01 14:25:36,car
2024-10-01 14:25:36,car
2024-10-01 14:25:36,motorcycle
2024-10-01 14:25:36,motorcycle
2024-10-01 14:25:36,car
2024-10-01 14:25:36,motorcycle
2024-10-01 14:25:36,car
2024-10-01 14:25:37,car
2024-10-01 14:25:37,motorcycle
2024-10-01 14:25:37,car
2024-10-01 14:25:37,motorcycle
2024-10-01 14:25:37,car
2024-10-01 14:25:37,motorcycle
2024-10-01 14:25:37,motorcycle
2024-10-01 14:25:38,car
2024-10-01 14:25:38,motorcycle
2024-10-01 14:25:38,car
2024-10-01 14:25:38,motorcycle
2024-10-01 14:25:38,car
2024-10-01 14:25:38,motorcycle
2024-10-01 14:25:38,car
2024-10-01 14:25:38,motorcycle
2024-10-01 14:25:39,motorcycle
2024-10-01 14:25:39,car
2024-10-01 14:25:39,motorcycle
2024-10-01 14:25:39,motorcycle
2024-10-01 14:25:39,car
2024-10-01 14:25:39,motorcycle
2024-10-01 14:25:39,car
2024-10-01 14:25:40,motorcycle
2024-10-01 14:25:40,car
2024-10-01 14:25:40,car
2024-10-01 14:25:40,motorcycle
2024-10-01 14:25:40,motorcycle
2024-10-01 14:25:40,car
2024-10-01 14:31:55,car
2024-10-01 14:31:55,car
2024-10-01 14:31:55,motorcycle
2024-10-01 14:31:55,car
2024-10-01 14:31:55,truck
2024-10-01 14:31:55,truck
2024-10-01 14:31:55,motorcycle
2024-10-01 14:31:55,car
2024-10-01 14:31:55,motorcycle
2024-10-01 14:31:55,motorcycle
2024-10-01 14:31:55,car
2024-10-01 14:31:55,car
2024-10-01 14:31:55,motorcycle
2024-10-01 14:31:55,truck
2024-10-01 14:31:55,car
2024-10-01 14:31:55,motorcycle
2024-10-01 14:31:55,motorcycle
2024-10-01 14:31:55,car
2024-10-01 14:31:55,car
2024-10-01 14:31:55,car
2024-10-01 14:31:55,truck
2024-10-01 14:31:55,motorcycle
2024-10-01 14:31:55,motorcycle
2024-10-01 14:31:55,motorcycle
2024-10-01 14:31:55,car
2024-10-01 14:31:55,motorcycle
2024-10-01 14:31:55,car
2024-10-01 14:31:55,motorcycle
2024-10-01 14:31:55,car
2024-10-01 14:31:55,car
2024-10-01 14:31:56,car
2024-10-01 14:31:56,car
2024-10-01 14:31:56,truck
2024-10-01 14:31:56,motorcycle
2024-10-01 14:31:56,truck
2024-10-01 14:31:56,car
2024-10-01 14:31:56,motorcycle
2024-10-01 14:31:56,motorcycle
2024-10-01 14:31:56,motorcycle
2024-10-01 14:31:56,car
2024-10-01 14:31:56,car
2024-10-01 14:31:56,truck
2024-10-01 14:31:56,truck
2024-10-01 14:31:56,motorcycle
2024-10-01 14:31:56,motorcycle
2024-10-01 14:31:56,motorcycle
2024-10-01 14:31:56,motorcycle
2024-10-01 14:31:56,car
2024-10-01 14:31:56,car
2024-10-01 14:31:56,car
2024-10-01 14:31:56,truck
2024-10-01 14:31:56,truck
2024-10-01 14:31:56,motorcycle
2024-10-01 14:31:56,motorcycle
2024-10-01 14:31:56,car
2024-10-01 14:31:56,motorcycle
2024-10-01 14:31:56,car
2024-10-01 14:31:56,car
2024-10-01 14:31:56,truck
2024-10-01 14:31:56,motorcycle
2024-10-01 14:31:56,truck
2024-10-01 14:31:56,motorcycle
2024-10-01 14:31:56,motorcycle
2024-10-01 14:31:57,car
2024-10-01 14:31:57,car
2024-10-01 14:31:57,car
2024-10-01 14:31:57,truck
2024-10-01 14:31:57,truck
2024-10-01 14:31:57,motorcycle
2024-10-01 14:31:57,motorcycle
2024-10-01 14:31:57,motorcycle
2024-10-01 14:31:57,motorcycle
2024-10-01 14:31:57,car
2024-10-01 14:31:57,car
2024-10-01 14:31:57,motorcycle
2024-10-01 14:31:57,truck
2024-10-01 14:31:57,truck
2024-10-01 14:31:57,motorcycle
2024-10-01 14:31:57,car
2024-10-01 14:31:57,motorcycle
2024-10-01 14:31:57,motorcycle
2024-10-01 14:31:57,car
2024-10-01 14:31:57,motorcycle
2024-10-01 14:31:58,car
2024-10-01 14:31:58,car
2024-10-01 14:31:58,motorcycle
2024-10-01 14:31:58,car
2024-10-01 14:31:58,truck
2024-10-01 14:31:58,motorcycle
2024-10-01 14:31:58,truck
2024-10-01 14:31:58,motorcycle
2024-10-01 14:31:58,car
2024-10-01 14:31:58,car
2024-10-01 14:31:58,car
2024-10-01 14:31:58,truck
2024-10-01 14:31:58,truck
2024-10-01 14:31:58,motorcycle
2024-10-01 14:31:58,motorcycle
2024-10-01 14:31:58,motorcycle
2024-10-01 14:31:58,motorcycle
2024-10-01 14:31:58,car
2024-10-01 14:31:58,car
2024-10-01 14:31:58,car
2024-10-01 14:31:58,car
2024-10-01 14:31:58,truck
2024-10-01 14:31:58,motorcycle
2024-10-01 14:31:58,car
2024-10-01 14:31:58,motorcycle
2024-10-01 14:31:58,motorcycle
2024-10-01 14:31:58,motorcycle
2024-10-01 14:31:58,car
2024-10-01 14:31:58,car
2024-10-01 14:31:58,car
2024-10-01 14:31:58,motorcycle
2024-10-01 14:31:58,truck
2024-10-01 14:31:58,car
2024-10-01 14:31:58,motorcycle
2024-10-01 14:31:58,motorcycle
2024-10-01 14:31:58,motorcycle
2024-10-01 14:31:58,truck
2024-10-01 14:31:59,car
2024-10-01 14:31:59,car
2024-10-01 14:31:59,car
2024-10-01 14:31:59,motorcycle
2024-10-01 14:31:59,motorcycle
2024-10-01 14:31:59,motorcycle
2024-10-01 14:31:59,truck
2024-10-01 14:31:59,car
2024-10-01 14:31:59,car
2024-10-01 14:31:59,truck
2024-10-01 14:31:59,motorcycle
2024-10-01 14:31:59,car
2024-10-01 14:31:59,motorcycle
2024-10-01 14:31:59,truck
2024-10-01 14:31:59,motorcycle
2024-10-01 14:31:59,motorcycle
2024-10-01 14:31:59,car
2024-10-01 14:31:59,truck
2024-10-01 14:31:59,car
2024-10-01 14:31:59,car
2024-10-01 14:31:59,motorcycle
2024-10-01 14:31:59,truck
2024-10-01 14:31:59,motorcycle
2024-10-01 14:31:59,motorcycle
2024-10-01 14:31:59,motorcycle
2024-10-01 14:31:59,car
2024-10-01 14:31:59,truck
2024-10-01 14:31:59,car
2024-10-01 14:31:59,car
2024-10-01 14:31:59,motorcycle
2024-10-01 14:31:59,motorcycle
2024-10-01 14:31:59,truck
2024-10-01 14:31:59,car
2024-10-01 14:31:59,motorcycle
2024-10-01 14:31:59,motorcycle
2024-10-01 14:32:00,car
2024-10-01 14:32:00,car
2024-10-01 14:32:00,car
2024-10-01 14:32:00,truck
2024-10-01 14:32:00,motorcycle
2024-10-01 14:32:00,motorcycle
2024-10-01 14:32:00,motorcycle
2024-10-01 14:32:00,car
2024-10-01 14:32:00,motorcycle
2024-10-01 14:32:00,car
2024-10-01 14:32:00,car
2024-10-01 14:32:00,car
2024-10-01 14:32:00,car
2024-10-01 14:32:00,truck
2024-10-01 14:32:00,motorcycle
2024-10-01 14:32:00,car
2024-10-01 14:32:00,motorcycle
2024-10-01 14:32:00,car
2024-10-01 14:32:00,motorcycle
2024-10-01 14:32:00,motorcycle
2024-10-01 14:32:00,car
2024-10-01 14:32:00,car
2024-10-01 14:32:00,truck
2024-10-01 14:32:00,car
2024-10-01 14:32:00,car
2024-10-01 14:32:00,motorcycle
2024-10-01 14:32:00,motorcycle
2024-10-01 14:32:00,motorcycle
2024-10-01 14:32:00,motorcycle
2024-10-01 14:32:00,car
2024-10-01 14:32:00,truck
2024-10-01 14:32:00,car
2024-10-01 14:32:00,car
2024-10-01 14:32:00,motorcycle
2024-10-01 14:32:00,motorcycle
2024-10-01 14:32:00,motorcycle
2024-10-01 14:32:00,motorcycle
2024-10-01 14:32:01,car
2024-10-01 14:32:01,car
2024-10-01 14:32:01,truck
2024-10-01 14:32:01,car
2024-10-01 14:32:01,car
2024-10-01 14:32:01,motorcycle
2024-10-01 14:32:01,car
2024-10-01 14:32:01,motorcycle
2024-10-01 14:32:01,motorcycle
2024-10-01 14:32:01,car
2024-10-01 14:32:01,car
2024-10-01 14:32:01,car
2024-10-01 14:32:01,car
2024-10-01 14:32:01,motorcycle
2024-10-01 14:32:01,motorcycle
2024-10-01 14:32:01,motorcycle
2024-10-01 14:32:01,car
2024-10-01 14:32:01,car
2024-10-01 14:32:01,car
2024-10-01 14:32:01,car
2024-10-01 14:32:01,motorcycle
2024-10-01 14:32:01,motorcycle
2024-10-01 14:32:01,truck
2024-10-01 14:32:01,car
2024-10-01 14:32:01,car
2024-10-01 14:32:01,car
2024-10-01 14:32:01,car
2024-10-01 14:32:01,car
2024-10-01 14:32:01,motorcycle
2024-10-01 14:32:01,car
2024-10-01 14:32:01,motorcycle
2024-10-01 14:32:01,truck
2024-10-01 14:32:01,car
2024-10-01 14:32:01,truck
2024-10-01 14:32:02,car
2024-10-01 14:32:02,car
2024-10-01 14:32:02,car
2024-10-01 14:32:02,truck
2024-10-01 14:32:02,motorcycle
2024-10-01 14:32:02,car
2024-10-01 14:32:02,motorcycle
2024-10-01 14:32:02,motorcycle
2024-10-01 14:32:02,car
2024-10-01 14:32:02,car
2024-10-01 14:32:02,truck
2024-10-01 14:32:02,car
2024-10-01 14:32:02,motorcycle
2024-10-01 14:32:02,motorcycle
2024-10-01 14:32:02,motorcycle
2024-10-01 14:32:02,car
2024-10-01 14:32:02,car
2024-10-01 14:32:02,car
2024-10-01 14:32:02,car
2024-10-01 14:32:02,car
2024-10-01 14:32:02,truck
2024-10-01 14:32:02,car
2024-10-01 14:32:02,motorcycle
2024-10-01 14:32:02,car
2024-10-01 14:32:02,car
2024-10-01 14:32:02,car
2024-10-01 14:32:02,truck
2024-10-01 14:32:02,car
2024-10-01 14:32:02,car
2024-10-01 14:32:02,motorcycle
2024-10-01 14:32:02,motorcycle
2024-10-01 14:32:02,car
2024-10-01 14:32:02,car
2024-10-01 14:32:02,motorcycle
2024-10-01 14:32:02,car
2024-10-01 14:32:03,car
2024-10-01 14:32:03,car
2024-10-01 14:32:03,car
2024-10-01 14:32:03,car
2024-10-01 14:32:03,truck
2024-10-01 14:32:03,motorcycle
2024-10-01 14:32:03,car
2024-10-01 14:32:03,motorcycle
2024-10-01 14:32:03,car
2024-10-01 14:32:03,motorcycle
2024-10-01 14:32:03,car
2024-10-01 14:32:03,car
2024-10-01 14:32:03,truck
2024-10-01 14:32:03,car
2024-10-01 14:32:03,car
2024-10-01 14:32:03,motorcycle
2024-10-01 14:32:03,motorcycle
2024-10-01 14:32:03,car
2024-10-01 14:32:03,car
2024-10-01 14:32:03,car
2024-10-01 14:32:03,car
2024-10-01 14:32:03,car
2024-10-01 14:32:03,motorcycle
2024-10-01 14:32:03,motorcycle
2024-10-01 14:32:03,car
2024-10-01 14:32:03,car
2024-10-01 14:32:03,car
2024-10-01 14:32:03,car
2024-10-01 14:32:03,car
2024-10-01 14:32:03,motorcycle
2024-10-01 14:32:03,car
2024-10-01 14:32:03,motorcycle
2024-10-01 14:32:04,car
2024-10-01 14:32:04,car
2024-10-01 14:32:04,car
2024-10-01 14:32:04,car
2024-10-01 14:32:04,car
2024-10-01 14:32:04,truck
2024-10-01 14:32:04,motorcycle
2024-10-01 14:32:04,motorcycle
2024-10-01 14:32:04,car
2024-10-01 14:32:04,car
2024-10-01 14:32:04,car
2024-10-01 14:32:04,car
2024-10-01 14:32:04,motorcycle
2024-10-01 14:32:04,car
2024-10-01 14:32:04,motorcycle
2024-10-01 14:32:04,motorcycle
2024-10-01 14:32:04,car
2024-10-01 14:32:04,car
2024-10-01 14:32:04,car
2024-10-01 14:32:04,car
2024-10-01 14:32:04,truck
2024-10-01 14:32:04,car
2024-10-01 14:32:04,motorcycle
2024-10-01 14:32:04,motorcycle
2024-10-01 14:32:04,motorcycle
2024-10-01 14:32:04,car
2024-10-01 14:32:04,car
2024-10-01 14:32:04,car
2024-10-01 14:32:04,car
2024-10-01 14:32:04,motorcycle
2024-10-01 14:32:04,motorcycle
2024-10-01 14:32:04,truck
2024-10-01 14:32:04,car
2024-10-01 14:32:04,motorcycle
2024-10-01 14:32:04,car
2024-10-01 14:32:04,car
2024-10-01 14:32:04,truck
2024-10-01 14:32:04,car
2024-10-01 14:32:04,motorcycle
2024-10-01 14:32:04,motorcycle
2024-10-01 14:32:04,truck
2024-10-01 14:32:04,motorcycle
2024-10-01 14:32:05,car
2024-10-01 14:32:05,car
2024-10-01 14:32:05,car
2024-10-01 14:32:05,car
2024-10-01 14:32:05,motorcycle
2024-10-01 14:32:05,motorcycle
2024-10-01 14:32:05,truck
2024-10-01 14:32:05,motorcycle
2024-10-01 14:32:05,car
2024-10-01 14:32:05,car
2024-10-01 14:32:05,car
2024-10-01 14:32:05,car
2024-10-01 14:32:05,motorcycle
2024-10-01 14:32:05,motorcycle
2024-10-01 14:32:05,car
2024-10-01 14:32:05,car
2024-10-01 14:32:05,car
2024-10-01 14:32:05,truck
2024-10-01 14:32:05,motorcycle
2024-10-01 14:32:05,motorcycle
2024-10-01 14:32:05,motorcycle
2024-10-01 14:32:05,motorcycle
2024-10-01 14:32:05,motorcycle
2024-10-01 14:32:05,car
2024-10-01 14:32:05,car
2024-10-01 14:32:05,truck
2024-10-01 14:32:05,motorcycle
2024-10-01 14:32:05,motorcycle
2024-10-01 14:32:05,motorcycle
2024-10-01 14:32:05,car
2024-10-01 14:32:05,motorcycle
2024-10-01 14:32:05,motorcycle
2024-10-01 14:32:06,car
2024-10-01 14:32:06,car
2024-10-01 14:32:06,car
2024-10-01 14:32:06,motorcycle
2024-10-01 14:32:06,motorcycle
2024-10-01 14:32:06,car
2024-10-01 14:32:06,motorcycle
2024-10-01 14:32:06,motorcycle
2024-10-01 14:32:06,truck
2024-10-01 14:32:06,motorcycle
2024-10-01 14:32:06,car
2024-10-01 14:32:06,car
2024-10-01 14:32:06,car
2024-10-01 14:32:06,motorcycle
2024-10-01 14:32:06,motorcycle
2024-10-01 14:32:06,truck
2024-10-01 14:32:06,motorcycle
2024-10-01 14:32:06,car
2024-10-01 14:32:06,motorcycle
2024-10-01 14:32:06,car
2024-10-01 14:32:06,car
2024-10-01 14:32:06,car
2024-10-01 14:32:06,truck
2024-10-01 14:32:06,motorcycle
2024-10-01 14:32:06,motorcycle
2024-10-01 14:32:06,motorcycle
2024-10-01 14:32:06,motorcycle
2024-10-01 14:32:06,car
2024-10-01 14:32:06,car
2024-10-01 14:32:06,car
2024-10-01 14:32:06,motorcycle
2024-10-01 14:32:06,car
2024-10-01 14:32:06,motorcycle
2024-10-01 14:32:06,car
2024-10-01 14:32:06,car
2024-10-01 14:32:06,motorcycle
2024-10-01 14:32:06,motorcycle
2024-10-01 14:32:07,car
2024-10-01 14:32:07,car
2024-10-01 14:32:07,car
2024-10-01 14:32:07,truck
2024-10-01 14:32:07,motorcycle
2024-10-01 14:32:07,motorcycle
2024-10-01 14:32:07,motorcycle
2024-10-01 14:32:07,car
2024-10-01 14:32:07,motorcycle
2024-10-01 14:32:07,car
2024-10-01 14:32:07,car
2024-10-01 14:32:07,truck
2024-10-01 14:32:07,car
2024-10-01 14:32:07,motorcycle
2024-10-01 14:32:07,motorcycle
2024-10-01 14:32:07,motorcycle
2024-10-01 14:32:07,car
2024-10-01 14:32:07,motorcycle
2024-10-01 14:32:07,car
2024-10-01 14:32:07,car
2024-10-01 14:32:07,motorcycle
2024-10-01 14:32:07,truck
2024-10-01 14:32:07,car
2024-10-01 14:32:07,motorcycle
2024-10-01 14:32:07,motorcycle
2024-10-01 14:32:07,car
2024-10-01 14:32:07,motorcycle
2024-10-01 14:32:07,car
2024-10-01 14:32:07,car
2024-10-01 14:32:07,truck
2024-10-01 14:32:07,motorcycle
2024-10-01 14:32:07,car
2024-10-01 14:32:07,motorcycle
2024-10-01 14:32:07,motorcycle
2024-10-01 14:32:07,car
2024-10-01 14:32:07,motorcycle
2024-10-01 14:32:07,car
2024-10-01 14:32:07,car
2024-10-01 14:32:08,truck
2024-10-01 14:32:08,motorcycle
2024-10-01 14:32:08,motorcycle
2024-10-01 14:32:08,motorcycle
2024-10-01 14:32:08,car
2024-10-01 14:32:08,motorcycle
2024-10-01 14:32:08,car
2024-10-01 14:32:08,car
2024-10-01 14:32:08,car
2024-10-01 14:32:08,truck
2024-10-01 14:32:08,motorcycle
2024-10-01 14:32:08,motorcycle
2024-10-01 14:32:08,car
2024-10-01 14:32:08,car
2024-10-01 14:32:08,motorcycle
2024-10-01 14:32:08,car
2024-10-01 14:32:08,car
2024-10-01 14:32:08,motorcycle
2024-10-01 14:32:08,truck
2024-10-01 14:32:08,motorcycle
2024-10-01 14:32:08,car
2024-10-01 14:32:08,car
2024-10-01 14:32:08,truck
2024-10-01 14:32:08,motorcycle
2024-10-01 14:32:08,car
2024-10-01 14:32:08,truck
2024-10-01 14:32:08,car
2024-10-01 14:32:08,motorcycle
2024-10-01 14:32:08,motorcycle
2024-10-01 14:32:08,truck
2024-10-01 14:32:08,motorcycle
2024-10-01 14:32:08,car
2024-10-01 14:32:08,truck
2024-10-01 14:32:08,car
2024-10-01 14:32:08,car
2024-10-01 14:32:08,truck
2024-10-01 14:32:08,motorcycle
2024-10-01 14:32:08,motorcycle
2024-10-01 14:32:08,motorcycle
2024-10-01 14:32:08,car
2024-10-01 14:32:09,car
2024-10-01 14:32:09,car
2024-10-01 14:32:09,truck
2024-10-01 14:32:09,motorcycle
2024-10-01 14:32:09,motorcycle
2024-10-01 14:32:09,motorcycle
2024-10-01 14:32:09,car
2024-10-01 14:32:09,car
2024-10-01 14:32:09,car
2024-10-01 14:32:09,car
2024-10-01 14:32:09,car
2024-10-01 14:32:09,motorcycle
2024-10-01 14:32:09,truck
2024-10-01 14:32:09,motorcycle
2024-10-01 14:32:09,motorcycle
2024-10-01 14:32:09,truck
2024-10-01 14:32:09,car
2024-10-01 14:32:09,car
2024-10-01 14:32:09,motorcycle
2024-10-01 14:32:09,car
2024-10-01 14:32:09,motorcycle
2024-10-01 14:32:09,car
2024-10-01 14:32:09,motorcycle
2024-10-01 14:32:09,car
2024-10-01 14:32:09,truck
2024-10-01 14:32:09,motorcycle
2024-10-01 14:32:09,car
2024-10-01 14:32:09,motorcycle
2024-10-01 14:32:09,car
2024-10-01 14:32:09,motorcycle
2024-10-01 14:32:09,motorcycle
2024-10-01 14:32:09,car
2024-10-01 14:32:10,car
2024-10-01 14:32:10,truck
2024-10-01 14:32:10,car
2024-10-01 14:32:10,car
2024-10-01 14:32:10,motorcycle
2024-10-01 14:32:10,motorcycle
2024-10-01 14:32:10,motorcycle
2024-10-01 14:32:10,car
2024-10-01 14:32:10,motorcycle
2024-10-01 14:32:10,truck
2024-10-01 14:32:10,car
2024-10-01 14:32:10,car
2024-10-01 14:32:10,car
2024-10-01 14:32:10,motorcycle
2024-10-01 14:32:10,motorcycle
2024-10-01 14:32:10,motorcycle
2024-10-01 14:32:10,car
2024-10-01 14:32:10,car
2024-10-01 14:32:10,truck
2024-10-01 14:32:10,car
2024-10-01 14:32:10,car
2024-10-01 14:32:10,motorcycle
2024-10-01 14:32:10,motorcycle
2024-10-01 14:32:10,motorcycle
2024-10-01 14:32:10,car
2024-10-01 14:32:10,truck
2024-10-01 14:32:10,car
2024-10-01 14:32:10,car
2024-10-01 14:32:10,car
2024-10-01 14:32:10,motorcycle
2024-10-01 14:32:10,motorcycle
2024-10-01 14:32:10,motorcycle
2024-10-01 14:32:10,car
2024-10-01 14:32:11,car
2024-10-01 14:32:11,truck
2024-10-01 14:32:11,car
2024-10-01 14:32:11,car
2024-10-01 14:32:11,motorcycle
2024-10-01 14:32:11,motorcycle
2024-10-01 14:32:11,motorcycle
2024-10-01 14:32:11,truck
2024-10-01 14:32:11,car
2024-10-01 14:32:11,car
2024-10-01 14:32:11,car
2024-10-01 14:32:11,motorcycle
2024-10-01 14:32:11,car
2024-10-01 14:32:11,motorcycle
2024-10-01 14:32:11,truck
2024-10-01 14:32:11,car
2024-10-01 14:32:11,car
2024-10-01 14:32:11,car
2024-10-01 14:32:11,car
2024-10-01 14:32:11,motorcycle
2024-10-01 14:32:11,motorcycle
2024-10-01 14:32:11,car
2024-10-01 14:32:11,motorcycle
2024-10-01 14:32:11,truck
2024-10-01 14:32:11,car
2024-10-01 14:32:11,car
2024-10-01 14:32:11,car
2024-10-01 14:32:11,motorcycle
2024-10-01 14:32:11,motorcycle
2024-10-01 14:32:11,car
2024-10-01 14:32:11,motorcycle
2024-10-01 14:32:11,car
2024-10-01 14:32:12,truck
2024-10-01 14:32:12,car
2024-10-01 14:32:12,car
2024-10-01 14:32:12,car
2024-10-01 14:32:12,motorcycle
2024-10-01 14:32:12,motorcycle
2024-10-01 14:32:12,motorcycle
2024-10-01 14:32:12,motorcycle
2024-10-01 14:32:12,truck
2024-10-01 14:32:12,car
2024-10-01 14:32:12,car
2024-10-01 14:32:12,motorcycle
2024-10-01 14:32:12,car
2024-10-01 14:32:12,motorcycle
2024-10-01 14:32:12,car
2024-10-01 14:32:12,truck
2024-10-01 14:32:12,car
2024-10-01 14:32:12,car
2024-10-01 14:32:12,motorcycle
2024-10-01 14:32:12,car
2024-10-01 14:32:12,motorcycle
2024-10-01 14:32:12,motorcycle
2024-10-01 14:32:12,car
2024-10-01 14:32:12,car
2024-10-01 14:32:12,truck
2024-10-01 14:32:12,car
2024-10-01 14:32:12,motorcycle
2024-10-01 14:32:12,car
2024-10-01 14:32:12,car
2024-10-01 14:32:12,motorcycle
2024-10-01 14:32:12,motorcycle
2024-10-01 14:32:12,car
2024-10-01 14:32:12,car
2024-10-01 14:32:13,truck
2024-10-01 14:32:13,car
2024-10-01 14:32:13,car
2024-10-01 14:32:13,car
2024-10-01 14:32:13,motorcycle
2024-10-01 14:32:13,car
2024-10-01 14:32:13,motorcycle
2024-10-01 14:32:13,motorcycle
2024-10-01 14:32:13,car
2024-10-01 14:32:13,truck
2024-10-01 14:32:13,car
2024-10-01 14:32:13,car
2024-10-01 14:32:13,motorcycle
2024-10-01 14:32:13,car
2024-10-01 14:32:13,motorcycle
2024-10-01 14:32:13,car
2024-10-01 14:32:13,motorcycle
2024-10-01 14:32:13,car
2024-10-01 14:32:13,truck
2024-10-01 14:32:13,car
2024-10-01 14:32:13,motorcycle
2024-10-01 14:32:13,car
2024-10-01 14:32:13,car
2024-10-01 14:32:13,car
2024-10-01 14:32:13,motorcycle
2024-10-01 14:32:13,motorcycle
2024-10-01 14:32:13,car
2024-10-01 14:32:13,truck
2024-10-01 14:32:13,car
2024-10-01 14:32:13,car
2024-10-01 14:32:13,motorcycle
2024-10-01 14:32:13,car
2024-10-01 14:32:13,motorcycle
2024-10-01 14:32:13,car
2024-10-01 14:32:13,motorcycle
2024-10-01 14:32:13,car
2024-10-01 14:32:14,truck
2024-10-01 14:32:14,car
2024-10-01 14:32:14,car
2024-10-01 14:32:14,car
2024-10-01 14:32:14,car
2024-10-01 14:32:14,motorcycle
2024-10-01 14:32:14,motorcycle
2024-10-01 14:32:14,motorcycle
2024-10-01 14:32:14,car
2024-10-01 14:32:14,car
2024-10-01 14:32:14,truck
2024-10-01 14:32:14,car
2024-10-01 14:32:14,car
2024-10-01 14:32:14,car
2024-10-01 14:32:14,motorcycle
2024-10-01 14:32:14,car
2024-10-01 14:32:14,motorcycle
2024-10-01 14:32:14,car
2024-10-01 14:32:14,car
2024-10-01 14:32:14,truck
2024-10-01 14:32:14,car
2024-10-01 14:32:14,car
2024-10-01 14:32:14,car
2024-10-01 14:32:14,motorcycle
2024-10-01 14:32:14,motorcycle
2024-10-01 14:32:14,motorcycle
2024-10-01 14:32:14,car
2024-10-01 14:32:14,car
2024-10-01 14:32:14,car
2024-10-01 14:32:14,truck
2024-10-01 14:32:14,car
2024-10-01 14:32:14,motorcycle
2024-10-01 14:32:14,motorcycle
2024-10-01 14:32:15,car
2024-10-01 14:32:15,car
2024-10-01 14:32:15,truck
2024-10-01 14:32:15,car
2024-10-01 14:32:15,car
2024-10-01 14:32:15,motorcycle
2024-10-01 14:32:15,motorcycle
2024-10-01 14:32:15,car
2024-10-01 14:32:15,car
2024-10-01 14:32:15,truck
2024-10-01 14:32:15,car
2024-10-01 14:32:15,car
2024-10-01 14:32:15,motorcycle
2024-10-01 14:32:15,motorcycle
2024-10-01 14:32:15,motorcycle
2024-10-01 14:32:15,car
2024-10-01 14:32:15,car
2024-10-01 14:32:15,truck
2024-10-01 14:32:15,car
2024-10-01 14:32:15,car
2024-10-01 14:32:15,motorcycle
2024-10-01 14:32:15,motorcycle
2024-10-01 14:32:15,car
2024-10-01 14:32:15,motorcycle
2024-10-01 14:32:15,car
2024-10-01 14:32:15,truck
2024-10-01 14:32:15,car
2024-10-01 14:32:15,car
2024-10-01 14:32:15,car
2024-10-01 14:32:15,motorcycle
2024-10-01 14:32:15,motorcycle
2024-10-01 14:32:15,car
2024-10-01 14:32:15,motorcycle
2024-10-01 14:32:16,truck
2024-10-01 14:32:16,car
2024-10-01 14:32:16,car
2024-10-01 14:32:16,car
2024-10-01 14:32:16,car
2024-10-01 14:32:16,motorcycle
2024-10-01 14:32:16,motorcycle
2024-10-01 14:32:16,car
2024-10-01 14:32:16,car
2024-10-01 14:32:16,car
2024-10-01 14:32:16,car
2024-10-01 14:32:16,truck
2024-10-01 14:32:16,car
2024-10-01 14:32:16,car
2024-10-01 14:32:16,motorcycle
2024-10-01 14:32:16,motorcycle
2024-10-01 14:32:16,motorcycle
2024-10-01 14:32:16,truck
2024-10-01 14:32:16,car
2024-10-01 14:32:16,car
2024-10-01 14:32:16,car
2024-10-01 14:32:16,car
2024-10-01 14:32:16,motorcycle
2024-10-01 14:32:16,motorcycle
2024-10-01 14:32:16,car
2024-10-01 14:32:16,motorcycle
2024-10-01 14:32:16,car
2024-10-01 14:32:16,car
2024-10-01 14:32:16,truck
2024-10-01 14:32:16,car
2024-10-01 14:32:16,car
2024-10-01 14:32:16,motorcycle
2024-10-01 14:32:16,motorcycle
2024-10-01 14:32:16,car
2024-10-01 14:32:16,motorcycle
2024-10-01 14:32:16,car
2024-10-01 14:32:16,car
2024-10-01 14:32:16,car
2024-10-01 14:32:16,truck
2024-10-01 14:32:16,car
2024-10-01 14:32:16,motorcycle
2024-10-01 14:32:16,motorcycle
2024-10-01 14:32:17,car
2024-10-01 14:32:17,truck
2024-10-01 14:32:17,car
2024-10-01 14:32:17,car
2024-10-01 14:32:17,car
2024-10-01 14:32:17,motorcycle
2024-10-01 14:32:17,car
2024-10-01 14:32:17,car
2024-10-01 14:32:17,truck
2024-10-01 14:32:17,car
2024-10-01 14:32:17,motorcycle
2024-10-01 14:32:17,car
2024-10-01 14:32:17,motorcycle
2024-10-01 14:32:17,motorcycle
2024-10-01 14:32:17,truck
2024-10-01 14:32:17,car
2024-10-01 14:32:17,car
2024-10-01 14:32:17,car
2024-10-01 14:32:17,motorcycle
2024-10-01 14:32:17,car
2024-10-01 14:32:17,motorcycle
2024-10-01 14:32:18,truck
2024-10-01 14:32:18,car
2024-10-01 14:32:18,car
2024-10-01 14:32:18,motorcycle
2024-10-01 14:32:18,motorcycle
2024-10-01 14:32:18,truck
2024-10-01 14:32:18,car
2024-10-01 14:32:18,car
2024-10-01 14:32:18,car
2024-10-01 14:32:18,truck
2024-10-01 14:32:18,car
2024-10-01 14:32:18,motorcycle
2024-10-01 14:32:18,truck
2024-10-01 14:32:18,motorcycle
2024-10-01 14:32:18,motorcycle
2024-10-01 14:32:18,motorcycle
2024-10-01 14:32:18,car
2024-10-01 14:32:18,car
2024-10-01 14:32:18,truck
2024-10-01 14:32:18,car
2024-10-01 14:32:18,motorcycle
2024-10-01 14:32:18,motorcycle
2024-10-01 14:32:18,motorcycle
2024-10-01 14:32:18,motorcycle
2024-10-01 14:32:19,car
2024-10-01 14:32:19,truck
2024-10-01 14:32:19,car
2024-10-01 14:32:19,car
2024-10-01 14:32:19,motorcycle
2024-10-01 14:32:19,motorcycle
2024-10-01 14:32:19,car
2024-10-01 14:32:19,car
2024-10-01 14:32:19,truck
2024-10-01 14:32:19,car
2024-10-01 14:32:19,car
2024-10-01 14:32:19,motorcycle
2024-10-01 14:32:19,car
2024-10-01 14:32:19,car
2024-10-01 14:32:19,car
2024-10-01 14:32:19,truck
2024-10-01 14:32:19,car
2024-10-01 14:32:19,motorcycle
2024-10-01 14:32:19,motorcycle
2024-10-01 14:32:19,motorcycle
2024-10-01 14:32:19,car
2024-10-01 14:32:19,truck
2024-10-01 14:32:19,car
2024-10-01 14:32:19,car
2024-10-01 14:32:19,motorcycle
2024-10-01 14:32:19,motorcycle
2024-10-01 14:32:19,motorcycle
2024-10-01 14:32:19,car
2024-10-01 14:32:19,motorcycle
2024-10-01 14:32:19,car
2024-10-01 14:32:19,car
2024-10-01 14:32:19,truck
2024-10-01 14:32:19,car
2024-10-01 14:32:19,motorcycle
2024-10-01 14:32:19,car
2024-10-01 14:32:19,motorcycle
2024-10-01 14:32:19,motorcycle
2024-10-01 14:32:19,motorcycle
2024-10-01 14:32:20,car
2024-10-01 14:32:20,car
2024-10-01 14:32:20,truck
2024-10-01 14:32:20,car
2024-10-01 14:32:20,car
2024-10-01 14:32:20,motorcycle
2024-10-01 14:32:20,motorcycle
2024-10-01 14:32:20,motorcycle
2024-10-01 14:32:20,car
2024-10-01 14:32:20,truck
2024-10-01 14:32:20,car
2024-10-01 14:32:20,car
2024-10-01 14:32:20,motorcycle
2024-10-01 14:32:20,motorcycle
2024-10-01 14:32:20,motorcycle
2024-10-01 14:32:20,motorcycle
2024-10-01 14:32:20,car
2024-10-01 14:32:20,car
2024-10-01 14:32:20,truck
2024-10-01 14:32:20,car
2024-10-01 14:32:20,motorcycle
2024-10-01 14:32:20,car
2024-10-01 14:32:20,motorcycle
2024-10-01 14:32:20,motorcycle
2024-10-01 14:32:20,car
2024-10-01 14:32:20,truck
2024-10-01 14:32:20,car
2024-10-01 14:32:20,car
2024-10-01 14:32:20,motorcycle
2024-10-01 14:32:20,motorcycle
2024-10-01 14:32:20,motorcycle
2024-10-01 14:32:20,car
2024-10-01 14:32:21,car
2024-10-01 14:32:21,truck
2024-10-01 14:32:21,car
2024-10-01 14:32:21,car
2024-10-01 14:32:21,motorcycle
2024-10-01 14:32:21,motorcycle
2024-10-01 14:32:21,car
2024-10-01 14:32:21,motorcycle
2024-10-01 14:32:21,car
2024-10-01 14:32:21,truck
2024-10-01 14:32:21,car
2024-10-01 14:32:21,car
2024-10-01 14:32:21,motorcycle
2024-10-01 14:32:21,car
2024-10-01 14:32:21,motorcycle
2024-10-01 14:32:21,motorcycle
2024-10-01 14:32:21,truck
2024-10-01 14:32:21,car
2024-10-01 14:32:21,truck
2024-10-01 14:32:21,car
2024-10-01 14:32:21,motorcycle
2024-10-01 14:32:21,car
2024-10-01 14:32:21,car
2024-10-01 14:32:21,motorcycle
2024-10-01 14:32:21,motorcycle
2024-10-01 14:32:21,motorcycle
2024-10-01 14:32:21,car
2024-10-01 14:32:21,car
2024-10-01 14:32:21,truck
2024-10-01 14:32:21,car
2024-10-01 14:32:21,car
2024-10-01 14:32:21,car
2024-10-01 14:32:21,motorcycle
2024-10-01 14:32:21,motorcycle
2024-10-01 14:32:22,car
2024-10-01 14:32:22,truck
2024-10-01 14:32:22,car
2024-10-01 14:32:22,motorcycle
2024-10-01 14:32:22,car
2024-10-01 14:32:22,car
2024-10-01 14:32:22,motorcycle
2024-10-01 14:32:22,car
2024-10-01 14:32:22,truck
2024-10-01 14:32:22,car
2024-10-01 14:32:22,car
2024-10-01 14:32:22,motorcycle
2024-10-01 14:32:22,motorcycle
2024-10-01 14:32:22,car
2024-10-01 14:32:22,truck
2024-10-01 14:32:22,car
2024-10-01 14:32:22,car
2024-10-01 14:32:22,motorcycle
2024-10-01 14:32:22,car
2024-10-01 14:32:22,truck
2024-10-01 14:32:22,car
2024-10-01 14:32:22,car
2024-10-01 14:32:23,motorcycle
2024-10-01 14:32:23,car
2024-10-01 14:32:23,motorcycle
2024-10-01 14:32:23,car
2024-10-01 14:32:23,truck
2024-10-01 14:32:23,car
2024-10-01 14:32:23,car
2024-10-01 14:32:23,car
2024-10-01 14:32:23,motorcycle
2024-10-01 14:32:23,motorcycle
2024-10-01 14:32:23,car
2024-10-01 14:32:23,car
2024-10-01 14:32:23,truck
2024-10-01 14:32:23,car
2024-10-01 14:32:23,car
2024-10-01 14:32:23,car
2024-10-01 14:32:23,motorcycle
2024-10-01 14:32:23,motorcycle
2024-10-01 14:32:23,car
2024-10-01 14:32:23,truck
2024-10-01 14:32:23,car
2024-10-01 14:32:23,car
2024-10-01 14:32:23,car
2024-10-01 14:32:23,motorcycle
2024-10-01 14:32:24,car
2024-10-01 14:32:24,truck
2024-10-01 14:32:24,car
2024-10-01 14:32:24,car
2024-10-01 14:32:24,motorcycle
2024-10-01 14:32:24,car
2024-10-01 14:32:24,car
2024-10-01 14:32:24,truck
2024-10-01 14:32:24,motorcycle
2024-10-01 14:32:24,car
2024-10-01 14:32:24,car
2024-10-01 14:32:24,motorcycle
2024-10-01 14:32:24,car
2024-10-01 14:32:24,car
2024-10-01 14:32:24,truck
2024-10-01 14:32:24,motorcycle
2024-10-01 14:32:24,car
2024-10-01 14:32:24,car
2024-10-01 14:32:24,car
2024-10-01 14:32:24,truck
2024-10-01 14:32:24,car
2024-10-01 14:32:24,car
2024-10-01 14:32:24,car
2024-10-01 14:32:24,motorcycle
2024-10-01 14:32:25,car
2024-10-01 14:32:25,truck
2024-10-01 14:32:25,car
2024-10-01 14:32:25,car
2024-10-01 14:32:25,car
2024-10-01 14:32:25,car
2024-10-01 14:32:25,car
2024-10-01 14:32:25,truck
2024-10-01 14:32:25,car
2024-10-01 14:32:25,car
2024-10-01 14:32:25,car
2024-10-01 14:32:25,truck
2024-10-01 14:32:25,car
2024-10-01 14:32:25,car
2024-10-01 14:32:25,car
2024-10-01 14:32:25,motorcycle
2024-10-01 14:32:25,car
2024-10-01 14:32:25,truck
2024-10-01 14:32:25,car
2024-10-01 14:32:26,car
2024-10-01 14:32:26,motorcycle
2024-10-01 14:32:26,motorcycle
2024-10-01 14:32:26,car
2024-10-01 14:32:26,car
2024-10-01 14:32:26,car
2024-10-01 14:32:26,truck
2024-10-01 14:32:26,car
2024-10-01 14:32:26,car
2024-10-01 14:32:26,motorcycle
2024-10-01 14:32:26,motorcycle
2024-10-01 14:32:26,car
2024-10-01 14:32:26,car
2024-10-01 14:32:26,car
2024-10-01 14:32:26,truck
2024-10-01 14:32:26,car
2024-10-01 14:32:26,motorcycle
2024-10-01 14:32:26,car
2024-10-01 14:32:26,car
2024-10-01 14:32:26,car
2024-10-01 14:32:26,truck
2024-10-01 14:32:26,car
2024-10-01 14:32:26,car
2024-10-01 14:32:26,motorcycle
2024-10-01 14:32:26,motorcycle
2024-10-01 14:32:27,car
2024-10-01 14:32:27,car
2024-10-01 14:32:27,truck
2024-10-01 14:32:27,car
2024-10-01 14:32:27,car
2024-10-01 14:32:27,motorcycle
2024-10-01 14:32:27,car
2024-10-01 14:32:27,car
2024-10-01 14:32:27,car
2024-10-01 14:32:27,truck
2024-10-01 14:32:27,car
2024-10-01 14:32:27,motorcycle
2024-10-01 14:32:27,car
2024-10-01 14:32:27,car
2024-10-01 14:32:27,car
2024-10-01 14:32:27,car
2024-10-01 14:32:27,truck
2024-10-01 14:32:27,car
2024-10-01 14:32:27,motorcycle
2024-10-01 14:32:27,motorcycle
2024-10-01 14:32:27,car
2024-10-01 14:32:27,car
2024-10-01 14:32:27,car
2024-10-01 14:32:27,car
2024-10-01 14:32:27,truck
2024-10-01 14:32:27,car
2024-10-01 14:32:27,motorcycle
2024-10-01 14:32:27,motorcycle
2024-10-01 14:32:28,car
2024-10-01 14:32:28,car
2024-10-01 14:32:28,truck
2024-10-01 14:32:28,car
2024-10-01 14:32:28,motorcycle
2024-10-01 14:32:28,motorcycle
2024-10-01 14:32:28,car
2024-10-01 14:32:28,car
2024-10-01 14:32:28,car
2024-10-01 14:32:28,car
2024-10-01 14:32:28,truck
2024-10-01 14:32:28,motorcycle
2024-10-01 14:32:28,motorcycle
2024-10-01 14:32:28,car
2024-10-01 14:32:28,car
2024-10-01 14:32:28,truck
2024-10-01 14:32:28,car
2024-10-01 14:32:28,car
2024-10-01 14:32:28,motorcycle
2024-10-01 14:32:28,car
2024-10-01 14:32:28,motorcycle
2024-10-01 14:32:28,car
2024-10-01 14:32:28,truck
2024-10-01 14:32:28,car
2024-10-01 14:32:28,car
2024-10-01 14:32:28,motorcycle
2024-10-01 14:32:28,motorcycle
2024-10-01 14:32:28,car
2024-10-01 14:32:29,car
2024-10-01 14:32:29,car
2024-10-01 14:32:29,truck
2024-10-01 14:32:29,car
2024-10-01 14:32:29,motorcycle
2024-10-01 14:32:29,car
2024-10-01 14:32:29,car
2024-10-01 14:32:29,car
2024-10-01 14:32:29,truck
2024-10-01 14:32:29,motorcycle
2024-10-01 14:32:29,car
2024-10-01 14:32:29,motorcycle
2024-10-01 14:32:29,car
2024-10-01 14:32:29,car
2024-10-01 14:32:29,car
2024-10-01 14:32:29,truck
2024-10-01 14:32:29,car
2024-10-01 14:32:29,car
2024-10-01 14:32:29,motorcycle
2024-10-01 14:32:29,motorcycle
2024-10-01 14:32:29,car
2024-10-01 14:32:29,car
2024-10-01 14:32:29,car
2024-10-01 14:32:29,truck
2024-10-01 14:32:29,motorcycle
2024-10-01 14:32:29,car
2024-10-01 14:32:29,car
2024-10-01 14:32:30,car
2024-10-01 14:32:30,car
2024-10-01 14:32:30,truck
2024-10-01 14:32:30,car
2024-10-01 14:32:30,motorcycle
2024-10-01 14:32:30,car
2024-10-01 14:32:30,car
2024-10-01 14:32:30,car
2024-10-01 14:32:30,truck
2024-10-01 14:32:30,car
2024-10-01 14:32:30,car
2024-10-01 14:32:30,car
2024-10-01 14:32:30,car
2024-10-01 14:32:30,car
2024-10-01 14:32:30,truck
2024-10-01 14:32:30,car
2024-10-01 14:32:30,motorcycle
2024-10-01 14:32:31,car
2024-10-01 14:32:31,car
2024-10-01 14:32:31,truck
2024-10-01 14:32:31,motorcycle
2024-10-01 14:32:31,car
2024-10-01 14:32:31,car
2024-10-01 14:32:31,motorcycle
2024-10-01 14:32:31,car
2024-10-01 14:32:31,car
2024-10-01 14:32:31,truck
2024-10-01 14:32:31,car
2024-10-01 14:32:31,motorcycle
2024-10-01 14:32:31,car
2024-10-01 14:32:31,motorcycle
2024-10-01 14:32:31,car
2024-10-01 14:32:31,truck
2024-10-01 14:32:31,car
2024-10-01 14:32:31,motorcycle
2024-10-01 14:32:31,car
2024-10-01 14:32:31,car
2024-10-01 14:32:31,car
2024-10-01 14:32:31,motorcycle
2024-10-01 14:32:31,motorcycle
2024-10-01 14:32:31,car
2024-10-01 14:32:31,car
2024-10-01 14:32:31,truck
2024-10-01 14:32:31,car
2024-10-01 14:32:31,motorcycle
2024-10-01 14:32:31,motorcycle
2024-10-01 14:32:31,car
2024-10-01 14:32:31,motorcycle
2024-10-01 14:32:32,car
2024-10-01 14:32:32,car
2024-10-01 14:32:32,truck
2024-10-01 14:32:32,car
2024-10-01 14:32:32,motorcycle
2024-10-01 14:32:32,motorcycle
2024-10-01 14:32:32,motorcycle
2024-10-01 14:32:32,car
2024-10-01 14:32:32,car
2024-10-01 14:32:32,car
2024-10-01 14:32:32,truck
2024-10-01 14:32:32,motorcycle
2024-10-01 14:32:32,car
2024-10-01 14:32:32,car
2024-10-01 14:32:32,motorcycle
2024-10-01 14:32:32,motorcycle
2024-10-01 14:32:32,car
2024-10-01 14:32:32,truck
2024-10-01 14:32:32,motorcycle
2024-10-01 14:32:32,car
2024-10-01 14:32:32,motorcycle
2024-10-01 14:32:32,car
2024-10-01 14:32:32,motorcycle
2024-10-01 14:32:32,car
2024-10-01 14:32:32,motorcycle
2024-10-01 14:32:32,car
2024-10-01 14:32:32,truck
2024-10-01 14:32:32,car
2024-10-01 14:32:32,motorcycle
2024-10-01 14:32:33,motorcycle
2024-10-01 14:32:33,motorcycle
2024-10-01 14:32:33,motorcycle
2024-10-01 14:32:33,car
2024-10-01 14:32:33,truck
2024-10-01 14:32:33,motorcycle
2024-10-01 14:32:33,motorcycle
2024-10-01 14:32:33,car
2024-10-01 14:32:33,car
2024-10-01 14:32:33,truck
2024-10-01 14:32:33,motorcycle
2024-10-01 14:32:33,motorcycle
2024-10-01 14:32:33,car
2024-10-01 14:32:33,motorcycle
2024-10-01 14:32:33,motorcycle
2024-10-01 14:32:33,car
2024-10-01 14:32:33,car
2024-10-01 14:32:33,car
2024-10-01 14:32:33,motorcycle
2024-10-01 14:32:33,motorcycle
2024-10-01 14:32:33,car
2024-10-01 14:32:33,car
2024-10-01 14:32:33,car
2024-10-01 14:32:33,motorcycle
2024-10-01 14:32:33,motorcycle
2024-10-01 14:32:33,motorcycle
2024-10-01 14:32:33,car
2024-10-01 14:32:34,car
2024-10-01 14:32:34,car
2024-10-01 14:32:34,car
2024-10-01 14:32:34,motorcycle
2024-10-01 14:32:34,motorcycle
2024-10-01 14:32:34,motorcycle
2024-10-01 14:32:34,motorcycle
2024-10-01 14:32:34,car
2024-10-01 14:32:34,car
2024-10-01 14:32:34,car
2024-10-01 14:32:34,motorcycle
2024-10-01 14:32:34,motorcycle
2024-10-01 14:32:34,car
2024-10-01 14:32:34,motorcycle
2024-10-01 14:32:34,car
2024-10-01 14:32:34,car
2024-10-01 14:32:34,car
2024-10-01 14:32:34,motorcycle
2024-10-01 14:32:34,motorcycle
2024-10-01 14:32:34,motorcycle
2024-10-01 14:32:34,car
2024-10-01 14:32:34,car
2024-10-01 14:32:34,motorcycle
2024-10-01 14:32:34,car
2024-10-01 14:32:34,motorcycle
2024-10-01 14:32:34,motorcycle
2024-10-01 14:32:34,motorcycle
2024-10-01 14:32:35,car
2024-10-01 14:32:35,car
2024-10-01 14:32:35,car
2024-10-01 14:32:35,motorcycle
2024-10-01 14:32:35,motorcycle
2024-10-01 14:32:35,motorcycle
2024-10-01 14:32:35,motorcycle
2024-10-01 14:32:35,car
2024-10-01 14:32:35,car
2024-10-01 14:32:35,car
2024-10-01 14:32:35,motorcycle
2024-10-01 14:32:35,motorcycle
2024-10-01 14:32:35,motorcycle
2024-10-01 14:32:35,car
2024-10-01 14:32:35,car
2024-10-01 14:32:35,car
2024-10-01 14:32:35,motorcycle
2024-10-01 14:32:35,motorcycle
2024-10-01 14:32:35,motorcycle
2024-10-01 14:32:35,car
2024-10-01 14:32:35,car
2024-10-01 14:32:35,car
2024-10-01 14:32:36,motorcycle
2024-10-01 14:32:36,car
2024-10-01 14:32:36,car
2024-10-01 14:32:36,car
2024-10-01 14:32:36,motorcycle
2024-10-01 14:32:36,motorcycle
2024-10-01 14:32:36,car
2024-10-01 14:32:36,car
2024-10-01 14:32:36,motorcycle
2024-10-01 14:32:36,motorcycle
2024-10-01 14:32:36,motorcycle
2024-10-01 14:32:36,car
2024-10-01 14:32:36,car
2024-10-01 14:32:36,motorcycle
2024-10-01 14:32:36,motorcycle
2024-10-01 14:32:36,motorcycle
2024-10-01 14:32:36,car
2024-10-01 14:32:36,car
2024-10-01 14:32:36,motorcycle
2024-10-01 14:32:36,motorcycle
2024-10-01 14:32:36,motorcycle
2024-10-01 14:32:37,car
2024-10-01 14:32:37,motorcycle
2024-10-01 14:32:37,car
2024-10-01 14:32:37,motorcycle
2024-10-01 14:32:37,car
2024-10-01 14:32:37,motorcycle
2024-10-01 14:32:37,car
2024-10-01 14:32:37,car
2024-10-01 14:32:37,motorcycle
2024-10-01 14:32:37,car
2024-10-01 14:32:37,motorcycle
2024-10-01 14:32:37,car
2024-10-01 14:32:37,car
2024-10-01 14:32:37,motorcycle
2024-10-01 14:32:37,motorcycle
2024-10-01 14:32:37,car
2024-10-01 14:32:37,car
2024-10-01 14:32:37,car
2024-10-01 14:32:37,car
2024-10-01 14:32:37,motorcycle
2024-10-01 14:32:37,car
2024-10-01 14:32:37,motorcycle
2024-10-01 14:32:38,car
2024-10-01 14:32:38,car
2024-10-01 14:32:38,motorcycle
2024-10-01 14:32:38,motorcycle
2024-10-01 14:32:38,motorcycle
2024-10-01 14:32:38,car
2024-10-01 14:32:38,car
2024-10-01 14:32:38,motorcycle
2024-10-01 14:32:38,car
2024-10-01 14:32:38,motorcycle
2024-10-01 14:32:38,motorcycle
2024-10-01 14:32:38,motorcycle
2024-10-01 14:32:38,car
2024-10-01 14:32:38,car
2024-10-01 14:32:38,motorcycle
2024-10-01 14:32:38,motorcycle
2024-10-01 14:32:38,motorcycle
2024-10-01 14:32:38,car
2024-10-01 14:32:38,motorcycle
2024-10-01 14:32:38,car
2024-10-01 14:32:38,motorcycle
2024-10-01 14:32:38,car
2024-10-01 14:32:38,car
2024-10-01 14:32:38,motorcycle
2024-10-01 14:32:38,motorcycle
2024-10-01 14:32:38,motorcycle
2024-10-01 14:32:38,motorcycle
2024-10-01 14:32:38,car
2024-10-01 14:32:39,car
2024-10-01 14:32:39,car
2024-10-01 14:32:39,motorcycle
2024-10-01 14:32:39,car
2024-10-01 14:32:39,motorcycle
2024-10-01 14:32:39,motorcycle
2024-10-01 14:32:39,car
2024-10-01 14:32:39,car
2024-10-01 14:32:39,car
2024-10-01 14:32:39,motorcycle
2024-10-01 14:32:39,motorcycle
2024-10-01 14:32:39,motorcycle
2024-10-01 14:32:39,car
2024-10-01 14:32:39,car
2024-10-01 14:32:39,car
2024-10-01 14:32:39,car
2024-10-01 14:32:39,motorcycle
2024-10-01 14:32:39,motorcycle
2024-10-01 14:32:39,motorcycle
2024-10-01 14:32:39,car
2024-10-01 14:32:39,car
2024-10-01 14:32:39,car
2024-10-01 14:32:39,car
2024-10-01 14:32:39,car
2024-10-01 14:32:39,motorcycle
2024-10-01 14:32:39,car
2024-10-01 14:32:39,motorcycle
2024-10-01 14:32:40,car
2024-10-01 14:32:40,car
2024-10-01 14:32:40,motorcycle
2024-10-01 14:32:40,motorcycle
2024-10-01 14:32:40,car
2024-10-01 14:32:40,car
2024-10-01 14:32:40,car
2024-10-01 14:32:40,motorcycle
2024-10-01 14:32:40,motorcycle
2024-10-01 14:32:40,car
2024-10-01 14:32:40,motorcycle
2024-10-01 14:32:40,motorcycle
2024-10-01 14:32:40,car
2024-10-01 14:32:40,car
2024-10-01 14:32:40,car
2024-10-01 14:32:40,motorcycle
2024-10-01 14:32:40,motorcycle
2024-10-01 14:32:40,motorcycle
2024-10-01 14:32:40,motorcycle
2024-10-01 14:32:40,motorcycle
2024-10-01 14:32:40,car
2024-10-01 14:32:40,car
2024-10-01 14:32:40,car
2024-10-01 14:32:40,motorcycle
2024-10-01 14:32:40,motorcycle
2024-10-01 14:32:40,motorcycle
2024-10-01 14:32:40,car
2024-10-01 14:32:40,car
2024-10-01 14:32:40,motorcycle
2024-10-01 14:32:41,car
2024-10-01 14:32:41,car
2024-10-01 14:32:41,car
2024-10-01 14:32:41,motorcycle
2024-10-01 14:32:41,car
2024-10-01 14:32:41,motorcycle
2024-10-01 14:32:41,motorcycle
2024-10-01 14:32:41,motorcycle
2024-10-01 14:32:41,car
2024-10-01 14:32:41,car
2024-10-01 14:32:41,motorcycle
2024-10-01 14:32:41,car
2024-10-01 14:32:41,motorcycle
2024-10-01 14:32:41,car
2024-10-01 14:32:41,car
2024-10-01 14:32:41,motorcycle
2024-10-01 14:32:41,motorcycle
2024-10-01 14:32:41,motorcycle
2024-10-01 14:32:41,car
2024-10-01 14:32:41,car
2024-10-01 14:32:41,truck
2024-10-01 14:32:41,car
2024-10-01 14:32:41,motorcycle
2024-10-01 14:32:41,car
2024-10-01 14:32:41,motorcycle
2024-10-01 14:32:41,motorcycle
2024-10-01 14:32:41,car
2024-10-01 14:32:41,car
2024-10-01 14:32:42,car
2024-10-01 14:32:42,car
2024-10-01 14:32:42,car
2024-10-01 14:32:42,motorcycle
2024-10-01 14:32:42,motorcycle
2024-10-01 14:32:42,motorcycle
2024-10-01 14:32:42,car
2024-10-01 14:32:42,car
2024-10-01 14:32:42,motorcycle
2024-10-01 14:32:42,car
2024-10-01 14:32:42,motorcycle
2024-10-01 14:32:42,truck
2024-10-01 14:32:42,car
2024-10-01 14:32:42,motorcycle
2024-10-01 14:32:42,car
2024-10-01 14:32:42,motorcycle
2024-10-01 14:32:42,car
2024-10-01 14:32:42,motorcycle
2024-10-01 14:32:42,motorcycle
2024-10-01 14:32:42,car
2024-10-01 14:32:42,motorcycle
2024-10-01 14:32:42,car
2024-10-01 14:32:42,car
2024-10-01 14:32:42,motorcycle
2024-10-01 14:32:42,motorcycle
2024-10-01 14:32:43,car
2024-10-01 14:32:43,car
2024-10-01 14:32:43,motorcycle
2024-10-01 14:32:43,car
2024-10-01 14:32:43,motorcycle
2024-10-01 14:32:43,car
2024-10-01 14:32:43,truck
2024-10-01 14:32:43,car
2024-10-01 14:32:43,car
2024-10-01 14:32:43,motorcycle
2024-10-01 14:32:43,car
2024-10-01 14:32:43,truck
2024-10-01 14:32:43,motorcycle
2024-10-01 14:32:43,car
2024-10-01 14:32:43,motorcycle
2024-10-01 14:32:43,motorcycle
2024-10-01 14:32:43,motorcycle
2024-10-01 14:32:43,motorcycle
2024-10-01 14:32:43,car
2024-10-01 14:32:44,car
2024-10-01 14:32:44,car
2024-10-01 14:32:44,car
2024-10-01 14:32:44,motorcycle
2024-10-01 14:32:44,motorcycle
2024-10-01 14:32:44,motorcycle
2024-10-01 14:32:44,motorcycle
2024-10-01 14:32:44,car
2024-10-01 14:32:44,motorcycle
2024-10-01 14:32:44,car
2024-10-01 14:32:44,car
2024-10-01 14:32:44,motorcycle
2024-10-01 14:32:44,car
2024-10-01 14:32:44,motorcycle
2024-10-01 14:32:44,truck
2024-10-01 14:32:44,motorcycle
2024-10-01 14:32:44,motorcycle
2024-10-01 14:32:44,car
2024-10-01 14:32:44,car
2024-10-01 14:32:44,car
2024-10-01 14:32:44,motorcycle
2024-10-01 14:32:44,motorcycle
2024-10-01 14:32:44,motorcycle
2024-10-01 14:32:44,car
2024-10-01 14:32:44,truck
2024-10-01 14:32:44,car
2024-10-01 14:32:44,motorcycle
2024-10-01 14:32:44,car
2024-10-01 14:32:44,motorcycle
2024-10-01 14:32:44,motorcycle
2024-10-01 14:32:44,motorcycle
2024-10-01 14:32:44,truck
2024-10-01 14:32:45,car
2024-10-01 14:32:45,motorcycle
2024-10-01 14:32:45,motorcycle
2024-10-01 14:32:45,motorcycle
2024-10-01 14:32:45,motorcycle
2024-10-01 14:32:45,car
2024-10-01 14:32:45,motorcycle
2024-10-01 14:32:45,car
2024-10-01 14:32:45,motorcycle
2024-10-01 14:32:45,car
2024-10-01 14:32:45,motorcycle
2024-10-01 14:32:45,motorcycle
2024-10-01 14:32:45,motorcycle
2024-10-01 14:32:45,motorcycle
2024-10-01 14:32:45,motorcycle
2024-10-01 14:32:45,car
2024-10-01 14:32:45,car
2024-10-01 14:32:45,motorcycle
2024-10-01 14:32:45,car
2024-10-01 14:32:45,motorcycle
2024-10-01 14:32:45,car
2024-10-01 14:32:45,motorcycle
2024-10-01 14:32:45,motorcycle
2024-10-01 14:32:45,motorcycle
2024-10-01 14:32:45,car
2024-10-01 14:32:45,motorcycle
2024-10-01 14:32:45,motorcycle
2024-10-01 14:32:45,car
2024-10-01 14:32:45,motorcycle
2024-10-01 14:32:45,motorcycle
2024-10-01 14:32:45,motorcycle
2024-10-01 14:32:45,car
2024-10-01 14:32:45,motorcycle
2024-10-01 14:32:45,car
2024-10-01 14:32:45,motorcycle
2024-10-01 14:32:46,motorcycle
2024-10-01 14:32:46,car
2024-10-01 14:32:46,car
2024-10-01 14:32:46,motorcycle
2024-10-01 14:32:46,motorcycle
2024-10-01 14:32:46,motorcycle
2024-10-01 14:32:46,car
2024-10-01 14:32:46,motorcycle
2024-10-01 14:32:46,motorcycle
2024-10-01 14:32:46,motorcycle
2024-10-01 14:32:46,car
2024-10-01 14:32:46,car
2024-10-01 14:32:46,motorcycle
2024-10-01 14:32:46,car
2024-10-01 14:32:46,car
2024-10-01 14:32:46,car
2024-10-01 14:32:46,car
2024-10-01 14:32:46,car
2024-10-01 14:32:46,car
2024-10-01 14:32:46,motorcycle
2024-10-01 14:32:46,motorcycle
2024-10-01 14:32:46,motorcycle
2024-10-01 14:32:46,car
2024-10-01 14:32:46,car
2024-10-01 14:32:46,car
2024-10-01 14:32:46,car
2024-10-01 14:32:46,car
2024-10-01 14:32:46,motorcycle
2024-10-01 14:32:46,motorcycle
2024-10-01 14:32:46,motorcycle
2024-10-01 14:32:47,car
2024-10-01 14:32:47,car
2024-10-01 14:32:47,car
2024-10-01 14:32:47,car
2024-10-01 14:32:47,motorcycle
2024-10-01 14:32:47,car
2024-10-01 14:32:47,car
2024-10-01 14:32:47,truck
2024-10-01 14:32:47,motorcycle
2024-10-01 14:32:47,motorcycle
2024-10-01 14:32:47,car
2024-10-01 14:32:47,car
2024-10-01 14:32:47,car
2024-10-01 14:32:47,car
2024-10-01 14:32:47,car
2024-10-01 14:32:47,motorcycle
2024-10-01 14:32:47,car
2024-10-01 14:32:47,truck
2024-10-01 14:32:47,car
2024-10-01 14:32:47,car
2024-10-01 14:32:47,car
2024-10-01 14:32:47,car
2024-10-01 14:32:47,car
2024-10-01 14:32:47,motorcycle
2024-10-01 14:32:47,car
2024-10-01 14:32:47,car
2024-10-01 14:32:47,car
2024-10-01 14:32:47,car
2024-10-01 14:32:47,truck
2024-10-01 14:32:47,motorcycle
2024-10-01 14:32:47,motorcycle
2024-10-01 14:32:47,car
2024-10-01 14:32:47,motorcycle
2024-10-01 14:32:48,car
2024-10-01 14:32:48,car
2024-10-01 14:32:48,car
2024-10-01 14:32:48,truck
2024-10-01 14:32:48,motorcycle
2024-10-01 14:32:48,car
2024-10-01 14:32:48,motorcycle
2024-10-01 14:32:48,motorcycle
2024-10-01 14:32:48,car
2024-10-01 14:32:48,car
2024-10-01 14:32:48,car
2024-10-01 14:32:48,motorcycle
2024-10-01 14:32:48,car
2024-10-01 14:32:48,truck
2024-10-01 14:32:48,motorcycle
2024-10-01 14:32:48,car
2024-10-01 14:32:48,car
2024-10-01 14:32:48,car
2024-10-01 14:32:48,car
2024-10-01 14:32:48,motorcycle
2024-10-01 14:32:48,truck
2024-10-01 14:32:48,car
2024-10-01 14:32:48,motorcycle
2024-10-01 14:32:48,car
2024-10-01 14:32:49,car
2024-10-01 14:32:49,car
2024-10-01 14:32:49,car
2024-10-01 14:32:49,car
2024-10-01 14:32:49,motorcycle
2024-10-01 14:32:49,car
2024-10-01 14:32:49,car
2024-10-01 14:32:49,truck
2024-10-01 14:32:49,car
2024-10-01 14:32:49,car
2024-10-01 14:32:49,car
2024-10-01 14:32:49,car
2024-10-01 14:32:49,car
2024-10-01 14:32:49,motorcycle
2024-10-01 14:32:49,car
2024-10-01 14:32:49,motorcycle
2024-10-01 14:32:49,car
2024-10-01 14:32:49,truck
2024-10-01 14:32:49,motorcycle
2024-10-01 14:32:49,car
2024-10-01 14:32:49,car
2024-10-01 14:32:49,car
2024-10-01 14:32:49,car
2024-10-01 14:32:49,car
2024-10-01 14:32:49,motorcycle
2024-10-01 14:32:49,motorcycle
2024-10-01 14:32:49,car
2024-10-01 14:32:50,car
2024-10-01 14:32:50,car
2024-10-01 14:32:50,car
2024-10-01 14:32:50,car
2024-10-01 14:32:50,motorcycle
2024-10-01 14:32:50,motorcycle
2024-10-01 14:32:50,car
2024-10-01 14:32:50,car
2024-10-01 14:32:50,car
2024-10-01 14:32:50,car
2024-10-01 14:32:50,car
2024-10-01 14:32:50,car
2024-10-01 14:32:50,car
2024-10-01 14:32:50,car
2024-10-01 14:32:50,car
2024-10-01 14:32:50,car
2024-10-01 14:32:50,car
2024-10-01 14:32:50,car
2024-10-01 14:32:50,truck
2024-10-01 14:32:51,car
2024-10-01 14:32:51,car
2024-10-01 14:32:51,truck
2024-10-01 14:32:51,car
2024-10-01 14:32:51,motorcycle
2024-10-01 14:32:51,car
2024-10-01 14:32:51,car
2024-10-01 14:32:51,motorcycle
2024-10-01 14:32:51,car
2024-10-01 14:32:51,car
2024-10-01 14:32:51,car
2024-10-01 14:32:51,car
2024-10-01 14:32:51,car
2024-10-01 14:32:51,truck
2024-10-01 14:32:51,car
2024-10-01 14:32:51,motorcycle
2024-10-01 14:32:51,motorcycle
2024-10-01 14:32:52,car
2024-10-01 14:32:52,car
2024-10-01 14:32:52,car
2024-10-01 14:32:52,truck
2024-10-01 14:32:52,car
2024-10-01 14:32:52,car
2024-10-01 14:32:52,car
2024-10-01 14:32:52,car
2024-10-01 14:32:52,truck
2024-10-01 14:32:52,car
2024-10-01 14:32:52,car
2024-10-01 14:32:52,car
2024-10-01 14:32:52,car
2024-10-01 14:32:52,truck
2024-10-01 14:32:52,car
2024-10-01 14:32:52,motorcycle
2024-10-01 14:32:52,car
2024-10-01 14:32:52,car
2024-10-01 14:32:53,car
2024-10-01 14:32:53,car
2024-10-01 14:32:53,car
2024-10-01 14:32:53,car
2024-10-01 14:32:53,truck
2024-10-01 14:32:53,car
2024-10-01 14:32:53,car
2024-10-01 14:32:53,motorcycle
2024-10-01 14:32:53,car
2024-10-01 14:32:53,car
2024-10-01 14:32:53,car
2024-10-01 14:32:53,truck
2024-10-01 14:32:53,motorcycle
2024-10-01 14:32:53,car
2024-10-01 14:32:53,car
2024-10-01 14:32:53,car
2024-10-01 14:32:53,car
2024-10-01 14:32:53,truck
2024-10-01 14:32:53,car
2024-10-01 14:32:53,motorcycle
2024-10-01 14:32:53,car
2024-10-01 14:32:53,car
2024-10-01 14:32:53,car
2024-10-01 14:32:53,truck
2024-10-01 14:32:53,car
2024-10-01 14:32:54,car
2024-10-01 14:32:54,truck
2024-10-01 14:32:54,car
2024-10-01 14:32:54,car
2024-10-01 14:32:54,motorcycle
2024-10-01 14:32:54,motorcycle
2024-10-01 14:32:54,car
2024-10-01 14:32:54,truck
2024-10-01 14:32:54,car
2024-10-01 14:32:54,car
2024-10-01 14:32:54,motorcycle
2024-10-01 14:32:54,motorcycle
2024-10-01 14:32:54,car
2024-10-01 14:32:55,car
2024-10-01 14:32:55,truck
2024-10-01 14:32:55,car
2024-10-01 14:32:55,car
2024-10-01 14:32:55,motorcycle
2024-10-01 14:32:55,car
2024-10-01 14:32:55,motorcycle
2024-10-01 14:32:55,car
2024-10-01 14:32:55,car
2024-10-01 14:32:55,truck
2024-10-01 14:32:55,motorcycle
2024-10-01 14:32:55,car
2024-10-01 14:32:55,motorcycle
2024-10-01 14:32:55,car
2024-10-01 14:32:55,motorcycle
2024-10-01 14:32:56,car
2024-10-01 14:32:56,car
2024-10-01 14:32:56,car
2024-10-01 14:32:56,truck
2024-10-01 14:32:56,motorcycle
2024-10-01 14:32:56,motorcycle
2024-10-01 14:32:56,car
2024-10-01 14:32:56,car
2024-10-01 14:32:56,truck
2024-10-01 14:32:56,car
2024-10-01 14:32:56,motorcycle
2024-10-01 14:32:56,motorcycle
2024-10-01 14:32:56,motorcycle
2024-10-01 14:32:56,motorcycle
2024-10-01 14:32:56,car
2024-10-01 14:32:56,car
2024-10-01 14:32:56,truck
2024-10-01 14:32:56,car
2024-10-01 14:32:56,motorcycle
2024-10-01 14:32:56,car
2024-10-01 14:32:56,motorcycle
2024-10-01 14:32:56,motorcycle
2024-10-01 14:32:57,car
2024-10-01 14:32:57,car
2024-10-01 14:32:57,car
2024-10-01 14:32:57,motorcycle
2024-10-01 14:32:57,motorcycle
2024-10-01 14:32:57,truck
2024-10-01 14:32:57,motorcycle
2024-10-01 14:32:57,car
2024-10-01 14:32:57,car
2024-10-01 14:32:57,truck
2024-10-01 14:32:57,car
2024-10-01 14:32:57,car
2024-10-01 14:32:57,motorcycle
2024-10-01 14:32:57,car
2024-10-01 14:32:57,car
2024-10-01 14:32:57,car
2024-10-01 14:32:57,motorcycle
2024-10-01 14:32:57,car
2024-10-01 14:32:57,motorcycle
2024-10-01 14:32:58,car
2024-10-01 14:32:58,motorcycle
2024-10-01 14:32:58,car
2024-10-01 14:32:58,motorcycle
2024-10-01 14:32:58,car
2024-10-01 14:32:58,car
2024-10-01 14:32:58,car
2024-10-01 14:32:58,car
2024-10-01 14:32:58,truck
2024-10-01 14:32:58,car
2024-10-01 14:32:58,motorcycle
2024-10-01 14:32:58,motorcycle
2024-10-01 14:32:58,motorcycle
2024-10-01 14:32:58,car
2024-10-01 14:32:59,car
2024-10-01 14:32:59,truck
2024-10-01 14:32:59,car
2024-10-01 14:32:59,motorcycle
2024-10-01 14:32:59,truck
2024-10-01 14:32:59,motorcycle
2024-10-01 14:32:59,car
2024-10-01 14:32:59,motorcycle
2024-10-01 14:32:59,car
2024-10-01 14:32:59,truck
2024-10-01 14:32:59,car
2024-10-01 14:32:59,car
2024-10-01 14:32:59,motorcycle
2024-10-01 14:32:59,motorcycle
2024-10-01 14:33:00,truck
2024-10-01 14:33:00,car
2024-10-01 14:33:00,motorcycle
2024-10-01 14:33:00,truck
2024-10-01 14:33:00,motorcycle
2024-10-01 14:33:00,motorcycle
2024-10-01 14:33:00,truck
2024-10-01 14:33:00,motorcycle
2024-10-01 14:33:00,car
2024-10-01 14:33:00,motorcycle
2024-10-01 14:33:00,truck
2024-10-01 14:33:00,car
2024-10-01 14:33:00,motorcycle
2024-10-01 14:33:02,truck
2024-10-01 14:33:02,car
2024-10-01 14:33:02,car
2024-10-01 14:33:02,motorcycle
2024-10-01 14:33:02,motorcycle
2024-10-01 14:33:02,truck
2024-10-01 14:33:02,motorcycle
2024-10-01 14:33:02,motorcycle
2024-10-01 14:33:02,car
2024-10-01 14:33:02,truck
2024-10-01 14:33:02,motorcycle
2024-10-01 14:33:02,motorcycle
2024-10-01 14:33:02,truck
2024-10-01 14:33:02,car
2024-10-01 14:33:02,truck
2024-10-01 14:33:02,motorcycle
2024-10-01 14:33:02,motorcycle
2024-10-01 14:33:02,motorcycle
2024-10-01 14:33:02,motorcycle
2024-10-01 14:33:02,truck
2024-10-01 14:33:02,car
2024-10-01 14:33:03,truck
2024-10-01 14:33:03,motorcycle
2024-10-01 14:33:03,truck
2024-10-01 14:33:03,car
2024-10-01 14:33:03,motorcycle
2024-10-01 14:33:03,motorcycle
2024-10-01 14:33:03,truck
2024-10-01 14:33:03,car
2024-10-01 14:33:03,truck
2024-10-01 14:33:03,motorcycle
2024-10-01 14:33:03,motorcycle
2024-10-01 14:33:03,motorcycle
2024-10-01 14:33:03,motorcycle
2024-10-01 14:33:03,car
2024-10-01 14:33:03,truck
2024-10-01 14:33:03,motorcycle
2024-10-01 14:33:03,truck
2024-10-01 14:33:04,truck
2024-10-01 14:33:04,car
2024-10-01 14:33:04,truck
2024-10-01 14:33:04,motorcycle
2024-10-01 14:33:04,motorcycle
2024-10-01 14:33:04,motorcycle
2024-10-01 14:33:04,truck
2024-10-01 14:33:04,car
2024-10-01 14:33:04,truck
2024-10-01 14:33:04,motorcycle
2024-10-01 14:33:04,motorcycle
2024-10-01 14:33:04,motorcycle
2024-10-01 14:33:04,car
2024-10-01 14:33:04,car
2024-10-01 14:33:04,motorcycle
2024-10-01 14:33:04,motorcycle
2024-10-01 14:33:04,car
2024-10-01 14:33:04,motorcycle
2024-10-01 14:33:05,car
2024-10-01 14:33:05,car
2024-10-01 14:33:05,motorcycle
2024-10-01 14:33:05,motorcycle
2024-10-01 14:33:05,motorcycle
2024-10-01 14:33:05,car
2024-10-01 14:33:05,motorcycle
2024-10-01 14:33:05,car
2024-10-01 14:33:05,motorcycle
2024-10-01 14:33:05,motorcycle
2024-10-01 14:33:05,car
2024-10-01 14:33:05,car
2024-10-01 14:33:05,car
2024-10-01 14:33:05,motorcycle
2024-10-01 14:33:05,motorcycle
2024-10-01 14:33:05,motorcycle
2024-10-01 14:33:05,motorcycle
2024-10-01 14:33:05,car
2024-10-01 14:33:05,motorcycle
2024-10-01 14:33:05,car
2024-10-01 14:33:05,motorcycle
2024-10-01 14:33:05,car
2024-10-01 14:33:05,motorcycle
2024-10-01 14:33:06,car
2024-10-01 14:33:06,car
2024-10-01 14:33:06,motorcycle
2024-10-01 14:33:06,car
2024-10-01 14:33:06,motorcycle
2024-10-01 14:33:06,car
2024-10-01 14:33:06,motorcycle
2024-10-01 14:33:06,car
2024-10-01 14:33:06,motorcycle
2024-10-01 14:33:06,car
2024-10-01 14:33:06,motorcycle
2024-10-01 14:33:06,car
2024-10-01 14:33:06,car
2024-10-01 14:33:06,motorcycle
2024-10-01 14:33:06,motorcycle
2024-10-01 14:33:06,motorcycle
2024-10-01 14:33:06,car
2024-10-01 14:33:06,car
2024-10-01 14:33:06,car
2024-10-01 14:33:06,motorcycle
2024-10-01 14:33:06,motorcycle
2024-10-01 14:33:06,car
2024-10-01 14:33:06,motorcycle
2024-10-01 14:33:07,car
2024-10-01 14:33:07,car
2024-10-01 14:33:07,motorcycle
2024-10-01 14:33:07,car
2024-10-01 14:33:07,motorcycle
2024-10-01 14:33:07,motorcycle
2024-10-01 14:33:07,motorcycle
2024-10-01 14:33:07,car
2024-10-01 14:33:07,car
2024-10-01 14:33:07,motorcycle
2024-10-01 14:33:07,motorcycle
2024-10-01 14:33:07,motorcycle
2024-10-01 14:33:07,car
2024-10-01 14:33:07,car
2024-10-01 14:33:08,car
2024-10-01 14:33:08,motorcycle
2024-10-01 14:33:08,car
2024-10-01 14:33:08,motorcycle
2024-10-01 14:33:08,motorcycle
2024-10-01 14:33:08,motorcycle
2024-10-01 14:33:08,car
2024-10-01 14:33:08,car
2024-10-01 14:33:08,motorcycle
2024-10-01 14:33:08,motorcycle
2024-10-01 14:33:08,motorcycle
2024-10-01 14:33:08,motorcycle
2024-10-01 14:33:08,car
2024-10-01 14:33:08,car
2024-10-01 14:33:08,car
2024-10-01 14:33:08,motorcycle
2024-10-01 14:33:08,motorcycle
2024-10-01 14:33:08,motorcycle
2024-10-01 14:33:09,car
2024-10-01 14:33:09,car
2024-10-01 14:33:09,car
2024-10-01 14:33:09,motorcycle
2024-10-01 14:33:09,motorcycle
2024-10-01 14:33:09,motorcycle
2024-10-01 14:33:09,motorcycle
2024-10-01 14:33:09,car
2024-10-01 14:33:09,car
2024-10-01 14:33:09,car
2024-10-01 14:33:09,motorcycle
2024-10-01 14:33:09,motorcycle
2024-10-01 14:33:09,motorcycle
2024-10-01 14:33:09,motorcycle
2024-10-01 14:33:09,car
2024-10-01 14:33:09,car
2024-10-01 14:33:09,car
2024-10-01 14:33:09,motorcycle
2024-10-01 14:33:09,motorcycle
2024-10-01 14:33:09,car
2024-10-01 14:33:09,car
2024-10-01 14:33:09,motorcycle
2024-10-01 14:33:09,car
2024-10-01 14:33:09,motorcycle
2024-10-01 14:33:10,car
2024-10-01 14:33:10,car
2024-10-01 14:33:10,car
2024-10-01 14:33:10,motorcycle
2024-10-01 14:33:10,motorcycle
2024-10-01 14:33:10,motorcycle
2024-10-01 14:33:10,car
2024-10-01 14:33:10,car
2024-10-01 14:33:10,car
2024-10-01 14:33:10,motorcycle
2024-10-01 14:33:10,motorcycle
2024-10-01 14:33:10,car
2024-10-01 14:33:10,car
2024-10-01 14:33:10,car
2024-10-01 14:33:10,motorcycle
2024-10-01 14:33:10,motorcycle
2024-10-01 14:33:10,motorcycle
2024-10-01 14:33:10,motorcycle
2024-10-01 14:33:11,car
2024-10-01 14:33:11,car
2024-10-01 14:33:11,motorcycle
2024-10-01 14:33:11,car
2024-10-01 14:33:11,motorcycle
2024-10-01 14:33:11,motorcycle
2024-10-01 14:33:11,motorcycle
2024-10-01 14:33:11,car
2024-10-01 14:33:11,car
2024-10-01 14:33:11,car
2024-10-01 14:33:11,car
2024-10-01 14:33:11,motorcycle
2024-10-01 14:33:11,motorcycle
2024-10-01 14:33:11,motorcycle
2024-10-01 14:33:11,motorcycle
2024-10-01 14:33:11,car
2024-10-01 14:33:11,car
2024-10-01 14:33:11,car
2024-10-01 14:33:11,car
2024-10-01 14:33:11,motorcycle
2024-10-01 14:33:11,motorcycle
2024-10-01 14:33:11,motorcycle
2024-10-01 14:33:11,motorcycle
2024-10-01 14:33:11,motorcycle
2024-10-01 14:33:12,car
2024-10-01 14:33:12,car
2024-10-01 14:33:12,car
2024-10-01 14:33:12,motorcycle
2024-10-01 14:33:12,motorcycle
2024-10-01 14:33:12,car
2024-10-01 14:33:12,car
2024-10-01 14:33:12,car
2024-10-01 14:33:12,motorcycle
2024-10-01 14:33:12,motorcycle
2024-10-01 14:33:12,motorcycle
2024-10-01 14:33:12,truck
2024-10-01 14:33:12,car
2024-10-01 14:33:12,car
2024-10-01 14:33:12,car
2024-10-01 14:33:12,motorcycle
2024-10-01 14:33:12,motorcycle
2024-10-01 14:33:12,motorcycle
2024-10-01 14:33:12,motorcycle
2024-10-01 14:33:12,car
2024-10-01 14:33:12,car
2024-10-01 14:33:12,car
2024-10-01 14:33:12,car
2024-10-01 14:33:12,motorcycle
2024-10-01 14:33:12,motorcycle
2024-10-01 14:33:13,motorcycle
2024-10-01 14:33:13,car
2024-10-01 14:33:13,car
2024-10-01 14:33:13,truck
2024-10-01 14:33:13,motorcycle
2024-10-01 14:33:13,car
2024-10-01 14:33:13,motorcycle
2024-10-01 14:33:13,car
2024-10-01 14:33:13,car
2024-10-01 14:33:13,truck
2024-10-01 14:33:13,car
2024-10-01 14:33:13,motorcycle
2024-10-01 14:33:13,motorcycle
2024-10-01 14:33:13,motorcycle
2024-10-01 14:33:13,truck
2024-10-01 14:33:14,car
2024-10-01 14:33:14,car
2024-10-01 14:33:14,truck
2024-10-01 14:33:14,motorcycle
2024-10-01 14:33:14,motorcycle
2024-10-01 14:33:14,motorcycle
2024-10-01 14:33:14,motorcycle
2024-10-01 14:33:14,truck
2024-10-01 14:33:14,car
2024-10-01 14:33:14,car
2024-10-01 14:33:14,truck
2024-10-01 14:33:14,car
2024-10-01 14:33:14,motorcycle
2024-10-01 14:33:14,car
2024-10-01 14:33:14,truck
2024-10-01 14:33:14,motorcycle
2024-10-01 14:33:14,motorcycle
2024-10-01 14:33:14,truck
2024-10-01 14:33:14,car
2024-10-01 14:33:14,car
2024-10-01 14:33:14,motorcycle
2024-10-01 14:33:14,truck
2024-10-01 14:33:14,car
2024-10-01 14:33:14,motorcycle
2024-10-01 14:33:15,truck
2024-10-01 14:33:15,car
2024-10-01 14:33:15,car
2024-10-01 14:33:15,truck
2024-10-01 14:33:15,motorcycle
2024-10-01 14:33:15,car
2024-10-01 14:33:15,truck
2024-10-01 14:33:15,car
2024-10-01 14:33:15,car
2024-10-01 14:33:15,truck
2024-10-01 14:33:15,car
2024-10-01 14:33:15,motorcycle
2024-10-01 14:33:15,car
2024-10-01 14:33:15,car
2024-10-01 14:33:15,truck
2024-10-01 14:33:15,car
2024-10-01 14:33:15,motorcycle
2024-10-01 14:33:15,car
2024-10-01 14:33:15,truck
2024-10-01 14:33:15,car
2024-10-01 14:33:15,car
2024-10-01 14:33:15,motorcycle
2024-10-01 14:33:16,car
2024-10-01 14:33:16,car
2024-10-01 14:33:16,truck
2024-10-01 14:33:16,car
2024-10-01 14:33:16,motorcycle
2024-10-01 14:33:16,motorcycle
2024-10-01 14:33:16,motorcycle
2024-10-01 14:33:16,car
2024-10-01 14:33:16,car
2024-10-01 14:33:16,motorcycle
2024-10-01 14:33:16,truck
2024-10-01 14:33:16,motorcycle
2024-10-01 14:33:16,car
2024-10-01 14:33:16,car
2024-10-01 14:33:16,car
2024-10-01 14:33:16,motorcycle
2024-10-01 14:33:16,car
2024-10-01 14:33:16,motorcycle
2024-10-01 14:33:17,car
2024-10-01 14:33:17,car
2024-10-01 14:33:17,motorcycle
2024-10-01 14:33:17,truck
2024-10-01 14:33:17,motorcycle
2024-10-01 14:33:17,car
2024-10-01 14:33:17,car
2024-10-01 14:33:17,car
2024-10-01 14:33:17,car
2024-10-01 14:33:18,car
2024-10-01 14:33:18,car
2024-10-01 14:33:18,car
2024-10-01 14:33:18,car
2024-10-01 14:33:18,truck
2024-10-01 14:33:18,car
2024-10-01 14:33:18,car
2024-10-01 14:33:18,car
2024-10-01 14:33:18,car
2024-10-01 14:33:18,motorcycle
2024-10-01 14:33:18,truck
2024-10-01 14:33:18,car
2024-10-01 14:33:18,car
2024-10-01 14:33:18,car
2024-10-01 14:33:18,motorcycle
2024-10-01 14:33:18,car
2024-10-01 14:33:18,car
2024-10-01 14:33:18,car
2024-10-01 14:33:18,motorcycle
2024-10-01 14:33:18,motorcycle
2024-10-01 14:33:18,truck
2024-10-01 14:33:19,car
2024-10-01 14:33:19,car
2024-10-01 14:33:19,motorcycle
2024-10-01 14:33:19,car
2024-10-01 14:33:19,truck
2024-10-01 14:33:19,motorcycle
2024-10-01 14:33:19,truck
2024-10-01 14:33:19,car
2024-10-01 14:33:19,car
2024-10-01 14:33:19,car
2024-10-01 14:33:19,motorcycle
2024-10-01 14:33:19,truck
2024-10-01 14:33:19,motorcycle
2024-10-01 14:33:19,car
2024-10-01 14:33:20,car
2024-10-01 14:33:20,car
2024-10-01 14:33:20,truck
2024-10-01 14:33:20,truck
2024-10-01 14:33:20,motorcycle
2024-10-01 14:33:20,car
2024-10-01 14:33:20,car
2024-10-01 14:33:20,truck
2024-10-01 14:33:20,truck
2024-10-01 14:33:20,car
2024-10-01 14:33:20,car
2024-10-01 14:33:20,motorcycle
2024-10-01 14:33:20,car
2024-10-01 14:33:20,car
2024-10-01 14:33:20,car
2024-10-01 14:33:20,car
2024-10-01 14:33:20,car
2024-10-01 14:33:21,car
2024-10-01 14:33:21,car
2024-10-01 14:33:21,car
2024-10-01 14:33:21,car
2024-10-01 14:33:21,car
2024-10-01 14:33:21,car
2024-10-01 14:33:21,motorcycle
2024-10-01 14:33:21,motorcycle
2024-10-01 14:33:21,car
2024-10-01 14:33:21,car
2024-10-01 14:33:21,car
2024-10-01 14:33:21,car
2024-10-01 14:33:21,motorcycle
2024-10-01 14:33:21,car
2024-10-01 14:33:21,car
2024-10-01 14:33:21,motorcycle
2024-10-01 14:33:22,car
2024-10-01 14:33:22,car
2024-10-01 14:33:22,car
2024-10-01 14:33:22,car
2024-10-01 14:33:22,motorcycle
2024-10-01 14:33:22,car
2024-10-01 14:33:22,car
2024-10-01 14:33:22,car
2024-10-01 14:33:22,car
2024-10-01 14:33:22,motorcycle
2024-10-01 14:33:22,car
2024-10-01 14:33:22,car
2024-10-01 14:33:22,car
2024-10-01 14:33:22,motorcycle
2024-10-01 14:33:22,car
2024-10-01 14:33:23,car
2024-10-01 14:33:23,car
2024-10-01 14:33:23,car
2024-10-01 14:33:23,car
2024-10-01 14:33:23,motorcycle
2024-10-01 14:33:23,motorcycle
2024-10-01 14:33:23,car
2024-10-01 14:33:23,car
2024-10-01 14:33:23,car
2024-10-01 14:33:23,motorcycle
2024-10-01 14:33:23,car
2024-10-01 14:33:23,car
2024-10-01 14:33:23,car
2024-10-01 14:33:23,motorcycle
2024-10-01 14:33:23,motorcycle
2024-10-01 14:33:23,car
2024-10-01 14:33:23,car
2024-10-01 14:33:23,car
2024-10-01 14:33:23,car
2024-10-01 14:33:23,motorcycle
2024-10-01 14:33:23,motorcycle
2024-10-01 14:33:24,car
2024-10-01 14:33:24,car
2024-10-01 14:33:24,car
2024-10-01 14:33:24,car
2024-10-01 14:33:24,car
2024-10-01 14:33:24,motorcycle
2024-10-01 14:33:24,motorcycle
2024-10-01 14:33:24,car
2024-10-01 14:33:24,car
2024-10-01 14:33:24,car
2024-10-01 14:33:24,car
2024-10-01 14:33:24,car
2024-10-01 14:33:24,car
2024-10-01 14:33:24,car
2024-10-01 14:33:24,car
2024-10-01 14:33:25,car
2024-10-01 14:33:25,car
2024-10-01 14:33:25,car
2024-10-01 14:33:25,car
2024-10-01 14:33:25,motorcycle
2024-10-01 14:33:25,car
2024-10-01 14:33:25,car
2024-10-01 14:33:25,car
2024-10-01 14:33:25,car
2024-10-01 14:33:25,motorcycle
2024-10-01 14:33:25,motorcycle
2024-10-01 14:33:25,car
2024-10-01 14:33:25,car
2024-10-01 14:33:25,car
2024-10-01 14:33:25,motorcycle
2024-10-01 14:33:25,motorcycle
2024-10-01 14:33:26,car
2024-10-01 14:33:26,car
2024-10-01 14:33:26,car
2024-10-01 14:33:26,car
2024-10-01 14:33:26,car
2024-10-01 14:33:26,car
2024-10-01 14:33:26,car
2024-10-01 14:33:26,car
2024-10-01 14:33:26,motorcycle
2024-10-01 14:33:26,car
2024-10-01 14:33:26,car
2024-10-01 14:33:26,car
2024-10-01 14:33:26,car
2024-10-01 14:33:26,car
2024-10-01 14:33:27,car
2024-10-01 14:33:27,car
2024-10-01 14:33:27,car
2024-10-01 14:33:27,car
2024-10-01 14:33:27,car
2024-10-01 14:33:27,car
2024-10-01 14:33:27,car
2024-10-01 14:33:27,car
2024-10-01 14:33:27,car
2024-10-01 14:33:27,car
2024-10-01 14:33:27,car
2024-10-01 14:33:27,car
2024-10-01 14:33:27,car
2024-10-01 14:33:27,car
2024-10-01 14:33:27,car
2024-10-01 14:33:27,car
2024-10-01 14:33:27,car
2024-10-01 14:33:27,car
2024-10-01 14:33:28,car
2024-10-01 14:33:28,car
2024-10-01 14:33:28,car
2024-10-01 14:33:28,car
2024-10-01 14:33:28,motorcycle
2024-10-01 14:33:28,car
2024-10-01 14:33:28,car
2024-10-01 14:33:28,car
2024-10-01 14:33:28,motorcycle
2024-10-01 14:33:28,car
2024-10-01 14:33:28,car
2024-10-01 14:33:28,car
2024-10-01 14:33:29,car
2024-10-01 14:33:29,car
2024-10-01 14:33:29,car
2024-10-01 14:33:29,motorcycle
2024-10-01 14:33:29,car
2024-10-01 14:33:29,car
2024-10-01 14:33:29,car
2024-10-01 14:33:29,car
2024-10-01 14:33:29,car
2024-10-01 14:33:29,car
2024-10-01 14:33:29,motorcycle
2024-10-01 14:33:29,car
2024-10-01 14:33:29,car
2024-10-01 14:33:29,car
2024-10-01 14:33:29,motorcycle
2024-10-01 14:33:30,car
2024-10-01 14:33:30,car
2024-10-01 14:33:30,motorcycle
2024-10-01 14:33:30,car
2024-10-01 14:33:30,car
2024-10-01 14:33:30,car
2024-10-01 14:33:30,motorcycle
2024-10-01 14:33:30,car
2024-10-01 14:33:30,car
2024-10-01 14:33:30,car
2024-10-01 14:33:30,car
2024-10-01 14:33:30,car
2024-10-01 14:33:30,car
2024-10-01 14:33:30,car
2024-10-01 14:33:30,motorcycle
2024-10-01 14:33:30,motorcycle
2024-10-01 14:33:31,car
2024-10-01 14:33:31,car
2024-10-01 14:33:31,motorcycle
2024-10-01 14:33:31,car
2024-10-01 14:33:31,car
2024-10-01 14:33:31,car
2024-10-01 14:33:31,car
2024-10-01 14:33:31,car
2024-10-01 14:33:31,car
2024-10-01 14:33:31,car
2024-10-01 14:33:31,car
2024-10-01 14:33:31,car
2024-10-01 14:33:31,car
2024-10-01 14:33:31,car
2024-10-01 14:33:31,car
2024-10-01 14:33:31,motorcycle
2024-10-01 14:33:32,car
2024-10-01 14:33:32,car
2024-10-01 14:33:32,car
2024-10-01 14:33:32,car
2024-10-01 14:33:32,motorcycle
2024-10-01 14:33:32,car
2024-10-01 14:33:32,car
2024-10-01 14:33:32,car
2024-10-01 14:33:32,car
2024-10-01 14:33:32,car
2024-10-01 14:33:32,car
2024-10-01 14:33:32,motorcycle
2024-10-01 14:33:32,motorcycle
2024-10-01 14:33:32,car
2024-10-01 14:33:32,car
2024-10-01 14:33:32,car
2024-10-01 14:33:32,car
2024-10-01 14:33:32,motorcycle
2024-10-01 14:33:32,car
2024-10-01 14:33:32,motorcycle
2024-10-01 14:33:32,car
2024-10-01 14:33:32,car
2024-10-01 14:33:32,car
2024-10-01 14:33:32,motorcycle
2024-10-01 14:33:32,car
2024-10-01 14:33:32,motorcycle
2024-10-01 14:33:32,car
2024-10-01 14:33:32,car
2024-10-01 14:33:33,car
2024-10-01 14:33:33,car
2024-10-01 14:33:33,car
2024-10-01 14:33:33,car
2024-10-01 14:33:33,motorcycle
2024-10-01 14:33:33,motorcycle
2024-10-01 14:33:33,car
2024-10-01 14:33:33,car
2024-10-01 14:33:33,car
2024-10-01 14:33:33,car
2024-10-01 14:33:33,car
2024-10-01 14:33:33,motorcycle
2024-10-01 14:33:33,car
2024-10-01 14:33:33,motorcycle
2024-10-01 14:33:33,car
2024-10-01 14:33:33,car
2024-10-01 14:33:33,car
2024-10-01 14:33:33,car
2024-10-01 14:33:33,car
2024-10-01 14:33:33,motorcycle
2024-10-01 14:33:33,motorcycle
2024-10-01 14:33:34,car
2024-10-01 14:33:34,car
2024-10-01 14:33:34,car
2024-10-01 14:33:34,motorcycle
2024-10-01 14:33:34,car
2024-10-01 14:33:34,car
2024-10-01 14:33:34,motorcycle
2024-10-01 14:33:34,motorcycle
2024-10-01 14:33:34,motorcycle
2024-10-01 14:33:34,car
2024-10-01 14:33:34,car
2024-10-01 14:33:34,car
2024-10-01 14:33:34,motorcycle
2024-10-01 14:33:34,car
2024-10-01 14:33:34,motorcycle
2024-10-01 14:33:34,motorcycle
2024-10-01 14:33:34,motorcycle
2024-10-01 14:33:34,car
2024-10-01 14:33:34,car
2024-10-01 14:33:34,car
2024-10-01 14:33:34,motorcycle
2024-10-01 14:33:34,car
2024-10-01 14:33:34,motorcycle
2024-10-01 14:33:34,motorcycle
2024-10-01 14:33:34,car
2024-10-01 14:33:35,car
2024-10-01 14:33:35,car
2024-10-01 14:33:35,car
2024-10-01 14:33:35,car
2024-10-01 14:33:35,motorcycle
2024-10-01 14:33:35,motorcycle
2024-10-01 14:33:35,motorcycle
2024-10-01 14:33:35,motorcycle
2024-10-01 14:33:35,car
2024-10-01 14:33:35,car
2024-10-01 14:33:35,car
2024-10-01 14:33:35,car
2024-10-01 14:33:35,motorcycle
2024-10-01 14:33:35,motorcycle
2024-10-01 14:33:35,motorcycle
2024-10-01 14:33:35,motorcycle
2024-10-01 14:33:35,car
2024-10-01 14:33:35,car
2024-10-01 14:33:35,car
2024-10-01 14:33:35,car
2024-10-01 14:33:35,motorcycle
2024-10-01 14:33:35,motorcycle
2024-10-01 14:33:35,motorcycle
2024-10-01 14:33:35,motorcycle
2024-10-01 14:33:36,car
2024-10-01 14:33:36,car
2024-10-01 14:33:36,car
2024-10-01 14:33:36,car
2024-10-01 14:33:36,motorcycle
2024-10-01 14:33:36,motorcycle
2024-10-01 14:33:36,car
2024-10-01 14:33:36,car
2024-10-01 14:33:36,car
2024-10-01 14:33:36,car
2024-10-01 14:33:36,car
2024-10-01 14:33:36,motorcycle
2024-10-01 14:33:36,motorcycle
2024-10-01 14:33:36,car
2024-10-01 14:33:36,car
2024-10-01 14:33:36,car
2024-10-01 14:33:36,motorcycle
2024-10-01 14:33:36,car
2024-10-01 14:33:36,motorcycle
2024-10-01 14:33:36,motorcycle
2024-10-01 14:33:36,car
2024-10-01 14:33:36,car
2024-10-01 14:33:36,car
2024-10-01 14:33:36,car
2024-10-01 14:33:36,car
2024-10-01 14:33:36,motorcycle
2024-10-01 14:33:36,car
2024-10-01 14:33:36,motorcycle
2024-10-01 14:33:36,car
2024-10-01 14:33:36,car
2024-10-01 14:33:36,motorcycle
2024-10-01 14:33:37,motorcycle
2024-10-01 14:33:37,car
2024-10-01 14:33:37,car
2024-10-01 14:33:37,car
2024-10-01 14:33:37,car
2024-10-01 14:33:37,car
2024-10-01 14:33:37,car
2024-10-01 14:33:37,motorcycle
2024-10-01 14:33:37,car
2024-10-01 14:33:37,car
2024-10-01 14:33:37,motorcycle
2024-10-01 14:33:37,car
2024-10-01 14:33:37,car
2024-10-01 14:33:37,motorcycle
2024-10-01 14:33:37,car
2024-10-01 14:33:37,car
2024-10-01 14:33:37,car
2024-10-01 14:33:37,car
2024-10-01 14:33:37,car
2024-10-01 14:33:37,motorcycle
2024-10-01 14:33:37,motorcycle
2024-10-01 14:33:37,truck
2024-10-01 14:33:37,car
2024-10-01 14:33:37,car
2024-10-01 14:33:38,car
2024-10-01 14:33:38,car
2024-10-01 14:33:38,car
2024-10-01 14:33:38,car
2024-10-01 14:33:38,car
2024-10-01 14:33:38,motorcycle
2024-10-01 14:33:38,truck
2024-10-01 14:33:38,motorcycle
2024-10-01 14:33:38,car
2024-10-01 14:33:38,motorcycle
2024-10-01 14:33:38,motorcycle
2024-10-01 14:33:38,car
2024-10-01 14:33:38,car
2024-10-01 14:33:38,car
2024-10-01 14:33:38,car
2024-10-01 14:33:38,car
2024-10-01 14:33:38,car
2024-10-01 14:33:38,car
2024-10-01 14:33:38,motorcycle
2024-10-01 14:33:38,motorcycle
2024-10-01 14:33:38,motorcycle
2024-10-01 14:33:38,motorcycle
2024-10-01 14:33:38,motorcycle
2024-10-01 14:33:38,car
2024-10-01 14:33:38,car
2024-10-01 14:33:38,car
2024-10-01 14:33:38,car
2024-10-01 14:33:38,car
2024-10-01 14:33:38,car
2024-10-01 14:33:38,car
2024-10-01 14:33:38,motorcycle
2024-10-01 14:33:38,car
2024-10-01 14:33:38,motorcycle
2024-10-01 14:33:38,motorcycle
2024-10-01 14:33:38,car
2024-10-01 14:33:39,car
2024-10-01 14:33:39,car
2024-10-01 14:33:39,car
2024-10-01 14:33:39,car
2024-10-01 14:33:39,car
2024-10-01 14:33:39,motorcycle
2024-10-01 14:33:39,motorcycle
2024-10-01 14:33:39,car
2024-10-01 14:33:39,car
2024-10-01 14:33:39,car
2024-10-01 14:33:39,car
2024-10-01 14:33:39,motorcycle
2024-10-01 14:33:39,car
2024-10-01 14:33:39,car
2024-10-01 14:33:39,car
2024-10-01 14:33:39,car
2024-10-01 14:33:39,car
2024-10-01 14:33:39,motorcycle
2024-10-01 14:33:39,car
2024-10-01 14:33:39,truck
2024-10-01 14:33:39,motorcycle
2024-10-01 14:33:39,motorcycle
2024-10-01 14:33:39,truck
2024-10-01 14:33:39,car
2024-10-01 14:33:39,motorcycle
2024-10-01 14:33:39,car
2024-10-01 14:33:39,car
2024-10-01 14:33:39,car
2024-10-01 14:33:39,car
2024-10-01 14:33:39,car
2024-10-01 14:33:39,car
2024-10-01 14:33:39,car
2024-10-01 14:33:39,motorcycle
2024-10-01 14:33:39,truck
2024-10-01 14:33:39,car
2024-10-01 14:33:39,motorcycle
2024-10-01 14:33:39,truck
2024-10-01 14:33:40,car
2024-10-01 14:33:40,car
2024-10-01 14:33:40,car
2024-10-01 14:33:40,car
2024-10-01 14:33:40,car
2024-10-01 14:33:40,motorcycle
2024-10-01 14:33:40,truck
2024-10-01 14:33:40,car
2024-10-01 14:33:40,motorcycle
2024-10-01 14:33:40,truck
2024-10-01 14:33:40,car
2024-10-01 14:33:40,car
2024-10-01 14:33:40,car
2024-10-01 14:33:40,car
2024-10-01 14:33:40,car
2024-10-01 14:33:40,car
2024-10-01 14:33:40,truck
2024-10-01 14:33:40,motorcycle
2024-10-01 14:33:40,motorcycle
2024-10-01 14:33:40,motorcycle
2024-10-01 14:33:40,motorcycle
2024-10-01 14:33:40,car
2024-10-01 14:33:40,car
2024-10-01 14:33:40,car
2024-10-01 14:33:40,car
2024-10-01 14:33:40,car
2024-10-01 14:33:40,motorcycle
2024-10-01 14:33:40,car
2024-10-01 14:33:40,truck
2024-10-01 14:33:40,car
2024-10-01 14:33:40,motorcycle
2024-10-01 14:33:40,car
2024-10-01 14:33:41,motorcycle
2024-10-01 14:33:41,motorcycle
2024-10-01 14:33:41,car
2024-10-01 14:33:41,car
2024-10-01 14:33:41,car
2024-10-01 14:33:41,car
2024-10-01 14:33:41,car
2024-10-01 14:33:41,motorcycle
2024-10-01 14:33:41,motorcycle
2024-10-01 14:33:41,car
2024-10-01 14:33:41,truck
2024-10-01 14:33:41,motorcycle
2024-10-01 14:33:41,motorcycle
2024-10-01 14:33:41,car
2024-10-01 14:33:41,car
2024-10-01 14:33:41,car
2024-10-01 14:33:41,car
2024-10-01 14:33:41,car
2024-10-01 14:33:41,car
2024-10-01 14:33:41,car
2024-10-01 14:33:41,motorcycle
2024-10-01 14:33:41,car
2024-10-01 14:33:41,motorcycle
2024-10-01 14:33:41,motorcycle
2024-10-01 14:33:41,car
2024-10-01 14:33:41,car
2024-10-01 14:33:41,motorcycle
2024-10-01 14:33:41,car
2024-10-01 14:33:41,car
2024-10-01 14:33:41,car
2024-10-01 14:33:41,car
2024-10-01 14:33:41,car
2024-10-01 14:33:41,truck
2024-10-01 14:33:41,motorcycle
2024-10-01 14:33:41,car
2024-10-01 14:33:41,motorcycle
2024-10-01 14:33:41,car
2024-10-01 14:33:41,motorcycle
2024-10-01 14:33:41,motorcycle
2024-10-01 14:33:42,truck
2024-10-01 14:33:42,car
2024-10-01 14:33:42,car
2024-10-01 14:33:42,car
2024-10-01 14:33:42,car
2024-10-01 14:33:42,car
2024-10-01 14:33:42,car
2024-10-01 14:33:42,motorcycle
2024-10-01 14:33:42,motorcycle
2024-10-01 14:33:42,truck
2024-10-01 14:33:42,motorcycle
2024-10-01 14:33:42,truck
2024-10-01 14:33:42,car
2024-10-01 14:33:42,car
2024-10-01 14:33:42,car
2024-10-01 14:33:42,car
2024-10-01 14:33:42,car
2024-10-01 14:33:42,truck
2024-10-01 14:33:42,car
2024-10-01 14:33:42,motorcycle
2024-10-01 14:33:42,motorcycle
2024-10-01 14:33:42,motorcycle
2024-10-01 14:33:42,truck
2024-10-01 14:33:42,car
2024-10-01 14:33:42,car
2024-10-01 14:33:42,car
2024-10-01 14:33:42,car
2024-10-01 14:33:42,car
2024-10-01 14:33:42,car
2024-10-01 14:33:42,car
2024-10-01 14:33:42,motorcycle
2024-10-01 14:33:42,truck
2024-10-01 14:33:42,truck
2024-10-01 14:33:42,motorcycle
2024-10-01 14:33:43,car
2024-10-01 14:33:43,car
2024-10-01 14:33:43,car
2024-10-01 14:33:43,car
2024-10-01 14:33:43,car
2024-10-01 14:33:43,truck
2024-10-01 14:33:43,car
2024-10-01 14:33:43,motorcycle
2024-10-01 14:33:43,truck
2024-10-01 14:33:43,motorcycle
2024-10-01 14:33:43,car
2024-10-01 14:33:43,motorcycle
2024-10-01 14:33:43,car
2024-10-01 14:33:43,car
2024-10-01 14:33:43,car
2024-10-01 14:33:43,car
2024-10-01 14:33:43,car
2024-10-01 14:33:43,motorcycle
2024-10-01 14:33:43,car
2024-10-01 14:33:43,motorcycle
2024-10-01 14:33:43,car
2024-10-01 14:33:43,truck
2024-10-01 14:33:43,truck
2024-10-01 14:33:43,motorcycle
2024-10-01 14:33:43,car
2024-10-01 14:33:43,car
2024-10-01 14:33:43,car
2024-10-01 14:33:43,car
2024-10-01 14:33:43,car
2024-10-01 14:33:43,motorcycle
2024-10-01 14:33:43,truck
2024-10-01 14:33:44,car
2024-10-01 14:33:44,motorcycle
2024-10-01 14:33:44,car
2024-10-01 14:33:44,truck
2024-10-01 14:33:44,car
2024-10-01 14:33:44,car
2024-10-01 14:33:44,car
2024-10-01 14:33:44,car
2024-10-01 14:33:44,car
2024-10-01 14:33:44,truck
2024-10-01 14:33:44,car
2024-10-01 14:33:44,car
2024-10-01 14:33:44,motorcycle
2024-10-01 14:33:44,truck
2024-10-01 14:33:44,motorcycle
2024-10-01 14:33:44,motorcycle
2024-10-01 14:33:44,motorcycle
2024-10-01 14:33:44,car
2024-10-01 14:33:44,car
2024-10-01 14:33:44,car
2024-10-01 14:33:44,car
2024-10-01 14:33:44,car
2024-10-01 14:33:44,car
2024-10-01 14:33:44,car
2024-10-01 14:33:44,motorcycle
2024-10-01 14:33:44,truck
2024-10-01 14:33:44,motorcycle
2024-10-01 14:33:44,truck
2024-10-01 14:33:44,car
2024-10-01 14:33:44,car
2024-10-01 14:33:44,car
2024-10-01 14:33:44,car
2024-10-01 14:33:45,car
2024-10-01 14:33:45,motorcycle
2024-10-01 14:33:45,car
2024-10-01 14:33:45,car
2024-10-01 14:33:45,truck
2024-10-01 14:33:45,motorcycle
2024-10-01 14:33:45,car
2024-10-01 14:33:45,car
2024-10-01 14:33:45,car
2024-10-01 14:33:45,car
2024-10-01 14:33:45,car
2024-10-01 14:33:45,car
2024-10-01 14:33:45,car
2024-10-01 14:33:45,motorcycle
2024-10-01 14:33:45,truck
2024-10-01 14:33:45,motorcycle
2024-10-01 14:33:45,car
2024-10-01 14:33:45,car
2024-10-01 14:33:45,car
2024-10-01 14:33:45,car
2024-10-01 14:33:45,car
2024-10-01 14:33:45,car
2024-10-01 14:33:45,motorcycle
2024-10-01 14:33:45,motorcycle
2024-10-01 14:33:45,car
2024-10-01 14:33:45,truck
2024-10-01 14:33:45,car
2024-10-01 14:33:45,car
2024-10-01 14:33:45,car
2024-10-01 14:33:45,car
2024-10-01 14:33:45,car
2024-10-01 14:33:45,car
2024-10-01 14:33:45,car
2024-10-01 14:33:45,motorcycle
2024-10-01 14:33:46,motorcycle
2024-10-01 14:33:46,car
2024-10-01 14:33:46,car
2024-10-01 14:33:46,car
2024-10-01 14:33:46,car
2024-10-01 14:33:46,car
2024-10-01 14:33:46,car
2024-10-01 14:33:46,car
2024-10-01 14:33:46,car
2024-10-01 14:33:46,motorcycle
2024-10-01 14:33:46,motorcycle
2024-10-01 14:33:46,car
2024-10-01 14:33:46,car
2024-10-01 14:33:46,car
2024-10-01 14:33:46,car
2024-10-01 14:33:46,car
2024-10-01 14:33:46,car
2024-10-01 14:33:46,car
2024-10-01 14:33:46,truck
2024-10-01 14:33:46,motorcycle
2024-10-01 14:33:46,truck
2024-10-01 14:33:46,car
2024-10-01 14:33:47,car
2024-10-01 14:33:47,car
2024-10-01 14:33:47,car
2024-10-01 14:33:47,car
2024-10-01 14:33:47,car
2024-10-01 14:33:47,car
2024-10-01 14:33:47,car
2024-10-01 14:33:47,car
2024-10-01 14:33:47,motorcycle
2024-10-01 14:33:47,truck
2024-10-01 14:33:47,car
2024-10-01 14:33:47,car
2024-10-01 14:33:47,car
2024-10-01 14:33:47,car
2024-10-01 14:33:47,car
2024-10-01 14:33:47,car
2024-10-01 14:33:47,car
2024-10-01 14:33:47,car
2024-10-01 14:33:47,motorcycle
2024-10-01 14:33:47,truck
2024-10-01 14:33:47,motorcycle
2024-10-01 14:33:47,car
2024-10-01 14:33:47,car
2024-10-01 14:33:47,car
2024-10-01 14:33:47,car
2024-10-01 14:33:47,car
2024-10-01 14:33:47,car
2024-10-01 14:33:47,car
2024-10-01 14:33:47,car
2024-10-01 14:33:47,truck
2024-10-01 14:33:47,motorcycle
2024-10-01 14:33:48,car
2024-10-01 14:33:48,car
2024-10-01 14:33:48,car
2024-10-01 14:33:48,car
2024-10-01 14:33:48,car
2024-10-01 14:33:48,car
2024-10-01 14:33:48,truck
2024-10-01 14:33:48,car
2024-10-01 14:33:48,truck
2024-10-01 14:33:48,car
2024-10-01 14:33:48,car
2024-10-01 14:33:48,car
2024-10-01 14:33:48,car
2024-10-01 14:33:48,car
2024-10-01 14:33:48,car
2024-10-01 14:33:48,car
2024-10-01 14:33:48,truck
2024-10-01 14:33:48,car
2024-10-01 14:33:48,car
2024-10-01 14:33:48,car
2024-10-01 14:33:48,car
2024-10-01 14:33:48,car
2024-10-01 14:33:48,car
2024-10-01 14:33:48,car
2024-10-01 14:33:48,truck
2024-10-01 14:33:48,car
2024-10-01 14:33:48,car
2024-10-01 14:33:48,motorcycle
2024-10-01 14:33:49,car
2024-10-01 14:33:49,car
2024-10-01 14:33:49,car
2024-10-01 14:33:49,car
2024-10-01 14:33:49,car
2024-10-01 14:33:49,car
2024-10-01 14:33:49,car
2024-10-01 14:33:49,truck
2024-10-01 14:33:49,car
2024-10-01 14:33:49,motorcycle
2024-10-01 14:33:49,car
2024-10-01 14:33:49,car
2024-10-01 14:33:49,car
2024-10-01 14:33:49,car
2024-10-01 14:33:49,car
2024-10-01 14:33:49,car
2024-10-01 14:33:49,truck
2024-10-01 14:33:49,car
2024-10-01 14:33:49,motorcycle
2024-10-01 14:33:49,car
2024-10-01 14:33:49,car
2024-10-01 14:33:49,car
2024-10-01 14:33:49,car
2024-10-01 14:33:49,car
2024-10-01 14:33:50,car
2024-10-01 14:33:50,car
2024-10-01 14:33:50,car
2024-10-01 14:33:50,truck
2024-10-01 14:33:50,car
2024-10-01 14:33:50,car
2024-10-01 14:33:50,car
2024-10-01 14:33:50,car
2024-10-01 14:33:50,car
2024-10-01 14:33:50,car
2024-10-01 14:33:50,car
2024-10-01 14:33:50,car
2024-10-01 14:33:50,truck
2024-10-01 14:33:50,motorcycle
2024-10-01 14:33:50,car
2024-10-01 14:33:50,car
2024-10-01 14:33:50,car
2024-10-01 14:33:50,car
2024-10-01 14:33:50,car
2024-10-01 14:33:50,car
2024-10-01 14:33:50,car
2024-10-01 14:33:50,car
2024-10-01 14:33:50,car
2024-10-01 14:33:50,car
2024-10-01 14:33:50,motorcycle
2024-10-01 14:33:50,truck
2024-10-01 14:33:50,car
2024-10-01 14:33:50,motorcycle
2024-10-01 14:33:50,car
2024-10-01 14:33:51,car
2024-10-01 14:33:51,car
2024-10-01 14:33:51,car
2024-10-01 14:33:51,car
2024-10-01 14:33:51,car
2024-10-01 14:33:51,car
2024-10-01 14:33:51,car
2024-10-01 14:33:51,truck
2024-10-01 14:33:51,motorcycle
2024-10-01 14:33:51,motorcycle
2024-10-01 14:33:51,car
2024-10-01 14:33:51,car
2024-10-01 14:33:51,car
2024-10-01 14:33:51,car
2024-10-01 14:33:51,car
2024-10-01 14:33:51,car
2024-10-01 14:33:51,car
2024-10-01 14:33:51,car
2024-10-01 14:33:51,car
2024-10-01 14:33:51,motorcycle
2024-10-01 14:33:51,motorcycle
2024-10-01 14:33:51,truck
2024-10-01 14:33:51,car
2024-10-01 14:33:52,car
2024-10-01 14:33:52,car
2024-10-01 14:33:52,car
2024-10-01 14:33:52,car
2024-10-01 14:33:52,car
2024-10-01 14:33:52,car
2024-10-01 14:33:52,car
2024-10-01 14:33:52,motorcycle
2024-10-01 14:33:52,car
2024-10-01 14:33:52,motorcycle
2024-10-01 14:33:52,truck
2024-10-01 14:33:52,car
2024-10-01 14:33:52,car
2024-10-01 14:33:52,car
2024-10-01 14:33:52,car
2024-10-01 14:33:52,car
2024-10-01 14:33:52,car
2024-10-01 14:33:52,car
2024-10-01 14:33:52,motorcycle
2024-10-01 14:33:52,car
2024-10-01 14:33:52,motorcycle
2024-10-01 14:33:52,motorcycle
2024-10-01 14:33:52,car
2024-10-01 14:33:52,truck
2024-10-01 14:33:52,car
2024-10-01 14:33:52,car
2024-10-01 14:33:52,car
2024-10-01 14:33:52,car
2024-10-01 14:33:52,car
2024-10-01 14:33:52,car
2024-10-01 14:33:52,car
2024-10-01 14:33:52,motorcycle
2024-10-01 14:33:52,car
2024-10-01 14:33:52,car
2024-10-01 14:33:52,motorcycle
2024-10-01 14:33:52,motorcycle
2024-10-01 14:33:53,car
2024-10-01 14:33:53,car
2024-10-01 14:33:53,car
2024-10-01 14:33:53,car
2024-10-01 14:33:53,car
2024-10-01 14:33:53,car
2024-10-01 14:33:53,car
2024-10-01 14:33:53,motorcycle
2024-10-01 14:33:53,car
2024-10-01 14:33:53,motorcycle
2024-10-01 14:33:53,truck
2024-10-01 14:33:53,motorcycle
2024-10-01 14:33:53,car
2024-10-01 14:33:53,car
2024-10-01 14:33:53,car
2024-10-01 14:33:53,car
2024-10-01 14:33:53,car
2024-10-01 14:33:53,car
2024-10-01 14:33:53,car
2024-10-01 14:33:53,car
2024-10-01 14:33:53,motorcycle
2024-10-01 14:33:53,motorcycle
2024-10-01 14:33:53,car
2024-10-01 14:33:53,car
2024-10-01 14:33:53,car
2024-10-01 14:33:53,car
2024-10-01 14:33:53,car
2024-10-01 14:33:53,car
2024-10-01 14:33:53,car
2024-10-01 14:33:53,car
2024-10-01 14:33:53,motorcycle
2024-10-01 14:33:53,motorcycle
2024-10-01 14:33:53,motorcycle
2024-10-01 14:33:54,car
2024-10-01 14:33:54,car
2024-10-01 14:33:54,car
2024-10-01 14:33:54,car
2024-10-01 14:33:54,car
2024-10-01 14:33:54,car
2024-10-01 14:33:54,car
2024-10-01 14:33:54,motorcycle
2024-10-01 14:33:54,car
2024-10-01 14:33:54,motorcycle
2024-10-01 14:33:54,car
2024-10-01 14:33:54,car
2024-10-01 14:33:54,car
2024-10-01 14:33:54,car
2024-10-01 14:33:54,car
2024-10-01 14:33:54,car
2024-10-01 14:33:54,car
2024-10-01 14:33:54,truck
2024-10-01 14:33:54,car
2024-10-01 14:33:54,motorcycle
2024-10-01 14:33:54,motorcycle
2024-10-01 14:33:54,motorcycle
2024-10-01 14:33:54,car
2024-10-01 14:33:54,car
2024-10-01 14:33:54,car
2024-10-01 14:33:54,car
2024-10-01 14:33:54,car
2024-10-01 14:33:54,car
2024-10-01 14:33:54,truck
2024-10-01 14:33:54,car
2024-10-01 14:33:54,motorcycle
2024-10-01 14:33:54,car
2024-10-01 14:33:54,motorcycle
2024-10-01 14:33:55,car
2024-10-01 14:33:55,car
2024-10-01 14:33:55,car
2024-10-01 14:33:55,car
2024-10-01 14:33:55,car
2024-10-01 14:33:55,car
2024-10-01 14:33:55,car
2024-10-01 14:33:55,truck
2024-10-01 14:33:55,motorcycle
2024-10-01 14:33:55,car
2024-10-01 14:33:55,motorcycle
2024-10-01 14:33:55,truck
2024-10-01 14:33:55,car
2024-10-01 14:33:55,car
2024-10-01 14:33:55,car
2024-10-01 14:33:55,car
2024-10-01 14:33:55,car
2024-10-01 14:33:55,car
2024-10-01 14:33:55,truck
2024-10-01 14:33:55,motorcycle
2024-10-01 14:33:55,car
2024-10-01 14:33:55,motorcycle
2024-10-01 14:33:55,car
2024-10-01 14:33:55,truck
2024-10-01 14:33:56,car
2024-10-01 14:33:56,car
2024-10-01 14:33:56,car
2024-10-01 14:33:56,car
2024-10-01 14:33:56,car
2024-10-01 14:33:56,car
2024-10-01 14:33:56,truck
2024-10-01 14:33:56,car
2024-10-01 14:33:56,motorcycle
2024-10-01 14:33:56,car
2024-10-01 14:33:56,car
2024-10-01 14:33:56,motorcycle
2024-10-01 14:33:56,car
2024-10-01 14:33:56,car
2024-10-01 14:33:56,car
2024-10-01 14:33:56,car
2024-10-01 14:33:56,car
2024-10-01 14:33:56,truck
2024-10-01 14:33:56,car
2024-10-01 14:33:56,car
2024-10-01 14:33:56,motorcycle
2024-10-01 14:33:56,motorcycle
2024-10-01 14:33:56,car
2024-10-01 14:33:56,car
2024-10-01 14:33:56,car
2024-10-01 14:33:56,car
2024-10-01 14:33:56,truck
2024-10-01 14:33:56,car
2024-10-01 14:33:56,car
2024-10-01 14:33:56,car
2024-10-01 14:33:56,motorcycle
2024-10-01 14:33:56,motorcycle
2024-10-01 14:33:56,motorcycle
2024-10-01 14:33:56,truck
2024-10-01 14:33:56,truck
2024-10-01 14:33:57,car
2024-10-01 14:33:57,car
2024-10-01 14:33:57,car
2024-10-01 14:33:57,car
2024-10-01 14:33:57,car
2024-10-01 14:33:57,car
2024-10-01 14:33:57,truck
2024-10-01 14:33:57,car
2024-10-01 14:33:57,motorcycle
2024-10-01 14:33:57,motorcycle
2024-10-01 14:33:57,car
2024-10-01 14:33:57,car
2024-10-01 14:33:57,car
2024-10-01 14:33:57,car
2024-10-01 14:33:57,car
2024-10-01 14:33:57,car
2024-10-01 14:33:57,car
2024-10-01 14:33:57,car
2024-10-01 14:33:57,car
2024-10-01 14:33:57,truck
2024-10-01 14:33:57,motorcycle
2024-10-01 14:33:57,car
2024-10-01 14:33:57,motorcycle
2024-10-01 14:33:57,car
2024-10-01 14:33:57,car
2024-10-01 14:33:57,car
2024-10-01 14:33:57,car
2024-10-01 14:33:57,car
2024-10-01 14:33:57,car
2024-10-01 14:33:57,car
2024-10-01 14:33:57,truck
2024-10-01 14:33:57,car
2024-10-01 14:33:57,motorcycle
2024-10-01 14:33:58,car
2024-10-01 14:33:58,car
2024-10-01 14:33:58,car
2024-10-01 14:33:58,car
2024-10-01 14:33:58,car
2024-10-01 14:33:58,truck
2024-10-01 14:33:58,car
2024-10-01 14:33:58,car
2024-10-01 14:33:58,car
2024-10-01 14:33:58,motorcycle
2024-10-01 14:33:58,car
2024-10-01 14:33:58,car
2024-10-01 14:33:58,car
2024-10-01 14:33:58,car
2024-10-01 14:33:58,car
2024-10-01 14:33:58,truck
2024-10-01 14:33:58,car
2024-10-01 14:33:58,car
2024-10-01 14:33:58,car
2024-10-01 14:33:58,motorcycle
2024-10-01 14:33:58,car
2024-10-01 14:33:58,car
2024-10-01 14:33:58,motorcycle
2024-10-01 14:33:58,car
2024-10-01 14:33:58,car
2024-10-01 14:33:58,car
2024-10-01 14:33:58,car
2024-10-01 14:33:58,car
2024-10-01 14:33:58,truck
2024-10-01 14:33:58,car
2024-10-01 14:33:58,car
2024-10-01 14:33:58,car
2024-10-01 14:33:58,car
2024-10-01 14:33:58,car
2024-10-01 14:33:58,motorcycle
2024-10-01 14:33:58,motorcycle
2024-10-01 14:33:58,truck
2024-10-01 14:33:58,motorcycle
2024-10-01 14:33:59,car
2024-10-01 14:33:59,car
2024-10-01 14:33:59,car
2024-10-01 14:33:59,car
2024-10-01 14:33:59,car
2024-10-01 14:33:59,truck
2024-10-01 14:33:59,car
2024-10-01 14:33:59,car
2024-10-01 14:33:59,motorcycle
2024-10-01 14:33:59,motorcycle
2024-10-01 14:33:59,truck
2024-10-01 14:33:59,motorcycle
2024-10-01 14:33:59,car
2024-10-01 14:33:59,car
2024-10-01 14:33:59,car
2024-10-01 14:33:59,car
2024-10-01 14:33:59,car
2024-10-01 14:33:59,car
2024-10-01 14:33:59,car
2024-10-01 14:33:59,truck
2024-10-01 14:33:59,motorcycle
2024-10-01 14:33:59,motorcycle
2024-10-01 14:33:59,motorcycle
2024-10-01 14:33:59,truck
2024-10-01 14:33:59,car
2024-10-01 14:33:59,car
2024-10-01 14:33:59,car
2024-10-01 14:33:59,car
2024-10-01 14:33:59,car
2024-10-01 14:33:59,car
2024-10-01 14:33:59,truck
2024-10-01 14:33:59,car
2024-10-01 14:33:59,motorcycle
2024-10-01 14:33:59,car
2024-10-01 14:33:59,motorcycle
2024-10-01 14:33:59,motorcycle
2024-10-01 14:33:59,car
2024-10-01 14:33:59,car
2024-10-01 14:33:59,car
2024-10-01 14:34:00,car
2024-10-01 14:34:00,car
2024-10-01 14:34:00,car
2024-10-01 14:34:00,car
2024-10-01 14:34:00,car
2024-10-01 14:34:00,car
2024-10-01 14:34:00,truck
2024-10-01 14:34:00,motorcycle
2024-10-01 14:34:00,car
2024-10-01 14:34:00,motorcycle
2024-10-01 14:34:00,car
2024-10-01 14:34:00,car
2024-10-01 14:34:00,car
2024-10-01 14:34:00,car
2024-10-01 14:34:00,car
2024-10-01 14:34:00,motorcycle
2024-10-01 14:34:00,truck
2024-10-01 14:34:00,motorcycle
2024-10-01 14:34:00,car
2024-10-01 14:34:00,car
2024-10-01 14:34:00,truck
2024-10-01 14:34:00,car
2024-10-01 14:34:00,car
2024-10-01 14:34:00,car
2024-10-01 14:34:00,car
2024-10-01 14:34:00,truck
2024-10-01 14:34:00,motorcycle
2024-10-01 14:34:01,car
2024-10-01 14:34:01,car
2024-10-01 14:34:01,motorcycle
2024-10-01 14:34:01,truck
2024-10-01 14:34:01,car
2024-10-01 14:34:01,car
2024-10-01 14:34:01,car
2024-10-01 14:34:01,car
2024-10-01 14:34:01,truck
2024-10-01 14:34:01,car
2024-10-01 14:34:01,motorcycle
2024-10-01 14:34:01,car
2024-10-01 14:34:01,car
2024-10-01 14:34:01,motorcycle
2024-10-01 14:34:01,car
2024-10-01 14:34:01,car
2024-10-01 14:34:01,car
2024-10-01 14:34:01,car
2024-10-01 14:34:01,car
2024-10-01 14:34:01,truck
2024-10-01 14:34:01,car
2024-10-01 14:34:01,car
2024-10-01 14:34:01,motorcycle
2024-10-01 14:34:01,car
2024-10-01 14:34:01,motorcycle
2024-10-01 14:34:01,car
2024-10-01 14:34:01,car
2024-10-01 14:34:01,car
2024-10-01 14:34:01,car
2024-10-01 14:34:01,car
2024-10-01 14:34:01,motorcycle
2024-10-01 14:34:02,truck
2024-10-01 14:34:02,motorcycle
2024-10-01 14:34:02,car
2024-10-01 14:34:02,car
2024-10-01 14:34:02,car
2024-10-01 14:34:02,car
2024-10-01 14:34:02,car
2024-10-01 14:34:02,truck
2024-10-01 14:34:02,motorcycle
2024-10-01 14:34:02,car
2024-10-01 14:34:02,car
2024-10-01 14:34:02,car
2024-10-01 14:34:02,car
2024-10-01 14:34:02,car
2024-10-01 14:34:02,motorcycle
2024-10-01 14:34:02,car
2024-10-01 14:34:02,car
2024-10-01 14:34:02,car
2024-10-01 14:34:02,car
2024-10-01 14:34:02,car
2024-10-01 14:34:02,truck
2024-10-01 14:34:02,car
2024-10-01 14:34:02,car
2024-10-01 14:34:02,motorcycle
2024-10-01 14:34:02,motorcycle
2024-10-01 14:34:02,car
2024-10-01 14:34:02,car
2024-10-01 14:34:02,car
2024-10-01 14:34:02,car
2024-10-01 14:34:02,car
2024-10-01 14:34:02,car
2024-10-01 14:34:02,motorcycle
2024-10-01 14:34:02,car
2024-10-01 14:34:02,motorcycle
2024-10-01 14:34:03,car
2024-10-01 14:34:03,truck
2024-10-01 14:34:03,car
2024-10-01 14:34:03,car
2024-10-01 14:34:03,car
2024-10-01 14:34:03,car
2024-10-01 14:34:03,car
2024-10-01 14:34:03,car
2024-10-01 14:34:03,motorcycle
2024-10-01 14:34:03,car
2024-10-01 14:34:03,motorcycle
2024-10-01 14:34:03,car
2024-10-01 14:34:03,truck
2024-10-01 14:34:03,car
2024-10-01 14:34:03,car
2024-10-01 14:34:03,car
2024-10-01 14:34:03,car
2024-10-01 14:34:03,car
2024-10-01 14:34:03,car
2024-10-01 14:34:03,car
2024-10-01 14:34:03,car
2024-10-01 14:34:03,car
2024-10-01 14:34:03,car
2024-10-01 14:34:03,car
2024-10-01 14:34:03,truck
2024-10-01 14:34:03,motorcycle
2024-10-01 14:34:03,car
2024-10-01 14:34:03,motorcycle
2024-10-01 14:34:03,motorcycle
2024-10-01 14:34:04,car
2024-10-01 14:34:04,car
2024-10-01 14:34:04,car
2024-10-01 14:34:04,car
2024-10-01 14:34:04,car
2024-10-01 14:34:04,car
2024-10-01 14:34:04,car
2024-10-01 14:34:04,car
2024-10-01 14:34:04,motorcycle
2024-10-01 14:34:04,car
2024-10-01 14:34:04,truck
2024-10-01 14:34:04,car
2024-10-01 14:34:04,motorcycle
2024-10-01 14:34:04,car
2024-10-01 14:34:04,car
2024-10-01 14:34:04,car
2024-10-01 14:34:04,car
2024-10-01 14:34:04,car
2024-10-01 14:34:04,car
2024-10-01 14:34:04,car
2024-10-01 14:34:04,motorcycle
2024-10-01 14:34:04,car
2024-10-01 14:34:04,car
2024-10-01 14:34:04,truck
2024-10-01 14:34:04,motorcycle
2024-10-01 14:34:04,motorcycle
2024-10-01 14:34:04,car
2024-10-01 14:34:04,car
2024-10-01 14:34:04,car
2024-10-01 14:34:04,car
2024-10-01 14:34:04,car
2024-10-01 14:34:04,truck
2024-10-01 14:34:04,car
2024-10-01 14:34:04,car
2024-10-01 14:34:04,car
2024-10-01 14:34:04,motorcycle
2024-10-01 14:34:04,truck
2024-10-01 14:34:04,motorcycle
2024-10-01 14:34:04,motorcycle
2024-10-01 14:34:04,car
2024-10-01 14:34:04,truck
2024-10-01 14:34:05,car
2024-10-01 14:34:05,car
2024-10-01 14:34:05,car
2024-10-01 14:34:05,car
2024-10-01 14:34:05,truck
2024-10-01 14:34:05,car
2024-10-01 14:34:05,car
2024-10-01 14:34:05,car
2024-10-01 14:34:05,truck
2024-10-01 14:34:05,motorcycle
2024-10-01 14:34:05,motorcycle
2024-10-01 14:34:05,truck
2024-10-01 14:34:05,car
2024-10-01 14:34:05,car
2024-10-01 14:34:05,car
2024-10-01 14:34:05,car
2024-10-01 14:34:05,car
2024-10-01 14:34:05,truck
2024-10-01 14:34:05,car
2024-10-01 14:34:05,truck
2024-10-01 14:34:05,car
2024-10-01 14:34:05,car
2024-10-01 14:34:05,truck
2024-10-01 14:34:05,car
2024-10-01 14:34:05,car
2024-10-01 14:34:05,motorcycle
2024-10-01 14:34:05,car
2024-10-01 14:34:05,car
2024-10-01 14:34:05,car
2024-10-01 14:34:05,car
2024-10-01 14:34:05,car
2024-10-01 14:34:05,truck
2024-10-01 14:34:05,car
2024-10-01 14:34:05,car
2024-10-01 14:34:05,truck
2024-10-01 14:34:05,car
2024-10-01 14:34:05,car
2024-10-01 14:34:05,truck
2024-10-01 14:34:05,car
2024-10-01 14:34:05,motorcycle
2024-10-01 14:34:06,car
2024-10-01 14:34:06,car
2024-10-01 14:34:06,car
2024-10-01 14:34:06,truck
2024-10-01 14:34:06,car
2024-10-01 14:34:06,car
2024-10-01 14:34:06,car
2024-10-01 14:34:06,car
2024-10-01 14:34:06,truck
2024-10-01 14:34:06,car
2024-10-01 14:34:06,motorcycle
2024-10-01 14:34:06,truck
2024-10-01 14:34:06,car
2024-10-01 14:34:06,truck
2024-10-01 14:34:06,car
2024-10-01 14:34:06,car
2024-10-01 14:34:06,car
2024-10-01 14:34:06,car
2024-10-01 14:34:06,car
2024-10-01 14:34:06,truck
2024-10-01 14:34:06,car
2024-10-01 14:34:06,car
2024-10-01 14:34:06,car
2024-10-01 14:34:06,motorcycle
2024-10-01 14:34:06,truck
2024-10-01 14:34:07,truck
2024-10-01 14:34:07,car
2024-10-01 14:34:07,car
2024-10-01 14:34:07,car
2024-10-01 14:34:07,car
2024-10-01 14:34:07,car
2024-10-01 14:34:07,car
2024-10-01 14:34:07,truck
2024-10-01 14:34:07,car
2024-10-01 14:34:07,car
2024-10-01 14:34:07,car
2024-10-01 14:34:07,motorcycle
2024-10-01 14:34:07,truck
2024-10-01 14:34:07,car
2024-10-01 14:34:07,car
2024-10-01 14:34:07,car
2024-10-01 14:34:07,car
2024-10-01 14:34:07,car
2024-10-01 14:34:07,truck
2024-10-01 14:34:07,car
2024-10-01 14:34:07,car
2024-10-01 14:34:07,car
2024-10-01 14:34:07,car
2024-10-01 14:34:07,motorcycle
2024-10-01 14:34:07,truck
2024-10-01 14:34:07,car
2024-10-01 14:34:07,car
2024-10-01 14:34:07,car
2024-10-01 14:34:07,car
2024-10-01 14:34:07,car
2024-10-01 14:34:07,car
2024-10-01 14:34:07,car
2024-10-01 14:34:07,truck
2024-10-01 14:34:07,motorcycle
2024-10-01 14:34:07,car
2024-10-01 14:34:07,car
2024-10-01 14:34:07,truck
2024-10-01 14:34:08,car
2024-10-01 14:34:08,car
2024-10-01 14:34:08,car
2024-10-01 14:34:08,truck
2024-10-01 14:34:08,car
2024-10-01 14:34:08,car
2024-10-01 14:34:08,car
2024-10-01 14:34:08,car
2024-10-01 14:34:08,car
2024-10-01 14:34:08,truck
2024-10-01 14:34:08,car
2024-10-01 14:34:08,truck
2024-10-01 14:34:08,car
2024-10-01 14:34:08,truck
2024-10-01 14:34:08,car
2024-10-01 14:34:08,car
2024-10-01 14:34:08,car
2024-10-01 14:34:08,truck
2024-10-01 14:34:08,car
2024-10-01 14:34:08,car
2024-10-01 14:34:08,car
2024-10-01 14:34:08,car
2024-10-01 14:34:08,truck
2024-10-01 14:34:08,car
2024-10-01 14:34:08,car
2024-10-01 14:34:08,car
2024-10-01 14:34:08,car
2024-10-01 14:34:08,car
2024-10-01 14:34:08,truck
2024-10-01 14:34:08,car
2024-10-01 14:34:08,car
2024-10-01 14:34:08,car
2024-10-01 14:34:08,motorcycle
2024-10-01 14:34:15,truck
2024-10-01 14:34:15,car
2024-10-01 14:34:15,car
2024-10-01 14:34:15,car
2024-10-01 14:34:15,car
2024-10-01 14:34:15,car
2024-10-01 14:34:15,car
2024-10-01 14:34:15,truck
2024-10-01 14:34:15,car
2024-10-01 14:34:15,car
2024-10-01 14:34:15,motorcycle
2024-10-01 14:34:15,truck
2024-10-01 14:34:15,car
2024-10-01 14:34:15,car
2024-10-01 14:34:15,car
2024-10-01 14:34:15,car
2024-10-01 14:34:15,car
2024-10-01 14:34:15,car
2024-10-01 14:34:15,motorcycle
2024-10-01 14:34:15,car
2024-10-01 14:34:16,truck
2024-10-01 14:34:16,car
2024-10-01 14:34:16,car
2024-10-01 14:34:16,truck
2024-10-01 14:34:16,car
2024-10-01 14:34:16,car
2024-10-01 14:34:16,car
2024-10-01 14:34:17,car
2024-10-01 14:34:17,car
2024-10-01 14:34:17,car
2024-10-01 14:34:17,car
2024-10-01 14:34:17,motorcycle
2024-10-01 14:34:17,car
2024-10-01 14:34:17,truck
2024-10-01 14:34:17,truck
2024-10-01 14:34:17,truck
2024-10-01 14:34:17,car
2024-10-01 14:34:17,car
2024-10-01 14:34:17,car
2024-10-01 14:34:17,car
2024-10-01 14:34:17,car
2024-10-01 14:34:17,truck
2024-10-01 14:34:17,truck
2024-10-01 14:34:17,car
2024-10-01 14:34:17,car
2024-10-01 14:34:17,motorcycle
2024-10-01 14:34:17,truck
2024-10-01 14:34:18,truck
2024-10-01 14:34:18,car
2024-10-01 14:34:18,car
2024-10-01 14:34:18,car
2024-10-01 14:34:18,car
2024-10-01 14:34:18,car
2024-10-01 14:34:18,car
2024-10-01 14:34:18,truck
2024-10-01 14:34:18,truck
2024-10-01 14:34:18,car
2024-10-01 14:34:18,truck
2024-10-01 14:34:19,truck
2024-10-01 14:34:19,car
2024-10-01 14:34:19,car
2024-10-01 14:34:19,car
2024-10-01 14:34:19,car
2024-10-01 14:34:19,truck
2024-10-01 14:34:19,car
2024-10-01 14:34:19,car
2024-10-01 14:34:19,car
2024-10-01 14:34:19,motorcycle
2024-10-01 14:34:19,truck
2024-10-01 14:34:19,truck
2024-10-01 14:34:19,car
2024-10-01 14:34:19,car
2024-10-01 14:34:19,car
2024-10-01 14:34:19,car
2024-10-01 14:34:19,car
2024-10-01 14:34:19,motorcycle
2024-10-01 14:34:19,car
2024-10-01 14:34:19,truck
2024-10-01 14:34:19,truck
2024-10-01 14:34:19,car
2024-10-01 14:34:19,truck
2024-10-01 14:34:20,truck
2024-10-01 14:34:20,car
2024-10-01 14:34:20,car
2024-10-01 14:34:20,car
2024-10-01 14:34:20,motorcycle
2024-10-01 14:34:20,car
2024-10-01 14:34:20,car
2024-10-01 14:34:20,truck
2024-10-01 14:34:20,truck
2024-10-01 14:34:21,car
2024-10-01 14:34:21,car
2024-10-01 14:34:21,truck
2024-10-01 14:34:21,truck
2024-10-01 14:34:21,car
2024-10-01 14:34:21,car
2024-10-01 14:34:21,car
2024-10-01 14:34:21,car
2024-10-01 14:34:21,motorcycle
2024-10-01 14:34:21,car
2024-10-01 14:34:21,truck
2024-10-01 14:34:21,truck
2024-10-01 14:34:21,car
2024-10-01 14:34:21,truck
2024-10-01 14:34:21,car
2024-10-01 14:34:28,car
2024-10-01 14:34:28,car
2024-10-01 14:34:28,car
2024-10-01 14:34:28,car
2024-10-01 14:34:28,car
2024-10-01 14:34:28,car
2024-10-01 14:34:28,motorcycle
2024-10-01 14:34:28,motorcycle
2024-10-01 14:34:28,car
2024-10-01 14:34:28,car
2024-10-01 14:34:28,motorcycle
2024-10-01 14:34:28,car
2024-10-01 14:34:28,car
2024-10-01 14:34:28,car
2024-10-01 14:34:28,car
2024-10-01 14:34:28,car
2024-10-01 14:34:28,car
2024-10-01 14:34:28,car
2024-10-01 14:34:28,motorcycle
2024-10-01 14:34:28,car
2024-10-01 14:34:28,motorcycle
2024-10-01 14:34:28,motorcycle
2024-10-01 14:34:28,car
2024-10-01 14:34:29,car
2024-10-01 14:34:29,car
2024-10-01 14:34:29,car
2024-10-01 14:34:29,car
2024-10-01 14:34:29,car
2024-10-01 14:34:29,motorcycle
2024-10-01 14:34:29,motorcycle
2024-10-01 14:34:29,car
2024-10-01 14:34:29,motorcycle
2024-10-01 14:34:29,car
2024-10-01 14:34:29,car
2024-10-01 14:34:29,car
2024-10-01 14:34:29,car
2024-10-01 14:34:29,car
2024-10-01 14:34:29,car
2024-10-01 14:34:29,motorcycle
2024-10-01 14:34:29,motorcycle
2024-10-01 14:34:29,car
2024-10-01 14:34:29,motorcycle
2024-10-01 14:34:29,car
2024-10-01 14:34:29,car
2024-10-01 14:34:29,car
2024-10-01 14:34:29,car
2024-10-01 14:34:29,car
2024-10-01 14:34:29,car
2024-10-01 14:34:29,motorcycle
2024-10-01 14:34:29,car
2024-10-01 14:34:29,motorcycle
2024-10-01 14:34:29,motorcycle
2024-10-01 14:34:29,car
2024-10-01 14:34:29,motorcycle
2024-10-01 14:34:29,car
2024-10-01 14:34:29,car
2024-10-01 14:34:29,car
2024-10-01 14:34:29,car
2024-10-01 14:34:29,car
2024-10-01 14:34:29,car
2024-10-01 14:34:29,motorcycle
2024-10-01 14:34:29,car
2024-10-01 14:34:29,motorcycle
2024-10-01 14:34:29,motorcycle
2024-10-01 14:34:29,car
2024-10-01 14:34:30,car
2024-10-01 14:34:30,car
2024-10-01 14:34:30,car
2024-10-01 14:34:30,car
2024-10-01 14:34:30,car
2024-10-01 14:34:30,car
2024-10-01 14:34:30,motorcycle
2024-10-01 14:34:30,motorcycle
2024-10-01 14:34:30,motorcycle
2024-10-01 14:34:30,car
2024-10-01 14:34:30,motorcycle
2024-10-01 14:34:30,car
2024-10-01 14:34:30,car
2024-10-01 14:34:30,car
2024-10-01 14:34:30,car
2024-10-01 14:34:30,car
2024-10-01 14:34:30,motorcycle
2024-10-01 14:34:30,car
2024-10-01 14:34:30,motorcycle
2024-10-01 14:34:30,car
2024-10-01 14:34:30,motorcycle
2024-10-01 14:34:30,motorcycle
2024-10-01 14:34:30,car
2024-10-01 14:34:30,car
2024-10-01 14:34:30,car
2024-10-01 14:34:30,car
2024-10-01 14:34:30,car
2024-10-01 14:34:30,motorcycle
2024-10-01 14:34:30,motorcycle
2024-10-01 14:34:30,car
2024-10-01 14:34:30,car
2024-10-01 14:34:30,motorcycle
2024-10-01 14:34:30,car
2024-10-01 14:34:30,motorcycle
2024-10-01 14:34:30,car
2024-10-01 14:34:31,car
2024-10-01 14:34:31,car
2024-10-01 14:34:31,car
2024-10-01 14:34:31,motorcycle
2024-10-01 14:34:31,car
2024-10-01 14:34:31,car
2024-10-01 14:34:31,motorcycle
2024-10-01 14:34:31,truck
2024-10-01 14:34:31,motorcycle
2024-10-01 14:34:31,car
2024-10-01 14:34:31,truck
2024-10-01 14:34:31,car
2024-10-01 14:34:31,car
2024-10-01 14:34:31,car
2024-10-01 14:34:31,motorcycle
2024-10-01 14:34:31,truck
2024-10-01 14:34:31,motorcycle
2024-10-01 14:34:31,car
2024-10-01 14:34:31,motorcycle
2024-10-01 14:34:31,car
2024-10-01 14:34:31,car
2024-10-01 14:34:31,car
2024-10-01 14:34:31,car
2024-10-01 14:34:31,truck
2024-10-01 14:34:31,car
2024-10-01 14:34:31,car
2024-10-01 14:34:31,motorcycle
2024-10-01 14:34:31,motorcycle
2024-10-01 14:34:31,motorcycle
2024-10-01 14:34:31,truck
2024-10-01 14:34:31,car
2024-10-01 14:34:31,car
2024-10-01 14:34:31,car
2024-10-01 14:34:31,car
2024-10-01 14:34:31,motorcycle
2024-10-01 14:34:31,car
2024-10-01 14:34:31,motorcycle
2024-10-01 14:34:31,car
2024-10-01 14:34:31,truck
2024-10-01 14:34:32,car
2024-10-01 14:34:32,car
2024-10-01 14:34:32,car
2024-10-01 14:34:32,car
2024-10-01 14:34:32,car
2024-10-01 14:34:32,motorcycle
2024-10-01 14:34:32,motorcycle
2024-10-01 14:34:32,motorcycle
2024-10-01 14:34:32,car
2024-10-01 14:34:32,motorcycle
2024-10-01 14:34:32,car
2024-10-01 14:34:32,car
2024-10-01 14:34:32,car
2024-10-01 14:34:32,car
2024-10-01 14:34:32,motorcycle
2024-10-01 14:34:32,car
2024-10-01 14:34:32,motorcycle
2024-10-01 14:34:32,motorcycle
2024-10-01 14:34:32,car
2024-10-01 14:34:32,car
2024-10-01 14:34:32,car
2024-10-01 14:34:32,car
2024-10-01 14:34:32,car
2024-10-01 14:34:32,car
2024-10-01 14:34:32,motorcycle
2024-10-01 14:34:32,motorcycle
2024-10-01 14:34:32,motorcycle
2024-10-01 14:34:32,car
2024-10-01 14:34:32,car
2024-10-01 14:34:32,car
2024-10-01 14:34:32,car
2024-10-01 14:34:32,car
2024-10-01 14:34:32,car
2024-10-01 14:34:32,motorcycle
2024-10-01 14:34:32,car
2024-10-01 14:34:32,motorcycle
2024-10-01 14:34:32,motorcycle
2024-10-01 14:34:32,car
2024-10-01 14:34:32,truck
2024-10-01 14:34:32,car
2024-10-01 14:34:32,truck
2024-10-01 14:34:33,car
2024-10-01 14:34:33,car
2024-10-01 14:34:33,car
2024-10-01 14:34:33,truck
2024-10-01 14:34:33,motorcycle
2024-10-01 14:34:33,motorcycle
2024-10-01 14:34:33,motorcycle
2024-10-01 14:34:33,truck
2024-10-01 14:34:33,truck
2024-10-01 14:34:33,car
2024-10-01 14:34:33,car
2024-10-01 14:34:33,car
2024-10-01 14:34:33,car
2024-10-01 14:34:33,car
2024-10-01 14:34:33,motorcycle
2024-10-01 14:34:33,car
2024-10-01 14:34:33,motorcycle
2024-10-01 14:34:33,motorcycle
2024-10-01 14:34:33,truck
2024-10-01 14:34:33,car
2024-10-01 14:34:33,car
2024-10-01 14:34:33,car
2024-10-01 14:34:33,car
2024-10-01 14:34:33,motorcycle
2024-10-01 14:34:33,motorcycle
2024-10-01 14:34:33,truck
2024-10-01 14:34:33,truck
2024-10-01 14:34:33,car
2024-10-01 14:34:33,car
2024-10-01 14:34:34,car
2024-10-01 14:34:34,car
2024-10-01 14:34:34,car
2024-10-01 14:34:34,motorcycle
2024-10-01 14:34:34,car
2024-10-01 14:34:34,car
2024-10-01 14:34:34,car
2024-10-01 14:34:34,motorcycle
2024-10-01 14:34:34,car
2024-10-01 14:34:34,car
2024-10-01 14:34:34,car
2024-10-01 14:34:34,motorcycle
2024-10-01 14:34:34,car
2024-10-01 14:34:34,car
2024-10-01 14:34:34,car
2024-10-01 14:34:34,motorcycle
2024-10-01 14:34:34,truck
2024-10-01 14:34:34,motorcycle
2024-10-01 14:34:35,car
2024-10-01 14:34:35,car
2024-10-01 14:34:35,car
2024-10-01 14:34:35,motorcycle
2024-10-01 14:34:35,car
2024-10-01 14:34:35,car
2024-10-01 14:34:35,motorcycle
2024-10-01 14:34:35,car
2024-10-01 14:34:35,car
2024-10-01 14:34:35,car
2024-10-01 14:34:35,car
2024-10-01 14:34:35,motorcycle
2024-10-01 14:34:35,car
2024-10-01 14:34:35,motorcycle
2024-10-01 14:34:35,car
2024-10-01 14:34:35,truck
2024-10-01 14:34:35,car
2024-10-01 14:34:35,car
2024-10-01 14:34:35,car
2024-10-01 14:34:35,car
2024-10-01 14:34:35,car
2024-10-01 14:34:35,motorcycle
2024-10-01 14:34:35,car
2024-10-01 14:34:35,motorcycle
2024-10-01 14:34:35,motorcycle
2024-10-01 14:34:35,car
2024-10-01 14:34:36,car
2024-10-01 14:34:36,car
2024-10-01 14:34:36,car
2024-10-01 14:34:36,car
2024-10-01 14:34:36,motorcycle
2024-10-01 14:34:36,car
2024-10-01 14:34:36,motorcycle
2024-10-01 14:34:36,truck
2024-10-01 14:34:36,car
2024-10-01 14:34:36,car
2024-10-01 14:34:36,car
2024-10-01 14:34:36,motorcycle
2024-10-01 14:34:36,car
2024-10-01 14:34:36,motorcycle
2024-10-01 14:34:36,motorcycle
2024-10-01 14:34:36,car
2024-10-01 14:34:36,car
2024-10-01 14:34:36,truck
2024-10-01 14:34:36,car
2024-10-01 14:34:36,car
2024-10-01 14:34:36,car
2024-10-01 14:34:36,car
2024-10-01 14:34:36,car
2024-10-01 14:34:36,motorcycle
2024-10-01 14:34:36,car
2024-10-01 14:34:36,car
2024-10-01 14:34:36,car
2024-10-01 14:34:36,car
2024-10-01 14:34:37,truck
2024-10-01 14:34:37,truck
2024-10-01 14:34:37,motorcycle
2024-10-01 14:34:37,car
2024-10-01 14:34:37,car
2024-10-01 14:34:37,car
2024-10-01 14:34:37,motorcycle
2024-10-01 14:34:37,car
2024-10-01 14:34:37,motorcycle
2024-10-01 14:34:37,car
2024-10-01 14:34:37,truck
2024-10-01 14:34:37,car
2024-10-01 14:34:37,car
2024-10-01 14:34:37,car
2024-10-01 14:34:37,motorcycle
2024-10-01 14:34:37,motorcycle
2024-10-01 14:34:37,car
2024-10-01 14:34:37,truck
2024-10-01 14:34:37,car
2024-10-01 14:34:37,car
2024-10-01 14:34:37,car
2024-10-01 14:34:37,truck
2024-10-01 14:34:37,car
2024-10-01 14:34:37,truck
2024-10-01 14:34:37,motorcycle
2024-10-01 14:34:37,car
2024-10-01 14:34:37,car
2024-10-01 14:34:37,motorcycle
2024-10-01 14:34:37,car
2024-10-01 14:34:37,car
2024-10-01 14:34:38,motorcycle
2024-10-01 14:34:38,car
2024-10-01 14:34:38,car
2024-10-01 14:34:38,truck
2024-10-01 14:34:38,motorcycle
2024-10-01 14:34:38,car
2024-10-01 14:34:38,car
2024-10-01 14:34:38,car
2024-10-01 14:34:38,car
2024-10-01 14:34:38,car
2024-10-01 14:34:38,motorcycle
2024-10-01 14:34:38,motorcycle
2024-10-01 14:34:38,motorcycle
2024-10-01 14:34:38,car
2024-10-01 14:34:38,truck
2024-10-01 14:34:38,car
2024-10-01 14:34:38,car
2024-10-01 14:34:38,motorcycle
2024-10-01 14:34:38,car
2024-10-01 14:34:38,car
2024-10-01 14:34:38,truck
2024-10-01 14:34:38,motorcycle
2024-10-01 14:34:38,motorcycle
2024-10-01 14:34:38,car
2024-10-01 14:34:38,motorcycle
2024-10-01 14:34:38,car
2024-10-01 14:34:38,car
2024-10-01 14:34:38,car
2024-10-01 14:34:38,truck
2024-10-01 14:34:38,motorcycle
2024-10-01 14:34:39,car
2024-10-01 14:34:39,car
2024-10-01 14:34:39,car
2024-10-01 14:34:39,motorcycle
2024-10-01 14:34:39,motorcycle
2024-10-01 14:34:39,truck
2024-10-01 14:34:39,car
2024-10-01 14:34:39,car
2024-10-01 14:34:39,motorcycle
2024-10-01 14:34:39,motorcycle
2024-10-01 14:34:39,motorcycle
2024-10-01 14:34:39,car
2024-10-01 14:34:39,car
2024-10-01 14:34:39,motorcycle
2024-10-01 14:34:39,motorcycle
2024-10-01 14:34:39,car
2024-10-01 14:34:39,car
2024-10-01 14:34:39,motorcycle
2024-10-01 14:34:39,truck
2024-10-01 14:34:39,car
2024-10-01 14:34:39,motorcycle
2024-10-01 14:34:39,motorcycle
2024-10-01 14:34:39,truck
2024-10-01 14:34:39,truck
2024-10-01 14:34:39,car
2024-10-01 14:34:39,car
2024-10-01 14:34:39,car
2024-10-01 14:34:39,motorcycle
2024-10-01 14:34:39,motorcycle
2024-10-01 14:34:39,car
2024-10-01 14:34:39,motorcycle
2024-10-01 14:34:39,motorcycle
2024-10-01 14:34:39,truck
2024-10-01 14:34:39,truck
2024-10-01 14:34:39,motorcycle
2024-10-01 14:34:40,car
2024-10-01 14:34:40,car
2024-10-01 14:34:40,motorcycle
2024-10-01 14:34:40,car
2024-10-01 14:34:40,motorcycle
2024-10-01 14:34:40,motorcycle
2024-10-01 14:34:40,truck
2024-10-01 14:34:40,truck
2024-10-01 14:34:40,car
2024-10-01 14:34:40,car
2024-10-01 14:34:40,car
2024-10-01 14:34:40,car
2024-10-01 14:34:40,car
2024-10-01 14:34:40,motorcycle
2024-10-01 14:34:40,motorcycle
2024-10-01 14:34:40,truck
2024-10-01 14:34:40,motorcycle
2024-10-01 14:34:40,motorcycle
2024-10-01 14:34:40,car
2024-10-01 14:34:40,motorcycle
2024-10-01 14:34:40,car
2024-10-01 14:34:40,car
2024-10-01 14:34:40,car
2024-10-01 14:34:40,car
2024-10-01 14:34:40,car
2024-10-01 14:34:40,motorcycle
2024-10-01 14:34:40,motorcycle
2024-10-01 14:34:40,motorcycle
2024-10-01 14:34:40,car
2024-10-01 14:34:40,car
2024-10-01 14:34:40,motorcycle
2024-10-01 14:34:40,car
2024-10-01 14:34:40,car
2024-10-01 14:34:40,car
2024-10-01 14:34:40,car
2024-10-01 14:34:40,motorcycle
2024-10-01 14:34:40,motorcycle
2024-10-01 14:34:40,motorcycle
2024-10-01 14:34:40,motorcycle
2024-10-01 14:34:40,car
2024-10-01 14:34:40,car
2024-10-01 14:34:41,car
2024-10-01 14:34:41,car
2024-10-01 14:34:41,car
2024-10-01 14:34:41,car
2024-10-01 14:34:41,motorcycle
2024-10-01 14:34:41,car
2024-10-01 14:34:41,motorcycle
2024-10-01 14:34:41,motorcycle
2024-10-01 14:34:41,motorcycle
2024-10-01 14:34:41,car
2024-10-01 14:34:41,truck
2024-10-01 14:34:41,car
2024-10-01 14:34:41,car
2024-10-01 14:34:41,car
2024-10-01 14:34:41,motorcycle
2024-10-01 14:34:41,car
2024-10-01 14:34:41,car
2024-10-01 14:34:41,motorcycle
2024-10-01 14:34:41,motorcycle
2024-10-01 14:34:41,motorcycle
2024-10-01 14:34:41,car
2024-10-01 14:34:41,car
2024-10-01 14:34:41,car
2024-10-01 14:34:41,car
2024-10-01 14:34:41,motorcycle
2024-10-01 14:34:41,car
2024-10-01 14:34:41,motorcycle
2024-10-01 14:34:41,motorcycle
2024-10-01 14:34:41,truck
2024-10-01 14:34:41,truck
2024-10-01 14:34:42,car
2024-10-01 14:34:42,car
2024-10-01 14:34:42,car
2024-10-01 14:34:42,car
2024-10-01 14:34:42,car
2024-10-01 14:34:42,motorcycle
2024-10-01 14:34:42,truck
2024-10-01 14:34:42,motorcycle
2024-10-01 14:34:42,motorcycle
2024-10-01 14:34:42,truck
2024-10-01 14:34:42,car
2024-10-01 14:34:42,car
2024-10-01 14:34:42,car
2024-10-01 14:34:42,car
2024-10-01 14:34:42,motorcycle
2024-10-01 14:34:42,motorcycle
2024-10-01 14:34:42,truck
2024-10-01 14:34:42,motorcycle
2024-10-01 14:34:42,car
2024-10-01 14:34:42,car
2024-10-01 14:34:42,car
2024-10-01 14:34:42,car
2024-10-01 14:34:42,car
2024-10-01 14:34:42,car
2024-10-01 14:34:42,motorcycle
2024-10-01 14:34:42,motorcycle
2024-10-01 14:34:42,truck
2024-10-01 14:34:42,truck
2024-10-01 14:34:42,motorcycle
2024-10-01 14:34:42,motorcycle
2024-10-01 14:34:42,car
2024-10-01 14:34:43,car
2024-10-01 14:34:43,car
2024-10-01 14:34:43,car
2024-10-01 14:34:43,motorcycle
2024-10-01 14:34:43,car
2024-10-01 14:34:43,truck
2024-10-01 14:34:43,motorcycle
2024-10-01 14:34:43,motorcycle
2024-10-01 14:34:43,motorcycle
2024-10-01 14:34:43,car
2024-10-01 14:34:43,car
2024-10-01 14:34:43,car
2024-10-01 14:34:43,car
2024-10-01 14:34:43,motorcycle
2024-10-01 14:34:43,car
2024-10-01 14:34:43,truck
2024-10-01 14:34:43,truck
2024-10-01 14:34:43,motorcycle
2024-10-01 14:34:43,motorcycle
2024-10-01 14:34:43,car
2024-10-01 14:34:43,car
2024-10-01 14:34:43,car
2024-10-01 14:34:43,car
2024-10-01 14:34:43,car
2024-10-01 14:34:43,motorcycle
2024-10-01 14:34:43,car
2024-10-01 14:34:43,motorcycle
2024-10-01 14:34:43,truck
2024-10-01 14:34:43,motorcycle
2024-10-01 14:34:43,car
2024-10-01 14:34:44,car
2024-10-01 14:34:44,car
2024-10-01 14:34:44,car
2024-10-01 14:34:44,car
2024-10-01 14:34:44,motorcycle
2024-10-01 14:34:44,motorcycle
2024-10-01 14:34:44,truck
2024-10-01 14:34:44,truck
2024-10-01 14:34:44,motorcycle
2024-10-01 14:34:44,motorcycle
2024-10-01 14:34:44,car
2024-10-01 14:34:44,car
2024-10-01 14:34:44,car
2024-10-01 14:34:44,motorcycle
2024-10-01 14:34:44,motorcycle
2024-10-01 14:34:44,motorcycle
2024-10-01 14:34:44,car
2024-10-01 14:34:44,car
2024-10-01 14:34:44,truck
2024-10-01 14:34:44,motorcycle
2024-10-01 14:34:44,car
2024-10-01 14:34:44,car
2024-10-01 14:34:44,motorcycle
2024-10-01 14:34:44,car
2024-10-01 14:34:44,motorcycle
2024-10-01 14:34:44,car
2024-10-01 14:34:44,car
2024-10-01 14:34:44,car
2024-10-01 14:34:44,motorcycle
2024-10-01 14:34:45,car
2024-10-01 14:34:45,car
2024-10-01 14:34:45,car
2024-10-01 14:34:45,car
2024-10-01 14:34:45,motorcycle
2024-10-01 14:34:45,truck
2024-10-01 14:34:45,motorcycle
2024-10-01 14:34:45,car
2024-10-01 14:34:45,motorcycle
2024-10-01 14:34:45,car
2024-10-01 14:34:45,car
2024-10-01 14:34:45,car
2024-10-01 14:34:45,motorcycle
2024-10-01 14:34:45,car
2024-10-01 14:34:45,motorcycle
2024-10-01 14:34:45,motorcycle
2024-10-01 14:34:45,truck
2024-10-01 14:34:45,motorcycle
2024-10-01 14:34:45,car
2024-10-01 14:34:45,car
2024-10-01 14:34:45,car
2024-10-01 14:34:45,car
2024-10-01 14:34:45,motorcycle
2024-10-01 14:34:45,motorcycle
2024-10-01 14:34:45,motorcycle
2024-10-01 14:34:45,truck
2024-10-01 14:34:46,car
2024-10-01 14:34:46,car
2024-10-01 14:34:46,car
2024-10-01 14:34:46,car
2024-10-01 14:34:46,motorcycle
2024-10-01 14:34:46,car
2024-10-01 14:34:46,motorcycle
2024-10-01 14:34:46,motorcycle
2024-10-01 14:34:46,car
2024-10-01 14:34:46,car
2024-10-01 14:34:46,car
2024-10-01 14:34:46,car
2024-10-01 14:34:46,motorcycle
2024-10-01 14:34:46,motorcycle
2024-10-01 14:34:46,motorcycle
2024-10-01 14:34:46,motorcycle
2024-10-01 14:34:46,car
2024-10-01 14:34:46,car
2024-10-01 14:34:46,car
2024-10-01 14:34:46,car
2024-10-01 14:34:46,car
2024-10-01 14:34:46,motorcycle
2024-10-01 14:34:46,motorcycle
2024-10-01 14:34:46,motorcycle
2024-10-01 14:34:46,motorcycle
2024-10-01 14:34:46,truck
2024-10-01 14:34:46,car
2024-10-01 14:34:47,car
2024-10-01 14:34:47,car
2024-10-01 14:34:47,car
2024-10-01 14:34:47,motorcycle
2024-10-01 14:34:47,car
2024-10-01 14:34:47,motorcycle
2024-10-01 14:34:47,motorcycle
2024-10-01 14:34:47,car
2024-10-01 14:34:47,car
2024-10-01 14:34:47,car
2024-10-01 14:34:47,motorcycle
2024-10-01 14:34:47,car
2024-10-01 14:34:47,car
2024-10-01 14:34:47,motorcycle
2024-10-01 14:34:47,car
2024-10-01 14:34:47,motorcycle
2024-10-01 14:34:47,car
2024-10-01 14:34:47,car
2024-10-01 14:34:47,car
2024-10-01 14:34:47,car
2024-10-01 14:34:47,car
2024-10-01 14:34:47,motorcycle
2024-10-01 14:34:47,motorcycle
2024-10-01 14:34:47,motorcycle
2024-10-01 14:34:47,motorcycle
2024-10-01 14:34:47,car
2024-10-01 14:34:47,car
2024-10-01 14:34:47,car
2024-10-01 14:34:47,car
2024-10-01 14:34:47,motorcycle
2024-10-01 14:34:47,motorcycle
2024-10-01 14:34:47,motorcycle
2024-10-01 14:34:47,car
2024-10-01 14:34:47,motorcycle
2024-10-01 14:34:48,motorcycle
2024-10-01 14:34:48,car
2024-10-01 14:34:48,car
2024-10-01 14:34:48,motorcycle
2024-10-01 14:34:48,car
2024-10-01 14:34:48,car
2024-10-01 14:34:48,motorcycle
2024-10-01 14:34:48,motorcycle
2024-10-01 14:34:48,car
2024-10-01 14:34:48,car
2024-10-01 14:34:48,car
2024-10-01 14:34:48,motorcycle
2024-10-01 14:34:48,car
2024-10-01 14:34:48,truck
2024-10-01 14:34:48,car
2024-10-01 14:34:49,car
2024-10-01 14:34:49,motorcycle
2024-10-01 14:34:49,car
2024-10-01 14:34:49,car
2024-10-01 14:34:49,car
2024-10-01 14:34:49,car
2024-10-01 14:34:49,truck
2024-10-01 14:34:49,motorcycle
2024-10-01 14:34:49,motorcycle
2024-10-01 14:34:49,car
2024-10-01 14:34:49,car
2024-10-01 14:34:49,motorcycle
2024-10-01 14:34:49,car
2024-10-01 14:34:49,car
2024-10-01 14:34:49,car
2024-10-01 14:34:49,car
2024-10-01 14:34:49,motorcycle
2024-10-01 14:34:49,truck
2024-10-01 14:34:50,car
2024-10-01 14:34:50,car
2024-10-01 14:34:50,car
2024-10-01 14:34:50,car
2024-10-01 14:34:50,motorcycle
2024-10-01 14:34:50,car
2024-10-01 14:34:50,motorcycle
2024-10-01 14:34:50,car
2024-10-01 14:34:50,car
2024-10-01 14:34:50,motorcycle
2024-10-01 14:34:50,car
2024-10-01 14:34:50,motorcycle
2024-10-01 14:34:50,car
2024-10-01 14:34:50,car
2024-10-01 14:34:50,truck
2024-10-01 14:34:50,car
2024-10-01 14:34:50,car
2024-10-01 14:34:50,motorcycle
2024-10-01 14:34:50,car
2024-10-01 14:34:50,car
2024-10-01 14:34:50,motorcycle
2024-10-01 14:34:50,motorcycle
2024-10-01 14:34:50,car
2024-10-01 14:34:51,car
2024-10-01 14:34:51,car
2024-10-01 14:34:51,car
2024-10-01 14:34:51,motorcycle
2024-10-01 14:34:51,car
2024-10-01 14:34:51,motorcycle
2024-10-01 14:34:51,car
2024-10-01 14:34:51,car
2024-10-01 14:34:51,car
2024-10-01 14:34:51,motorcycle
2024-10-01 14:34:51,motorcycle
2024-10-01 14:34:51,car
2024-10-01 14:34:51,car
2024-10-01 14:34:51,car
2024-10-01 14:34:51,car
2024-10-01 14:34:51,car
2024-10-01 14:34:51,car
2024-10-01 14:34:51,motorcycle
2024-10-01 14:34:51,car
2024-10-01 14:34:51,car
2024-10-01 14:34:51,motorcycle
2024-10-01 14:34:51,car
2024-10-01 14:34:51,car
2024-10-01 14:34:51,motorcycle
2024-10-01 14:34:51,car
2024-10-01 14:34:51,car
2024-10-01 14:34:51,motorcycle
2024-10-01 14:34:52,car
2024-10-01 14:34:52,car
2024-10-01 14:34:52,car
2024-10-01 14:34:52,motorcycle
2024-10-01 14:34:52,motorcycle
2024-10-01 14:34:52,car
2024-10-01 14:34:52,car
2024-10-01 14:34:52,car
2024-10-01 14:34:52,car
2024-10-01 14:34:52,car
2024-10-01 14:34:52,motorcycle
2024-10-01 14:34:52,car
2024-10-01 14:34:53,car
2024-10-01 14:34:53,car
2024-10-01 14:34:53,motorcycle
2024-10-01 14:34:53,motorcycle
2024-10-01 14:34:53,car
2024-10-01 14:34:53,car
2024-10-01 14:34:53,car
2024-10-01 14:34:53,car
2024-10-01 14:34:53,car
2024-10-01 14:34:53,motorcycle
2024-10-01 14:34:53,motorcycle
2024-10-01 14:34:53,car
2024-10-01 14:34:53,car
2024-10-01 14:34:53,car
2024-10-01 14:34:53,car
2024-10-01 14:34:53,car
2024-10-01 14:34:53,motorcycle
2024-10-01 14:34:53,car
2024-10-01 14:34:53,car
2024-10-01 14:34:53,motorcycle
2024-10-01 14:34:53,car
2024-10-01 14:34:53,car
2024-10-01 14:34:53,car
2024-10-01 14:34:53,car
2024-10-01 14:34:53,car
2024-10-01 14:34:53,car
2024-10-01 14:34:53,motorcycle
2024-10-01 14:34:53,motorcycle
2024-10-01 14:34:54,car
2024-10-01 14:34:54,car
2024-10-01 14:34:54,car
2024-10-01 14:34:54,car
2024-10-01 14:34:54,motorcycle
2024-10-01 14:34:54,car
2024-10-01 14:34:54,motorcycle
2024-10-01 14:34:54,car
2024-10-01 14:34:54,car
2024-10-01 14:34:54,car
2024-10-01 14:34:54,car
2024-10-01 14:34:54,motorcycle
2024-10-01 14:34:54,motorcycle
2024-10-01 14:34:54,car
2024-10-01 14:34:54,motorcycle
2024-10-01 14:34:54,car
2024-10-01 14:34:54,car
2024-10-01 14:34:54,car
2024-10-01 14:34:54,motorcycle
2024-10-01 14:34:54,car
2024-10-01 14:34:54,car
2024-10-01 14:34:54,motorcycle
2024-10-01 14:34:54,car
2024-10-01 14:34:54,car
2024-10-01 14:34:54,motorcycle
2024-10-01 14:34:55,car
2024-10-01 14:34:55,car
2024-10-01 14:34:55,car
2024-10-01 14:34:55,motorcycle
2024-10-01 14:34:55,motorcycle
2024-10-01 14:34:55,car
2024-10-01 14:34:55,car
2024-10-01 14:34:55,motorcycle
2024-10-01 14:34:55,motorcycle
2024-10-01 14:34:55,car
2024-10-01 14:34:55,car
2024-10-01 14:34:55,motorcycle
2024-10-01 14:34:55,car
2024-10-01 14:34:55,car
2024-10-01 14:34:55,car
2024-10-01 14:34:55,motorcycle
2024-10-01 14:34:55,motorcycle
2024-10-01 14:34:55,motorcycle
2024-10-01 14:34:55,car
2024-10-01 14:34:55,car
2024-10-01 14:34:55,car
2024-10-01 14:34:55,motorcycle
2024-10-01 14:34:55,car
2024-10-01 14:34:55,motorcycle
2024-10-01 14:34:56,car
2024-10-01 14:34:56,car
2024-10-01 14:34:56,car
2024-10-01 14:34:56,car
2024-10-01 14:34:56,car
2024-10-01 14:34:56,car
2024-10-01 14:34:56,motorcycle
2024-10-01 14:34:56,motorcycle
2024-10-01 14:34:56,car
2024-10-01 14:34:56,car
2024-10-01 14:34:56,car
2024-10-01 14:34:56,car
2024-10-01 14:34:56,car
2024-10-01 14:34:56,motorcycle
2024-10-01 14:34:56,motorcycle
2024-10-01 14:34:56,car
2024-10-01 14:34:56,car
2024-10-01 14:34:56,car
2024-10-01 14:34:56,motorcycle
2024-10-01 14:34:56,car
2024-10-01 14:34:56,car
2024-10-01 14:34:56,car
2024-10-01 14:34:56,motorcycle
2024-10-01 14:34:56,car
2024-10-01 14:34:56,motorcycle
2024-10-01 14:34:56,motorcycle
2024-10-01 14:34:56,car
2024-10-01 14:34:56,motorcycle
2024-10-01 14:34:56,car
2024-10-01 14:34:57,car
2024-10-01 14:34:57,car
2024-10-01 14:34:57,car
2024-10-01 14:34:57,motorcycle
2024-10-01 14:34:57,car
2024-10-01 14:34:57,car
2024-10-01 14:34:57,motorcycle
2024-10-01 14:34:57,motorcycle
2024-10-01 14:34:57,motorcycle
2024-10-01 14:34:57,car
2024-10-01 14:34:57,car
2024-10-01 14:34:57,car
2024-10-01 14:34:57,motorcycle
2024-10-01 14:34:57,motorcycle
2024-10-01 14:34:57,car
2024-10-01 14:34:57,motorcycle
2024-10-01 14:34:57,motorcycle
2024-10-01 14:34:57,car
2024-10-01 14:34:57,car
2024-10-01 14:34:57,car
2024-10-01 14:34:57,motorcycle
2024-10-01 14:34:57,motorcycle
2024-10-01 14:34:57,motorcycle
2024-10-01 14:34:57,motorcycle
2024-10-01 14:34:57,motorcycle
2024-10-01 14:34:57,car
2024-10-01 14:34:58,car
2024-10-01 14:34:58,car
2024-10-01 14:34:58,car
2024-10-01 14:34:58,motorcycle
2024-10-01 14:34:58,motorcycle
2024-10-01 14:34:58,motorcycle
2024-10-01 14:34:58,motorcycle
2024-10-01 14:34:58,car
2024-10-01 14:34:58,car
2024-10-01 14:34:58,car
2024-10-01 14:34:58,car
2024-10-01 14:34:58,car
2024-10-01 14:34:58,motorcycle
2024-10-01 14:34:58,motorcycle
2024-10-01 14:34:58,motorcycle
2024-10-01 14:34:58,car
2024-10-01 14:34:58,car
2024-10-01 14:34:58,car
2024-10-01 14:34:58,car
2024-10-01 14:34:58,motorcycle
2024-10-01 14:34:58,motorcycle
2024-10-01 14:34:58,car
2024-10-01 14:34:58,motorcycle
2024-10-01 14:34:58,motorcycle
2024-10-01 14:34:58,car
2024-10-01 14:34:58,car
2024-10-01 14:34:58,car
2024-10-01 14:34:58,motorcycle
2024-10-01 14:34:58,car
2024-10-01 14:34:58,motorcycle
2024-10-01 14:34:58,motorcycle
2024-10-01 14:34:58,motorcycle
2024-10-01 14:34:58,car
2024-10-01 14:34:59,car
2024-10-01 14:34:59,car
2024-10-01 14:34:59,motorcycle
2024-10-01 14:34:59,motorcycle
2024-10-01 14:34:59,motorcycle
2024-10-01 14:34:59,motorcycle
2024-10-01 14:34:59,car
2024-10-01 14:34:59,car
2024-10-01 14:34:59,car
2024-10-01 14:34:59,motorcycle
2024-10-01 14:34:59,car
2024-10-01 14:34:59,motorcycle
2024-10-01 14:34:59,motorcycle
2024-10-01 14:34:59,car
2024-10-01 14:34:59,car
2024-10-01 14:34:59,car
2024-10-01 14:34:59,motorcycle
2024-10-01 14:34:59,motorcycle
2024-10-01 14:34:59,car
2024-10-01 14:34:59,car
2024-10-01 14:34:59,motorcycle
2024-10-01 14:34:59,motorcycle
2024-10-01 14:35:00,car
2024-10-01 14:35:00,car
2024-10-01 14:35:00,motorcycle
2024-10-01 14:35:00,motorcycle
2024-10-01 14:35:00,motorcycle
2024-10-01 14:35:00,motorcycle
2024-10-01 14:35:00,car
2024-10-01 14:35:00,motorcycle
2024-10-01 14:35:00,motorcycle
2024-10-01 14:35:00,car
2024-10-01 14:35:00,car
2024-10-01 14:35:00,motorcycle
2024-10-01 14:35:00,motorcycle
2024-10-01 14:35:00,car
2024-10-01 14:35:00,car
2024-10-01 14:35:00,motorcycle
2024-10-01 14:35:00,motorcycle
2024-10-01 14:35:00,motorcycle
2024-10-01 14:35:00,car
2024-10-01 14:35:00,car
2024-10-01 14:35:00,motorcycle
2024-10-01 14:35:00,motorcycle
2024-10-01 14:35:00,motorcycle
2024-10-01 14:35:00,motorcycle
2024-10-01 14:35:00,motorcycle
2024-10-01 14:35:01,car
2024-10-01 14:35:01,car
2024-10-01 14:35:01,motorcycle
2024-10-01 14:35:01,motorcycle
2024-10-01 14:35:01,motorcycle
2024-10-01 14:35:01,car
2024-10-01 14:35:01,motorcycle
2024-10-01 14:35:01,motorcycle
2024-10-01 14:35:01,car
2024-10-01 14:35:01,car
2024-10-01 14:35:01,motorcycle
2024-10-01 14:35:01,motorcycle
2024-10-01 14:35:01,motorcycle
2024-10-01 14:35:01,motorcycle
2024-10-01 14:35:01,motorcycle
2024-10-01 14:35:01,car
2024-10-01 14:35:01,motorcycle
2024-10-01 14:35:01,car
2024-10-01 14:35:01,motorcycle
2024-10-01 14:35:01,motorcycle
2024-10-01 14:35:01,car
2024-10-01 14:35:01,motorcycle
2024-10-01 14:35:01,motorcycle
2024-10-01 14:35:01,motorcycle
2024-10-01 14:35:01,car
2024-10-01 14:35:01,car
2024-10-01 14:35:01,motorcycle
2024-10-01 14:35:01,motorcycle
2024-10-01 14:35:01,motorcycle
2024-10-01 14:35:01,car
2024-10-01 14:35:02,car
2024-10-01 14:35:02,car
2024-10-01 14:35:02,motorcycle
2024-10-01 14:35:02,motorcycle
2024-10-01 14:35:02,motorcycle
2024-10-01 14:35:02,motorcycle
2024-10-01 14:35:02,car
2024-10-01 14:35:02,motorcycle
2024-10-01 14:35:02,car
2024-10-01 14:35:02,car
2024-10-01 14:35:02,motorcycle
2024-10-01 14:35:02,motorcycle
2024-10-01 14:35:02,car
2024-10-01 14:35:02,motorcycle
2024-10-01 14:35:02,car
2024-10-01 14:35:02,motorcycle
2024-10-01 14:35:02,motorcycle
2024-10-01 14:35:02,motorcycle
2024-10-01 14:35:02,truck
2024-10-01 14:35:02,car
2024-10-01 14:35:02,car
2024-10-01 14:35:02,motorcycle
2024-10-01 14:35:02,motorcycle
2024-10-01 14:35:02,motorcycle
2024-10-01 14:35:02,car
2024-10-01 14:35:02,car
2024-10-01 14:35:02,truck
2024-10-01 14:35:03,car
2024-10-01 14:35:03,motorcycle
2024-10-01 14:35:03,car
2024-10-01 14:35:03,motorcycle
2024-10-01 14:35:03,motorcycle
2024-10-01 14:35:03,truck
2024-10-01 14:35:03,car
2024-10-01 14:35:03,motorcycle
2024-10-01 14:35:03,motorcycle
2024-10-01 14:35:03,car
2024-10-01 14:35:03,motorcycle
2024-10-01 14:35:03,motorcycle
2024-10-01 14:35:03,motorcycle
2024-10-01 14:35:03,motorcycle
2024-10-01 14:35:03,motorcycle
2024-10-01 14:35:03,car
2024-10-01 14:35:03,motorcycle
2024-10-01 14:35:03,car
2024-10-01 14:35:03,motorcycle
2024-10-01 14:35:03,motorcycle
2024-10-01 14:35:03,motorcycle
2024-10-01 14:35:03,car
2024-10-01 14:35:03,motorcycle
2024-10-01 14:35:03,motorcycle
2024-10-01 14:35:03,motorcycle
2024-10-01 14:35:03,truck
2024-10-01 14:35:03,car
2024-10-01 14:35:04,car
2024-10-01 14:35:04,car
2024-10-01 14:35:04,motorcycle
2024-10-01 14:35:04,motorcycle
2024-10-01 14:35:04,motorcycle
2024-10-01 14:35:04,motorcycle
2024-10-01 14:35:04,car
2024-10-01 14:35:04,truck
2024-10-01 14:35:04,car
2024-10-01 14:35:04,car
2024-10-01 14:35:04,motorcycle
2024-10-01 14:35:04,motorcycle
2024-10-01 14:35:04,motorcycle
2024-10-01 14:35:04,motorcycle
2024-10-01 14:35:04,motorcycle
2024-10-01 14:35:04,car
2024-10-01 14:35:04,car
2024-10-01 14:35:04,car
2024-10-01 14:35:04,motorcycle
2024-10-01 14:35:04,car
2024-10-01 14:35:04,motorcycle
2024-10-01 14:35:04,motorcycle
2024-10-01 14:35:04,motorcycle
2024-10-01 14:35:04,motorcycle
2024-10-01 14:35:04,car
2024-10-01 14:35:04,car
2024-10-01 14:35:04,motorcycle
2024-10-01 14:35:04,car
2024-10-01 14:35:04,motorcycle
2024-10-01 14:35:05,car
2024-10-01 14:35:05,car
2024-10-01 14:35:05,motorcycle
2024-10-01 14:35:05,motorcycle
2024-10-01 14:35:05,motorcycle
2024-10-01 14:35:05,motorcycle
2024-10-01 14:35:05,car
2024-10-01 14:35:05,car
2024-10-01 14:35:05,car
2024-10-01 14:35:05,motorcycle
2024-10-01 14:35:05,motorcycle
2024-10-01 14:35:05,motorcycle
2024-10-01 14:35:05,car
2024-10-01 14:35:05,motorcycle
2024-10-01 14:35:05,motorcycle
2024-10-01 14:35:05,truck
2024-10-01 14:35:05,car
2024-10-01 14:35:05,motorcycle
2024-10-01 14:35:05,car
2024-10-01 14:35:05,car
2024-10-01 14:35:05,motorcycle
2024-10-01 14:35:05,motorcycle
2024-10-01 14:35:05,motorcycle
2024-10-01 14:35:06,car
2024-10-01 14:35:06,car
2024-10-01 14:35:06,car
2024-10-01 14:35:06,motorcycle
2024-10-01 14:35:06,motorcycle
2024-10-01 14:35:06,truck
2024-10-01 14:35:06,motorcycle
2024-10-01 14:35:06,car
2024-10-01 14:35:06,car
2024-10-01 14:35:06,motorcycle
2024-10-01 14:35:06,car
2024-10-01 14:35:06,motorcycle
2024-10-01 14:35:06,motorcycle
2024-10-01 14:35:06,motorcycle
2024-10-01 14:35:06,car
2024-10-01 14:35:06,car
2024-10-01 14:35:06,car
2024-10-01 14:35:06,motorcycle
2024-10-01 14:35:06,motorcycle
2024-10-01 14:35:06,motorcycle
2024-10-01 14:35:06,car
2024-10-01 14:35:06,car
2024-10-01 14:35:06,car
2024-10-01 14:35:06,motorcycle
2024-10-01 14:35:06,motorcycle
2024-10-01 14:35:06,motorcycle
2024-10-01 14:35:07,car
2024-10-01 14:35:07,car
2024-10-01 14:35:07,motorcycle
2024-10-01 14:35:07,car
2024-10-01 14:35:07,motorcycle
2024-10-01 14:35:07,motorcycle
2024-10-01 14:35:07,motorcycle
2024-10-01 14:35:07,truck
2024-10-01 14:35:07,car
2024-10-01 14:35:07,car
2024-10-01 14:35:07,motorcycle
2024-10-01 14:35:07,car
2024-10-01 14:35:07,motorcycle
2024-10-01 14:35:07,motorcycle
2024-10-01 14:35:07,motorcycle
2024-10-01 14:35:07,car
2024-10-01 14:35:07,car
2024-10-01 14:35:07,motorcycle
2024-10-01 14:35:07,car
2024-10-01 14:35:07,motorcycle
2024-10-01 14:35:07,motorcycle
2024-10-01 14:35:08,car
2024-10-01 14:35:08,car
2024-10-01 14:35:08,motorcycle
2024-10-01 14:35:08,car
2024-10-01 14:35:08,car
2024-10-01 14:35:08,motorcycle
2024-10-01 14:35:08,motorcycle
2024-10-01 14:35:08,car
2024-10-01 14:35:08,car
2024-10-01 14:35:08,car
2024-10-01 14:35:08,car
2024-10-01 14:35:08,car
2024-10-01 14:35:08,car
2024-10-01 14:35:08,motorcycle
2024-10-01 14:35:08,motorcycle
2024-10-01 14:35:08,car
2024-10-01 14:35:08,motorcycle
2024-10-01 14:35:08,car
2024-10-01 14:35:08,car
2024-10-01 14:35:08,car
2024-10-01 14:35:08,car
2024-10-01 14:35:08,car
2024-10-01 14:35:08,motorcycle
2024-10-01 14:35:08,motorcycle
2024-10-01 14:35:08,car
2024-10-01 14:35:08,motorcycle
2024-10-01 14:35:08,motorcycle
2024-10-01 14:35:08,car
2024-10-01 14:35:08,car
2024-10-01 14:35:08,car
2024-10-01 14:35:08,car
2024-10-01 14:35:08,motorcycle
2024-10-01 14:35:08,car
2024-10-01 14:35:08,motorcycle
2024-10-01 14:35:08,motorcycle
2024-10-01 14:35:08,motorcycle
2024-10-01 14:35:08,motorcycle
2024-10-01 14:35:09,car
2024-10-01 14:35:09,car
2024-10-01 14:35:09,car
2024-10-01 14:35:09,car
2024-10-01 14:35:09,motorcycle
2024-10-01 14:35:09,car
2024-10-01 14:35:09,motorcycle
2024-10-01 14:35:09,motorcycle
2024-10-01 14:35:09,car
2024-10-01 14:35:09,car
2024-10-01 14:35:09,car
2024-10-01 14:35:09,car
2024-10-01 14:35:09,car
2024-10-01 14:35:09,motorcycle
2024-10-01 14:35:09,motorcycle
2024-10-01 14:35:09,motorcycle
2024-10-01 14:35:09,motorcycle
2024-10-01 14:35:09,motorcycle
2024-10-01 14:35:10,car
2024-10-01 14:35:10,car
2024-10-01 14:35:10,car
2024-10-01 14:35:10,car
2024-10-01 14:35:10,motorcycle
2024-10-01 14:35:10,car
2024-10-01 14:35:10,motorcycle
2024-10-01 14:35:10,motorcycle
2024-10-01 14:35:10,motorcycle
2024-10-01 14:35:10,motorcycle
2024-10-01 14:35:10,car
2024-10-01 14:35:10,car
2024-10-01 14:35:10,car
2024-10-01 14:35:10,car
2024-10-01 14:35:10,motorcycle
2024-10-01 14:35:10,car
2024-10-01 14:35:10,motorcycle
2024-10-01 14:35:10,motorcycle
2024-10-01 14:35:10,car
2024-10-01 14:35:10,car
2024-10-01 14:35:10,car
2024-10-01 14:35:10,motorcycle
2024-10-01 14:35:10,motorcycle
2024-10-01 14:35:10,car
2024-10-01 14:35:10,motorcycle
2024-10-01 14:35:10,motorcycle
2024-10-01 14:35:11,car
2024-10-01 14:35:11,car
2024-10-01 14:35:11,car
2024-10-01 14:35:11,motorcycle
2024-10-01 14:35:11,car
2024-10-01 14:35:11,motorcycle
2024-10-01 14:35:11,motorcycle
2024-10-01 14:35:11,car
2024-10-01 14:35:11,car
2024-10-01 14:35:11,car
2024-10-01 14:35:11,motorcycle
2024-10-01 14:35:11,truck
2024-10-01 14:35:11,motorcycle
2024-10-01 14:35:11,car
2024-10-01 14:35:11,motorcycle
2024-10-01 14:35:11,car
2024-10-01 14:35:11,car
2024-10-01 14:35:11,motorcycle
2024-10-01 14:35:11,car
2024-10-01 14:35:11,motorcycle
2024-10-01 14:35:11,car
2024-10-01 14:35:11,motorcycle
2024-10-01 14:35:11,car
2024-10-01 14:35:11,car
2024-10-01 14:35:11,motorcycle
2024-10-01 14:35:11,truck
2024-10-01 14:35:11,car
2024-10-01 14:35:11,motorcycle
2024-10-01 14:35:12,car
2024-10-01 14:35:12,car
2024-10-01 14:35:12,car
2024-10-01 14:35:12,car
2024-10-01 14:35:12,motorcycle
2024-10-01 14:35:12,truck
2024-10-01 14:35:12,car
2024-10-01 14:35:12,car
2024-10-01 14:35:12,car
2024-10-01 14:35:12,car
2024-10-01 14:35:12,motorcycle
2024-10-01 14:35:13,car
2024-10-01 14:35:13,car
2024-10-01 14:35:13,car
2024-10-01 14:35:13,car
2024-10-01 14:35:13,car
2024-10-01 14:35:13,motorcycle
2024-10-01 14:35:13,motorcycle
2024-10-01 14:35:13,car
2024-10-01 14:35:13,car
2024-10-01 14:35:13,car
2024-10-01 14:35:13,car
2024-10-01 14:35:13,car
2024-10-01 14:35:13,motorcycle
2024-10-01 14:35:13,motorcycle
2024-10-01 14:35:13,motorcycle
2024-10-01 14:35:13,car
2024-10-01 14:35:13,car
2024-10-01 14:35:13,car
2024-10-01 14:35:13,car
2024-10-01 14:35:13,motorcycle
2024-10-01 14:35:13,motorcycle
2024-10-01 14:35:13,car
2024-10-01 14:35:13,car
2024-10-01 14:35:13,car
2024-10-01 14:35:13,car
2024-10-01 14:35:13,motorcycle
2024-10-01 14:35:13,car
2024-10-01 14:35:14,car
2024-10-01 14:35:14,car
2024-10-01 14:35:14,car
2024-10-01 14:35:14,car
2024-10-01 14:35:14,motorcycle
2024-10-01 14:35:14,car
2024-10-01 14:35:14,car
2024-10-01 14:35:14,car
2024-10-01 14:35:14,motorcycle
2024-10-01 14:35:14,car
2024-10-01 14:35:14,car
2024-10-01 14:35:14,car
2024-10-01 14:35:14,car
2024-10-01 14:35:14,motorcycle
2024-10-01 14:35:14,car
2024-10-01 14:35:15,car
2024-10-01 14:35:15,car
2024-10-01 14:35:15,car
2024-10-01 14:35:15,car
2024-10-01 14:35:15,motorcycle
2024-10-01 14:35:15,car
2024-10-01 14:35:15,car
2024-10-01 14:35:15,car
2024-10-01 14:35:15,car
2024-10-01 14:35:15,car
2024-10-01 14:35:15,truck
2024-10-01 14:35:15,car
2024-10-01 14:35:15,car
2024-10-01 14:35:15,car
2024-10-01 14:35:15,motorcycle
2024-10-01 14:35:15,motorcycle
2024-10-01 14:35:15,motorcycle
2024-10-01 14:35:15,motorcycle
2024-10-01 14:35:15,car
2024-10-01 14:35:15,car
2024-10-01 14:35:15,car
2024-10-01 14:35:15,car
2024-10-01 14:35:15,truck
2024-10-01 14:35:15,car
2024-10-01 14:35:15,car
2024-10-01 14:35:15,motorcycle
2024-10-01 14:35:15,motorcycle
2024-10-01 14:35:15,car
2024-10-01 14:35:15,motorcycle
2024-10-01 14:35:15,car
2024-10-01 14:35:15,car
2024-10-01 14:35:15,car
2024-10-01 14:35:15,car
2024-10-01 14:35:16,car
2024-10-01 14:35:16,car
2024-10-01 14:35:16,truck
2024-10-01 14:35:16,car
2024-10-01 14:35:16,car
2024-10-01 14:35:16,motorcycle
2024-10-01 14:35:16,motorcycle
2024-10-01 14:35:16,car
2024-10-01 14:35:16,car
2024-10-01 14:35:16,car
2024-10-01 14:35:16,car
2024-10-01 14:35:16,car
2024-10-01 14:35:16,car
2024-10-01 14:35:16,truck
2024-10-01 14:35:16,car
2024-10-01 14:35:16,car
2024-10-01 14:35:16,car
2024-10-01 14:35:16,motorcycle
2024-10-01 14:35:16,motorcycle
2024-10-01 14:35:16,car
2024-10-01 14:35:16,car
2024-10-01 14:35:16,car
2024-10-01 14:35:16,car
2024-10-01 14:35:16,car
2024-10-01 14:35:16,truck
2024-10-01 14:35:16,car
2024-10-01 14:35:16,car
2024-10-01 14:35:16,motorcycle
2024-10-01 14:35:16,car
2024-10-01 14:35:16,motorcycle
2024-10-01 14:35:16,car
2024-10-01 14:35:16,car
2024-10-01 14:35:16,car
2024-10-01 14:35:16,car
2024-10-01 14:35:16,car
2024-10-01 14:35:16,truck
2024-10-01 14:35:16,car
2024-10-01 14:35:16,motorcycle
2024-10-01 14:35:16,car
2024-10-01 14:35:16,car
2024-10-01 14:35:17,car
2024-10-01 14:35:17,car
2024-10-01 14:35:17,car
2024-10-01 14:35:17,car
2024-10-01 14:35:17,car
2024-10-01 14:35:17,truck
2024-10-01 14:35:17,car
2024-10-01 14:35:17,car
2024-10-01 14:35:17,motorcycle
2024-10-01 14:35:17,motorcycle
2024-10-01 14:35:17,car
2024-10-01 14:35:17,car
2024-10-01 14:35:17,car
2024-10-01 14:35:17,car
2024-10-01 14:35:17,car
2024-10-01 14:35:17,truck
2024-10-01 14:35:17,car
2024-10-01 14:35:17,car
2024-10-01 14:35:17,car
2024-10-01 14:35:17,motorcycle
2024-10-01 14:35:17,motorcycle
2024-10-01 14:35:17,car
2024-10-01 14:35:17,car
2024-10-01 14:35:17,car
2024-10-01 14:35:17,car
2024-10-01 14:35:17,car
2024-10-01 14:35:17,truck
2024-10-01 14:35:17,car
2024-10-01 14:35:17,motorcycle
2024-10-01 14:35:17,car
2024-10-01 14:35:17,car
2024-10-01 14:35:17,motorcycle
2024-10-01 14:35:18,car
2024-10-01 14:35:18,car
2024-10-01 14:35:18,car
2024-10-01 14:35:18,truck
2024-10-01 14:35:18,car
2024-10-01 14:35:18,car
2024-10-01 14:35:18,car
2024-10-01 14:35:18,car
2024-10-01 14:35:18,motorcycle
2024-10-01 14:35:18,motorcycle
2024-10-01 14:35:18,car
2024-10-01 14:35:18,car
2024-10-01 14:35:18,car
2024-10-01 14:35:18,car
2024-10-01 14:35:18,car
2024-10-01 14:35:18,car
2024-10-01 14:35:18,truck
2024-10-01 14:35:18,car
2024-10-01 14:35:18,car
2024-10-01 14:35:18,car
2024-10-01 14:35:18,car
2024-10-01 14:35:18,car
2024-10-01 14:35:18,motorcycle
2024-10-01 14:35:18,motorcycle
2024-10-01 14:35:18,car
2024-10-01 14:35:18,car
2024-10-01 14:35:18,car
2024-10-01 14:35:18,car
2024-10-01 14:35:18,truck
2024-10-01 14:35:18,car
2024-10-01 14:35:18,car
2024-10-01 14:35:18,motorcycle
2024-10-01 14:35:18,truck
2024-10-01 14:35:18,car
2024-10-01 14:35:18,car
2024-10-01 14:35:18,car
2024-10-01 14:35:19,car
2024-10-01 14:35:19,car
2024-10-01 14:35:19,car
2024-10-01 14:35:19,car
2024-10-01 14:35:19,car
2024-10-01 14:35:19,truck
2024-10-01 14:35:19,car
2024-10-01 14:35:19,car
2024-10-01 14:35:19,motorcycle
2024-10-01 14:35:19,truck
2024-10-01 14:35:19,car
2024-10-01 14:35:19,car
2024-10-01 14:35:19,car
2024-10-01 14:35:19,truck
2024-10-01 14:35:19,car
2024-10-01 14:35:19,car
2024-10-01 14:35:19,car
2024-10-01 14:35:19,car
2024-10-01 14:35:19,motorcycle
2024-10-01 14:35:19,car
2024-10-01 14:35:19,motorcycle
2024-10-01 14:35:19,truck
2024-10-01 14:35:19,truck
2024-10-01 14:35:19,car
2024-10-01 14:35:19,car
2024-10-01 14:35:19,car
2024-10-01 14:35:19,car
2024-10-01 14:35:19,truck
2024-10-01 14:35:19,car
2024-10-01 14:35:19,car
2024-10-01 14:35:19,car
2024-10-01 14:35:19,motorcycle
2024-10-01 14:35:19,motorcycle
2024-10-01 14:35:19,car
2024-10-01 14:35:19,truck
2024-10-01 14:35:20,car
2024-10-01 14:35:20,car
2024-10-01 14:35:20,car
2024-10-01 14:35:20,car
2024-10-01 14:35:20,car
2024-10-01 14:35:20,motorcycle
2024-10-01 14:35:20,car
2024-10-01 14:35:20,truck
2024-10-01 14:35:20,motorcycle
2024-10-01 14:35:20,car
2024-10-01 14:35:20,car
2024-10-01 14:35:20,car
2024-10-01 14:35:20,car
2024-10-01 14:35:20,car
2024-10-01 14:35:20,motorcycle
2024-10-01 14:35:20,car
2024-10-01 14:35:20,car
2024-10-01 14:35:20,car
2024-10-01 14:35:20,motorcycle
2024-10-01 14:35:20,car
2024-10-01 14:35:20,truck
2024-10-01 14:35:20,car
2024-10-01 14:35:20,truck
2024-10-01 14:35:20,car
2024-10-01 14:35:20,car
2024-10-01 14:35:20,car
2024-10-01 14:35:20,car
2024-10-01 14:35:20,truck
2024-10-01 14:35:20,car
2024-10-01 14:35:20,car
2024-10-01 14:35:20,car
2024-10-01 14:35:20,motorcycle
2024-10-01 14:35:20,motorcycle
2024-10-01 14:35:20,car
2024-10-01 14:35:21,car
2024-10-01 14:35:21,car
2024-10-01 14:35:21,car
2024-10-01 14:35:21,car
2024-10-01 14:35:21,car
2024-10-01 14:35:21,car
2024-10-01 14:35:21,truck
2024-10-01 14:35:21,motorcycle
2024-10-01 14:35:21,car
2024-10-01 14:35:21,motorcycle
2024-10-01 14:35:21,truck
2024-10-01 14:35:21,car
2024-10-01 14:35:21,car
2024-10-01 14:35:21,car
2024-10-01 14:35:21,car
2024-10-01 14:35:21,car
2024-10-01 14:35:21,car
2024-10-01 14:35:21,car
2024-10-01 14:35:21,truck
2024-10-01 14:35:21,car
2024-10-01 14:35:21,motorcycle
2024-10-01 14:35:21,motorcycle
2024-10-01 14:35:21,truck
2024-10-01 14:35:21,car
2024-10-01 14:35:21,car
2024-10-01 14:35:21,car
2024-10-01 14:35:21,car
2024-10-01 14:35:21,truck
2024-10-01 14:35:21,car
2024-10-01 14:35:21,car
2024-10-01 14:35:21,car
2024-10-01 14:35:21,motorcycle
2024-10-01 14:35:21,truck
2024-10-01 14:35:21,truck
2024-10-01 14:35:22,car
2024-10-01 14:35:22,car
2024-10-01 14:35:22,car
2024-10-01 14:35:22,truck
2024-10-01 14:35:22,car
2024-10-01 14:35:22,car
2024-10-01 14:35:22,car
2024-10-01 14:35:22,motorcycle
2024-10-01 14:35:22,car
2024-10-01 14:35:22,truck
2024-10-01 14:35:22,motorcycle
2024-10-01 14:35:22,car
2024-10-01 14:35:22,car
2024-10-01 14:35:22,truck
2024-10-01 14:35:22,car
2024-10-01 14:35:22,car
2024-10-01 14:35:22,car
2024-10-01 14:35:22,motorcycle
2024-10-01 14:35:22,car
2024-10-01 14:35:22,car
2024-10-01 14:35:22,motorcycle
2024-10-01 14:35:22,car
2024-10-01 14:35:22,car
2024-10-01 14:35:22,car
2024-10-01 14:35:22,car
2024-10-01 14:35:22,car
2024-10-01 14:35:22,car
2024-10-01 14:35:22,car
2024-10-01 14:35:22,car
2024-10-01 14:35:22,motorcycle
2024-10-01 14:35:22,truck
2024-10-01 14:35:22,motorcycle
2024-10-01 14:35:22,motorcycle
2024-10-01 14:35:22,car
2024-10-01 14:35:23,car
2024-10-01 14:35:23,truck
2024-10-01 14:35:23,car
2024-10-01 14:35:23,car
2024-10-01 14:35:23,car
2024-10-01 14:35:23,car
2024-10-01 14:35:23,car
2024-10-01 14:35:23,car
2024-10-01 14:35:23,motorcycle
2024-10-01 14:35:23,motorcycle
2024-10-01 14:35:23,car
2024-10-01 14:35:23,car
2024-10-01 14:35:23,truck
2024-10-01 14:35:23,car
2024-10-01 14:35:23,car
2024-10-01 14:35:23,car
2024-10-01 14:35:23,car
2024-10-01 14:35:23,car
2024-10-01 14:35:23,motorcycle
2024-10-01 14:35:23,motorcycle
2024-10-01 14:35:23,truck
2024-10-01 14:35:23,car
2024-10-01 14:35:23,car
2024-10-01 14:35:23,truck
2024-10-01 14:35:23,car
2024-10-01 14:35:23,car
2024-10-01 14:35:23,car
2024-10-01 14:35:23,car
2024-10-01 14:35:23,car
2024-10-01 14:35:23,car
2024-10-01 14:35:23,motorcycle
2024-10-01 14:35:23,motorcycle
2024-10-01 14:35:24,car
2024-10-01 14:35:24,car
2024-10-01 14:35:24,truck
2024-10-01 14:35:24,car
2024-10-01 14:35:24,car
2024-10-01 14:35:24,car
2024-10-01 14:35:24,car
2024-10-01 14:35:24,car
2024-10-01 14:35:24,motorcycle
2024-10-01 14:35:24,motorcycle
2024-10-01 14:35:24,car
2024-10-01 14:35:24,car
2024-10-01 14:35:24,car
2024-10-01 14:35:24,truck
2024-10-01 14:35:24,motorcycle
2024-10-01 14:35:24,car
2024-10-01 14:35:24,car
2024-10-01 14:35:24,car
2024-10-01 14:35:24,truck
2024-10-01 14:35:24,car
2024-10-01 14:35:24,car
2024-10-01 14:35:24,motorcycle
2024-10-01 14:35:24,car
2024-10-01 14:35:24,car
2024-10-01 14:35:24,truck
2024-10-01 14:35:24,car
2024-10-01 14:35:24,car
2024-10-01 14:35:24,car
2024-10-01 14:35:24,car
2024-10-01 14:35:24,car
2024-10-01 14:35:24,motorcycle
2024-10-01 14:35:24,motorcycle
2024-10-01 14:35:25,car
2024-10-01 14:35:25,car
2024-10-01 14:35:25,car
2024-10-01 14:35:25,truck
2024-10-01 14:35:25,car
2024-10-01 14:35:25,car
2024-10-01 14:35:25,motorcycle
2024-10-01 14:35:25,car
2024-10-01 14:35:25,truck
2024-10-01 14:35:25,car
2024-10-01 14:35:25,car
2024-10-01 14:35:25,car
2024-10-01 14:35:25,car
2024-10-01 14:35:25,car
2024-10-01 14:35:25,truck
2024-10-01 14:35:25,truck
2024-10-01 14:35:25,car
2024-10-01 14:35:25,car
2024-10-01 14:35:25,motorcycle
2024-10-01 14:35:25,motorcycle
2024-10-01 14:35:25,car
2024-10-01 14:35:25,car
2024-10-01 14:35:25,motorcycle
2024-10-01 14:35:25,car
2024-10-01 14:35:25,truck
2024-10-01 14:35:25,car
2024-10-01 14:35:25,car
2024-10-01 14:35:25,car
2024-10-01 14:35:25,motorcycle
2024-10-01 14:35:25,car
2024-10-01 14:35:25,truck
2024-10-01 14:35:25,truck
2024-10-01 14:35:26,car
2024-10-01 14:35:26,car
2024-10-01 14:35:26,truck
2024-10-01 14:35:26,motorcycle
2024-10-01 14:35:26,car
2024-10-01 14:35:26,car
2024-10-01 14:35:26,motorcycle
2024-10-01 14:35:26,truck
2024-10-01 14:35:26,car
2024-10-01 14:35:26,car
2024-10-01 14:35:26,car
2024-10-01 14:35:26,car
2024-10-01 14:35:26,motorcycle
2024-10-01 14:35:26,car
2024-10-01 14:35:26,car
2024-10-01 14:35:26,car
2024-10-01 14:35:26,truck
2024-10-01 14:35:26,car
2024-10-01 14:35:26,motorcycle
2024-10-01 14:35:26,car
2024-10-01 14:35:26,truck
2024-10-01 14:35:26,car
2024-10-01 14:35:26,car
2024-10-01 14:35:26,car
2024-10-01 14:35:26,car
2024-10-01 14:35:26,car
2024-10-01 14:35:26,motorcycle
2024-10-01 14:35:26,car
2024-10-01 14:35:26,truck
2024-10-01 14:35:26,car
2024-10-01 14:35:26,truck
2024-10-01 14:35:26,motorcycle
2024-10-01 14:35:26,car
2024-10-01 14:35:26,car
2024-10-01 14:35:26,car
2024-10-01 14:35:26,car
2024-10-01 14:35:26,motorcycle
2024-10-01 14:35:27,truck
2024-10-01 14:35:27,car
2024-10-01 14:35:27,truck
2024-10-01 14:35:27,car
2024-10-01 14:35:27,car
2024-10-01 14:35:27,car
2024-10-01 14:35:27,motorcycle
2024-10-01 14:35:27,car
2024-10-01 14:35:27,car
2024-10-01 14:35:27,truck
2024-10-01 14:35:27,truck
2024-10-01 14:35:27,motorcycle
2024-10-01 14:35:27,car
2024-10-01 14:35:27,car
2024-10-01 14:35:27,car
2024-10-01 14:35:27,car
2024-10-01 14:35:27,car
2024-10-01 14:35:27,motorcycle
2024-10-01 14:35:27,car
2024-10-01 14:35:27,car
2024-10-01 14:35:27,car
2024-10-01 14:35:27,truck
2024-10-01 14:35:27,truck
2024-10-01 14:35:27,car
2024-10-01 14:35:27,car
2024-10-01 14:35:27,motorcycle
2024-10-01 14:35:27,car
2024-10-01 14:35:27,motorcycle
2024-10-01 14:35:27,car
2024-10-01 14:35:28,car
2024-10-01 14:35:28,car
2024-10-01 14:35:28,truck
2024-10-01 14:35:28,truck
2024-10-01 14:35:28,motorcycle
2024-10-01 14:35:28,car
2024-10-01 14:35:28,car
2024-10-01 14:35:28,motorcycle
2024-10-01 14:35:28,car
2024-10-01 14:35:28,car
2024-10-01 14:35:28,motorcycle
2024-10-01 14:35:28,car
2024-10-01 14:35:28,car
2024-10-01 14:35:28,car
2024-10-01 14:35:28,truck
2024-10-01 14:35:28,motorcycle
2024-10-01 14:35:28,motorcycle
2024-10-01 14:35:28,truck
2024-10-01 14:35:28,car
2024-10-01 14:35:28,motorcycle
2024-10-01 14:35:28,car
2024-10-01 14:35:28,car
2024-10-01 14:35:28,car
2024-10-01 14:35:28,car
2024-10-01 14:35:28,car
2024-10-01 14:35:28,motorcycle
2024-10-01 14:35:28,truck
2024-10-01 14:35:29,car
2024-10-01 14:35:29,motorcycle
2024-10-01 14:35:29,motorcycle
2024-10-01 14:35:29,car
2024-10-01 14:35:29,truck
2024-10-01 14:35:29,car
2024-10-01 14:35:29,car
2024-10-01 14:35:29,truck
2024-10-01 14:35:29,car
2024-10-01 14:35:29,car
2024-10-01 14:35:29,car
2024-10-01 14:35:29,car
2024-10-01 14:35:29,truck
2024-10-01 14:35:29,truck
2024-10-01 14:35:29,car
2024-10-01 14:35:29,motorcycle
2024-10-01 14:35:29,motorcycle
2024-10-01 14:35:29,car
2024-10-01 14:35:29,motorcycle
2024-10-01 14:35:29,car
2024-10-01 14:35:29,car
2024-10-01 14:35:29,car
2024-10-01 14:35:29,car
2024-10-01 14:35:29,truck
2024-10-01 14:35:29,truck
2024-10-01 14:35:29,motorcycle
2024-10-01 14:35:29,motorcycle
2024-10-01 14:35:29,car
2024-10-01 14:35:29,car
2024-10-01 14:35:29,motorcycle
2024-10-01 14:35:29,car
2024-10-01 14:35:29,car
2024-10-01 14:35:29,car
2024-10-01 14:35:29,car
2024-10-01 14:35:29,truck
2024-10-01 14:35:29,car
2024-10-01 14:35:29,motorcycle
2024-10-01 14:35:29,truck
2024-10-01 14:35:29,car
2024-10-01 14:35:29,car
2024-10-01 14:35:29,motorcycle
2024-10-01 14:35:29,motorcycle
2024-10-01 14:35:30,car
2024-10-01 14:35:30,car
2024-10-01 14:35:30,car
2024-10-01 14:35:30,truck
2024-10-01 14:35:30,car
2024-10-01 14:35:30,truck
2024-10-01 14:35:30,motorcycle
2024-10-01 14:35:30,motorcycle
2024-10-01 14:35:30,motorcycle
2024-10-01 14:35:30,car
2024-10-01 14:35:30,car
2024-10-01 14:35:30,truck
2024-10-01 14:35:30,car
2024-10-01 14:35:30,motorcycle
2024-10-01 14:35:30,truck
2024-10-01 14:35:30,car
2024-10-01 14:35:30,car
2024-10-01 14:35:30,motorcycle
2024-10-01 14:35:30,motorcycle
2024-10-01 14:35:30,car
2024-10-01 14:35:30,car
2024-10-01 14:35:30,car
2024-10-01 14:35:30,truck
2024-10-01 14:35:30,car
2024-10-01 14:35:30,truck
2024-10-01 14:35:30,car
2024-10-01 14:35:30,motorcycle
2024-10-01 14:35:30,motorcycle
2024-10-01 14:35:30,motorcycle
2024-10-01 14:35:30,car
2024-10-01 14:35:31,car
2024-10-01 14:35:31,car
2024-10-01 14:35:31,car
2024-10-01 14:35:31,car
2024-10-01 14:35:31,truck
2024-10-01 14:35:31,motorcycle
2024-10-01 14:35:31,car
2024-10-01 14:35:31,truck
2024-10-01 14:35:31,car
2024-10-01 14:35:31,motorcycle
2024-10-01 14:35:31,car
2024-10-01 14:35:31,car
2024-10-01 14:35:31,car
2024-10-01 14:35:31,car
2024-10-01 14:35:31,truck
2024-10-01 14:35:31,truck
2024-10-01 14:35:31,car
2024-10-01 14:35:31,motorcycle
2024-10-01 14:35:31,motorcycle
2024-10-01 14:35:31,car
2024-10-01 14:35:31,car
2024-10-01 14:35:31,car
2024-10-01 14:35:31,car
2024-10-01 14:35:31,car
2024-10-01 14:35:31,car
2024-10-01 14:35:31,motorcycle
2024-10-01 14:35:31,car
2024-10-01 14:35:31,car
2024-10-01 14:35:31,motorcycle
2024-10-01 14:35:32,car
2024-10-01 14:35:32,car
2024-10-01 14:35:32,car
2024-10-01 14:35:32,car
2024-10-01 14:35:32,car
2024-10-01 14:35:32,car
2024-10-01 14:35:32,car
2024-10-01 14:35:32,car
2024-10-01 14:35:32,motorcycle
2024-10-01 14:35:32,car
2024-10-01 14:35:32,car
2024-10-01 14:35:32,car
2024-10-01 14:35:32,car
2024-10-01 14:35:32,car
2024-10-01 14:35:32,car
2024-10-01 14:35:32,motorcycle
2024-10-01 14:35:32,car
2024-10-01 14:35:32,car
2024-10-01 14:35:32,car
2024-10-01 14:35:32,car
2024-10-01 14:35:32,car
2024-10-01 14:35:32,car
2024-10-01 14:35:32,car
2024-10-01 14:35:32,car
2024-10-01 14:35:32,motorcycle
2024-10-01 14:35:32,car
2024-10-01 14:35:32,car
2024-10-01 14:35:32,car
2024-10-01 14:35:33,car
2024-10-01 14:35:33,car
2024-10-01 14:35:33,car
2024-10-01 14:35:33,car
2024-10-01 14:35:33,car
2024-10-01 14:35:33,car
2024-10-01 14:35:33,motorcycle
2024-10-01 14:35:33,car
2024-10-01 14:35:33,motorcycle
2024-10-01 14:35:33,truck
2024-10-01 14:35:33,car
2024-10-01 14:35:33,car
2024-10-01 14:35:33,car
2024-10-01 14:35:33,car
2024-10-01 14:35:33,car
2024-10-01 14:35:33,car
2024-10-01 14:35:33,motorcycle
2024-10-01 14:35:33,car
2024-10-01 14:35:33,motorcycle
2024-10-01 14:35:33,truck
2024-10-01 14:35:33,car
2024-10-01 14:35:34,car
2024-10-01 14:35:34,car
2024-10-01 14:35:34,car
2024-10-01 14:35:34,car
2024-10-01 14:35:34,car
2024-10-01 14:35:34,car
2024-10-01 14:35:34,motorcycle
2024-10-01 14:35:34,motorcycle
2024-10-01 14:35:34,car
2024-10-01 14:35:34,truck
2024-10-01 14:35:34,car
2024-10-01 14:35:34,car
2024-10-01 14:35:34,car
2024-10-01 14:35:34,car
2024-10-01 14:35:34,car
2024-10-01 14:35:34,truck
2024-10-01 14:35:34,car
2024-10-01 14:35:34,motorcycle
2024-10-01 14:35:34,motorcycle
2024-10-01 14:35:34,car
2024-10-01 14:35:34,car
2024-10-01 14:35:34,car
2024-10-01 14:35:34,car
2024-10-01 14:35:34,car
2024-10-01 14:35:34,car
2024-10-01 14:35:34,car
2024-10-01 14:35:34,car
2024-10-01 14:35:34,car
2024-10-01 14:35:34,motorcycle
2024-10-01 14:35:34,motorcycle
2024-10-01 14:35:35,car
2024-10-01 14:35:35,car
2024-10-01 14:35:35,car
2024-10-01 14:35:35,car
2024-10-01 14:35:35,car
2024-10-01 14:35:35,car
2024-10-01 14:35:35,motorcycle
2024-10-01 14:35:35,car
2024-10-01 14:35:35,car
2024-10-01 14:35:35,motorcycle
2024-10-01 14:35:35,truck
2024-10-01 14:35:35,car
2024-10-01 14:35:35,car
2024-10-01 14:35:35,car
2024-10-01 14:35:35,car
2024-10-01 14:35:35,car
2024-10-01 14:35:35,car
2024-10-01 14:35:35,motorcycle
2024-10-01 14:35:35,motorcycle
2024-10-01 14:35:35,car
2024-10-01 14:35:35,car
2024-10-01 14:35:35,car
2024-10-01 14:35:35,car
2024-10-01 14:35:35,car
2024-10-01 14:35:35,car
2024-10-01 14:35:35,truck
2024-10-01 14:35:35,car
2024-10-01 14:35:35,car
2024-10-01 14:35:35,car
2024-10-01 14:35:35,motorcycle
2024-10-01 14:35:35,motorcycle
2024-10-01 14:35:36,car
2024-10-01 14:35:36,car
2024-10-01 14:35:36,car
2024-10-01 14:35:36,car
2024-10-01 14:35:36,car
2024-10-01 14:35:36,car
2024-10-01 14:35:36,truck
2024-10-01 14:35:36,motorcycle
2024-10-01 14:35:36,car
2024-10-01 14:35:36,car
2024-10-01 14:35:36,car
2024-10-01 14:35:36,car
2024-10-01 14:35:36,car
2024-10-01 14:35:36,car
2024-10-01 14:35:36,car
2024-10-01 14:35:36,car
2024-10-01 14:35:36,car
2024-10-01 14:35:36,motorcycle
2024-10-01 14:35:36,car
2024-10-01 14:35:36,truck
2024-10-01 14:35:36,motorcycle
2024-10-01 14:35:36,motorcycle
2024-10-01 14:35:37,car
2024-10-01 14:35:37,car
2024-10-01 14:35:37,car
2024-10-01 14:35:37,car
2024-10-01 14:35:37,car
2024-10-01 14:35:37,car
2024-10-01 14:35:37,car
2024-10-01 14:35:37,car
2024-10-01 14:35:37,car
2024-10-01 14:35:37,motorcycle
2024-10-01 14:35:37,car
2024-10-01 14:35:37,motorcycle
2024-10-01 14:35:37,car
2024-10-01 14:35:37,car
2024-10-01 14:35:37,car
2024-10-01 14:35:37,car
2024-10-01 14:35:37,car
2024-10-01 14:35:37,car
2024-10-01 14:35:37,car
2024-10-01 14:35:37,car
2024-10-01 14:35:37,motorcycle
2024-10-01 14:35:37,car
2024-10-01 14:35:38,car
2024-10-01 14:35:38,car
2024-10-01 14:35:38,car
2024-10-01 14:35:38,car
2024-10-01 14:35:38,car
2024-10-01 14:35:38,car
2024-10-01 14:35:38,car
2024-10-01 14:35:38,car
2024-10-01 14:35:38,car
2024-10-01 14:35:38,car
2024-10-01 14:35:38,motorcycle
2024-10-01 14:35:38,truck
2024-10-01 14:35:38,car
2024-10-01 14:35:38,car
2024-10-01 14:35:38,car
2024-10-01 14:35:38,car
2024-10-01 14:35:38,car
2024-10-01 14:35:38,car
2024-10-01 14:35:38,car
2024-10-01 14:35:38,motorcycle
2024-10-01 14:35:38,truck
2024-10-01 14:35:38,car
2024-10-01 14:35:38,car
2024-10-01 14:35:38,car
2024-10-01 14:35:38,car
2024-10-01 14:35:38,car
2024-10-01 14:35:38,car
2024-10-01 14:35:38,car
2024-10-01 14:35:38,car
2024-10-01 14:35:38,motorcycle
2024-10-01 14:35:38,truck
2024-10-01 14:35:38,car
2024-10-01 14:35:38,motorcycle
2024-10-01 14:35:38,car
2024-10-01 14:35:38,car
2024-10-01 14:35:39,car
2024-10-01 14:35:39,car
2024-10-01 14:35:39,car
2024-10-01 14:35:39,car
2024-10-01 14:35:39,car
2024-10-01 14:35:39,truck
2024-10-01 14:35:39,car
2024-10-01 14:35:39,motorcycle
2024-10-01 14:35:39,car
2024-10-01 14:35:39,car
2024-10-01 14:35:39,car
2024-10-01 14:35:39,motorcycle
2024-10-01 14:35:39,car
2024-10-01 14:35:39,car
2024-10-01 14:35:39,car
2024-10-01 14:35:39,car
2024-10-01 14:35:39,car
2024-10-01 14:35:39,motorcycle
2024-10-01 14:35:39,car
2024-10-01 14:35:39,truck
2024-10-01 14:35:39,car
2024-10-01 14:35:39,motorcycle
2024-10-01 14:35:39,car
2024-10-01 14:35:39,car
2024-10-01 14:35:40,car
2024-10-01 14:35:40,car
2024-10-01 14:35:40,car
2024-10-01 14:35:40,car
2024-10-01 14:35:40,car
2024-10-01 14:35:40,car
2024-10-01 14:35:40,car
2024-10-01 14:35:40,motorcycle
2024-10-01 14:35:40,car
2024-10-01 14:35:40,truck
2024-10-01 14:35:40,car
2024-10-01 14:35:40,car
2024-10-01 14:35:40,car
2024-10-01 14:35:40,car
2024-10-01 14:35:40,car
2024-10-01 14:35:40,car
2024-10-01 14:35:40,car
2024-10-01 14:35:40,car
2024-10-01 14:35:40,motorcycle
2024-10-01 14:35:40,car
2024-10-01 14:35:40,motorcycle
2024-10-01 14:35:40,car
2024-10-01 14:35:41,car
2024-10-01 14:35:41,car
2024-10-01 14:35:41,car
2024-10-01 14:35:41,car
2024-10-01 14:35:41,car
2024-10-01 14:35:41,car
2024-10-01 14:35:41,car
2024-10-01 14:35:41,motorcycle
2024-10-01 14:35:41,car
2024-10-01 14:35:41,car
2024-10-01 14:35:41,truck
2024-10-01 14:35:41,car
2024-10-01 14:35:41,motorcycle
2024-10-01 14:35:41,car
2024-10-01 14:35:41,car
2024-10-01 14:35:41,car
2024-10-01 14:35:41,car
2024-10-01 14:35:41,car
2024-10-01 14:35:41,car
2024-10-01 14:35:41,car
2024-10-01 14:35:41,car
2024-10-01 14:35:41,car
2024-10-01 14:35:41,car
2024-10-01 14:35:41,motorcycle
2024-10-01 14:35:41,car
2024-10-01 14:35:41,car
2024-10-01 14:35:41,car
2024-10-01 14:35:41,car
2024-10-01 14:35:41,car
2024-10-01 14:35:41,car
2024-10-01 14:35:41,car
2024-10-01 14:35:41,car
2024-10-01 14:35:41,car
2024-10-01 14:35:42,car
2024-10-01 14:35:42,motorcycle
2024-10-01 14:35:42,motorcycle
2024-10-01 14:35:42,car
2024-10-01 14:35:42,car
2024-10-01 14:35:42,car
2024-10-01 14:35:42,car
2024-10-01 14:35:42,car
2024-10-01 14:35:42,car
2024-10-01 14:35:42,car
2024-10-01 14:35:42,motorcycle
2024-10-01 14:35:42,car
2024-10-01 14:35:42,truck
2024-10-01 14:35:42,motorcycle
2024-10-01 14:35:42,car
2024-10-01 14:35:42,car
2024-10-01 14:35:42,car
2024-10-01 14:35:42,car
2024-10-01 14:35:42,car
2024-10-01 14:35:42,car
2024-10-01 14:35:42,car
2024-10-01 14:35:42,car
2024-10-01 14:35:42,car
2024-10-01 14:35:42,truck
2024-10-01 14:35:42,car
2024-10-01 14:35:43,car
2024-10-01 14:35:43,car
2024-10-01 14:35:43,car
2024-10-01 14:35:43,car
2024-10-01 14:35:43,car
2024-10-01 14:35:43,car
2024-10-01 14:35:43,car
2024-10-01 14:35:43,car
2024-10-01 14:35:43,car
2024-10-01 14:35:43,motorcycle
2024-10-01 14:35:43,car
2024-10-01 14:35:43,car
2024-10-01 14:35:43,car
2024-10-01 14:35:43,car
2024-10-01 14:35:43,car
2024-10-01 14:35:43,car
2024-10-01 14:35:43,car
2024-10-01 14:35:43,car
2024-10-01 14:35:43,car
2024-10-01 14:35:43,motorcycle
2024-10-01 14:35:43,car
2024-10-01 14:35:43,motorcycle
2024-10-01 14:35:43,motorcycle
2024-10-01 14:35:44,car
2024-10-01 14:35:44,car
2024-10-01 14:35:44,car
2024-10-01 14:35:44,car
2024-10-01 14:35:44,car
2024-10-01 14:35:44,car
2024-10-01 14:35:44,motorcycle
2024-10-01 14:35:44,car
2024-10-01 14:35:44,car
2024-10-01 14:35:44,car
2024-10-01 14:35:44,car
2024-10-01 14:35:44,car
2024-10-01 14:35:44,car
2024-10-01 14:35:44,car
2024-10-01 14:35:44,car
2024-10-01 14:35:44,car
2024-10-01 14:35:44,car
2024-10-01 14:35:44,motorcycle
2024-10-01 14:35:44,car
2024-10-01 14:35:44,car
2024-10-01 14:35:44,car
2024-10-01 14:35:44,car
2024-10-01 14:35:44,car
2024-10-01 14:35:44,car
2024-10-01 14:35:44,car
2024-10-01 14:35:44,motorcycle
2024-10-01 14:35:44,car
2024-10-01 14:35:44,motorcycle
2024-10-01 14:35:44,car
2024-10-01 14:35:44,car
2024-10-01 14:35:44,car
2024-10-01 14:35:45,car
2024-10-01 14:35:45,car
2024-10-01 14:35:45,car
2024-10-01 14:35:45,car
2024-10-01 14:35:45,car
2024-10-01 14:35:45,car
2024-10-01 14:35:45,motorcycle
2024-10-01 14:35:45,motorcycle
2024-10-01 14:35:45,car
2024-10-01 14:35:45,car
2024-10-01 14:35:45,car
2024-10-01 14:35:45,car
2024-10-01 14:35:45,car
2024-10-01 14:35:45,car
2024-10-01 14:35:45,car
2024-10-01 14:35:45,car
2024-10-01 14:35:45,car
2024-10-01 14:35:45,car
2024-10-01 14:35:45,truck
2024-10-01 14:35:45,motorcycle
2024-10-01 14:35:45,car
2024-10-01 14:35:45,car
2024-10-01 14:35:45,car
2024-10-01 14:35:45,car
2024-10-01 14:35:45,car
2024-10-01 14:35:45,car
2024-10-01 14:35:45,motorcycle
2024-10-01 14:35:45,car
2024-10-01 14:35:46,car
2024-10-01 14:35:46,car
2024-10-01 14:35:46,car
2024-10-01 14:35:46,car
2024-10-01 14:35:46,car
2024-10-01 14:35:46,car
2024-10-01 14:35:46,motorcycle
2024-10-01 14:35:46,car
2024-10-01 14:35:46,car
2024-10-01 14:35:46,car
2024-10-01 14:35:46,car
2024-10-01 14:35:46,car
2024-10-01 14:35:46,car
2024-10-01 14:35:46,car
2024-10-01 14:35:46,car
2024-10-01 14:35:46,car
2024-10-01 14:35:46,motorcycle
2024-10-01 14:35:46,car
2024-10-01 14:35:46,motorcycle
2024-10-01 14:35:46,car
2024-10-01 14:35:46,car
2024-10-01 14:35:46,car
2024-10-01 14:35:46,car
2024-10-01 14:35:46,car
2024-10-01 14:35:47,car
2024-10-01 14:35:47,car
2024-10-01 14:35:47,motorcycle
2024-10-01 14:35:47,car
2024-10-01 14:35:47,car
2024-10-01 14:35:47,car
2024-10-01 14:35:47,car
2024-10-01 14:35:47,car
2024-10-01 14:35:47,car
2024-10-01 14:35:47,car
2024-10-01 14:35:47,car
2024-10-01 14:35:47,motorcycle
2024-10-01 14:35:47,motorcycle
2024-10-01 14:35:47,car
2024-10-01 14:35:47,car
2024-10-01 14:35:47,car
2024-10-01 14:35:47,car
2024-10-01 14:35:47,car
2024-10-01 14:35:47,motorcycle
2024-10-01 14:35:47,car
2024-10-01 14:35:47,motorcycle
2024-10-01 14:35:47,motorcycle
2024-10-01 14:35:47,car
2024-10-01 14:35:48,car
2024-10-01 14:35:48,car
2024-10-01 14:35:48,car
2024-10-01 14:35:48,car
2024-10-01 14:35:48,car
2024-10-01 14:35:48,motorcycle
2024-10-01 14:35:48,car
2024-10-01 14:35:48,motorcycle
2024-10-01 14:35:48,car
2024-10-01 14:35:48,car
2024-10-01 14:35:48,car
2024-10-01 14:35:48,car
2024-10-01 14:35:48,car
2024-10-01 14:35:48,car
2024-10-01 14:35:48,car
2024-10-01 14:35:48,car
2024-10-01 14:35:48,motorcycle
2024-10-01 14:35:48,car
2024-10-01 14:35:48,car
2024-10-01 14:35:48,car
2024-10-01 14:35:48,car
2024-10-01 14:35:48,car
2024-10-01 14:35:48,car
2024-10-01 14:35:48,motorcycle
2024-10-01 14:35:48,car
2024-10-01 14:35:48,car
2024-10-01 14:35:48,motorcycle
2024-10-01 14:35:48,car
2024-10-01 14:35:49,car
2024-10-01 14:35:49,car
2024-10-01 14:35:49,car
2024-10-01 14:35:49,car
2024-10-01 14:35:49,car
2024-10-01 14:35:49,motorcycle
2024-10-01 14:35:49,car
2024-10-01 14:35:49,car
2024-10-01 14:35:49,motorcycle
2024-10-01 14:35:49,motorcycle
2024-10-01 14:35:49,car
2024-10-01 14:35:49,car
2024-10-01 14:35:49,car
2024-10-01 14:35:49,car
2024-10-01 14:35:49,car
2024-10-01 14:35:49,car
2024-10-01 14:35:49,motorcycle
2024-10-01 14:35:49,motorcycle
2024-10-01 14:35:49,car
2024-10-01 14:35:49,car
2024-10-01 14:35:49,motorcycle
2024-10-01 14:35:49,car
2024-10-01 14:35:49,car
2024-10-01 14:35:49,car
2024-10-01 14:35:49,car
2024-10-01 14:35:49,car
2024-10-01 14:35:49,motorcycle
2024-10-01 14:35:50,car
2024-10-01 14:35:50,motorcycle
2024-10-01 14:35:50,car
2024-10-01 14:35:50,motorcycle
2024-10-01 14:35:50,motorcycle
2024-10-01 14:35:50,car
2024-10-01 14:35:50,car
2024-10-01 14:35:50,car
2024-10-01 14:35:50,car
2024-10-01 14:35:50,motorcycle
2024-10-01 14:35:50,motorcycle
2024-10-01 14:35:50,car
2024-10-01 14:35:50,car
2024-10-01 14:35:50,motorcycle
2024-10-01 14:35:50,car
2024-10-01 14:35:50,car
2024-10-01 14:35:50,car
2024-10-01 14:35:50,car
2024-10-01 14:35:50,motorcycle
2024-10-01 14:35:50,motorcycle
2024-10-01 14:35:50,motorcycle
2024-10-01 14:35:50,motorcycle
2024-10-01 14:35:50,car
2024-10-01 14:35:51,car
2024-10-01 14:35:51,car
2024-10-01 14:35:51,car
2024-10-01 14:35:51,car
2024-10-01 14:35:51,motorcycle
2024-10-01 14:35:51,motorcycle
2024-10-01 14:35:51,car
2024-10-01 14:35:51,motorcycle
2024-10-01 14:35:51,car
2024-10-01 14:35:51,motorcycle
2024-10-01 14:35:51,truck
2024-10-01 14:35:51,car
2024-10-01 14:35:51,car
2024-10-01 14:35:51,car
2024-10-01 14:35:51,car
2024-10-01 14:35:51,motorcycle
2024-10-01 14:35:51,motorcycle
2024-10-01 14:35:51,motorcycle
2024-10-01 14:35:51,car
2024-10-01 14:35:51,motorcycle
2024-10-01 14:35:52,truck
2024-10-01 14:35:52,car
2024-10-01 14:35:52,car
2024-10-01 14:35:52,car
2024-10-01 14:35:52,motorcycle
2024-10-01 14:35:52,car
2024-10-01 14:35:52,motorcycle
2024-10-01 14:35:53,truck
2024-10-01 14:35:53,car
2024-10-01 14:35:53,car
2024-10-01 14:35:53,car
2024-10-01 14:35:53,motorcycle
2024-10-01 14:35:53,car
2024-10-01 14:35:53,car
2024-10-01 14:35:53,motorcycle
2024-10-01 14:35:53,motorcycle
2024-10-01 14:35:53,truck
2024-10-01 14:35:53,car
2024-10-01 14:35:53,car
2024-10-01 14:35:53,car
2024-10-01 14:35:53,car
2024-10-01 14:35:53,motorcycle
2024-10-01 14:35:53,car
2024-10-01 14:35:53,motorcycle
2024-10-01 14:35:53,motorcycle
2024-10-01 14:35:54,truck
2024-10-01 14:35:54,car
2024-10-01 14:35:54,car
2024-10-01 14:35:54,car
2024-10-01 14:35:54,car
2024-10-01 14:35:54,car
2024-10-01 14:35:54,motorcycle
2024-10-01 14:35:54,motorcycle
2024-10-01 14:35:54,motorcycle
2024-10-01 14:35:54,motorcycle
2024-10-01 14:35:54,truck
2024-10-01 14:35:54,truck
2024-10-01 14:35:54,car
2024-10-01 14:35:54,car
2024-10-01 14:35:54,car
2024-10-01 14:35:54,car
2024-10-01 14:35:54,car
2024-10-01 14:35:54,motorcycle
2024-10-01 14:35:54,motorcycle
2024-10-01 14:35:54,motorcycle
2024-10-01 14:35:54,motorcycle
2024-10-01 14:35:55,truck
2024-10-01 14:35:55,car
2024-10-01 14:35:55,car
2024-10-01 14:35:55,car
2024-10-01 14:35:55,motorcycle
2024-10-01 14:35:55,car
2024-10-01 14:35:55,motorcycle
2024-10-01 14:35:55,motorcycle
2024-10-01 14:35:55,car
2024-10-01 14:35:55,truck
2024-10-01 14:35:55,car
2024-10-01 14:35:55,car
2024-10-01 14:35:55,car
2024-10-01 14:35:55,car
2024-10-01 14:35:55,car
2024-10-01 14:35:55,truck
2024-10-01 14:35:55,car
2024-10-01 14:35:55,motorcycle
2024-10-01 14:35:55,motorcycle
2024-10-01 14:35:55,motorcycle
2024-10-01 14:35:56,truck
2024-10-01 14:35:56,car
2024-10-01 14:35:56,car
2024-10-01 14:35:56,car
2024-10-01 14:35:56,car
2024-10-01 14:35:56,car
2024-10-01 14:35:56,car
2024-10-01 14:35:56,truck
2024-10-01 14:35:56,motorcycle
2024-10-01 14:35:56,truck
2024-10-01 14:35:56,car
2024-10-01 14:35:56,car
2024-10-01 14:35:56,car
2024-10-01 14:35:56,car
2024-10-01 14:35:56,car
2024-10-01 14:35:56,truck
2024-10-01 14:35:56,car
2024-10-01 14:35:56,motorcycle
2024-10-01 14:35:56,motorcycle
2024-10-01 14:35:57,truck
2024-10-01 14:35:57,car
2024-10-01 14:35:57,car
2024-10-01 14:35:57,car
2024-10-01 14:35:57,car
2024-10-01 14:35:57,car
2024-10-01 14:35:57,truck
2024-10-01 14:35:57,motorcycle
2024-10-01 14:35:57,motorcycle
2024-10-01 14:35:57,motorcycle
2024-10-01 14:35:57,truck
2024-10-01 14:35:57,car
2024-10-01 14:35:57,car
2024-10-01 14:35:57,car
2024-10-01 14:35:57,car
2024-10-01 14:35:57,car
2024-10-01 14:35:57,motorcycle
2024-10-01 14:35:57,truck
2024-10-01 14:35:57,motorcycle
2024-10-01 14:35:58,truck
2024-10-01 14:35:58,car
2024-10-01 14:35:58,car
2024-10-01 14:35:58,car
2024-10-01 14:35:58,car
2024-10-01 14:35:58,car
2024-10-01 14:35:58,motorcycle
2024-10-01 14:35:58,motorcycle
2024-10-01 14:35:58,car
2024-10-01 14:35:58,truck
2024-10-01 14:35:58,truck
2024-10-01 14:35:58,car
2024-10-01 14:35:58,car
2024-10-01 14:35:58,car
2024-10-01 14:35:58,car
2024-10-01 14:35:58,car
2024-10-01 14:35:58,motorcycle
2024-10-01 14:35:58,truck
2024-10-01 14:35:58,motorcycle
2024-10-01 14:35:58,motorcycle
2024-10-01 14:35:58,truck
2024-10-01 14:35:58,car
2024-10-01 14:35:58,car
2024-10-01 14:35:58,car
2024-10-01 14:35:58,car
2024-10-01 14:35:58,truck
2024-10-01 14:35:58,car
2024-10-01 14:35:58,motorcycle
2024-10-01 14:35:58,motorcycle
2024-10-01 14:35:58,car
2024-10-01 14:35:59,truck
2024-10-01 14:35:59,car
2024-10-01 14:35:59,car
2024-10-01 14:35:59,car
2024-10-01 14:35:59,car
2024-10-01 14:35:59,motorcycle
2024-10-01 14:35:59,truck
2024-10-01 14:35:59,car
2024-10-01 14:35:59,motorcycle
2024-10-01 14:35:59,motorcycle
2024-10-01 14:35:59,truck
2024-10-01 14:35:59,car
2024-10-01 14:35:59,car
2024-10-01 14:35:59,car
2024-10-01 14:35:59,car
2024-10-01 14:35:59,car
2024-10-01 14:35:59,motorcycle
2024-10-01 14:35:59,motorcycle
2024-10-01 14:35:59,truck
2024-10-01 14:35:59,truck
2024-10-01 14:35:59,car
2024-10-01 14:35:59,car
2024-10-01 14:35:59,car
2024-10-01 14:35:59,car
2024-10-01 14:36:00,car
2024-10-01 14:36:00,motorcycle
2024-10-01 14:36:00,truck
2024-10-01 14:36:00,motorcycle
2024-10-01 14:36:00,car
2024-10-01 14:36:00,truck
2024-10-01 14:36:00,car
2024-10-01 14:36:00,car
2024-10-01 14:36:00,truck
2024-10-01 14:36:00,car
2024-10-01 14:36:00,car
2024-10-01 14:36:00,motorcycle
2024-10-01 14:36:00,car
2024-10-01 14:36:00,motorcycle
2024-10-01 14:36:00,truck
2024-10-01 14:36:00,car
2024-10-01 14:36:00,car
2024-10-01 14:36:00,car
2024-10-01 14:36:00,car
2024-10-01 14:36:00,car
2024-10-01 14:36:00,motorcycle
2024-10-01 14:36:00,car
2024-10-01 14:36:00,truck
2024-10-01 14:36:00,motorcycle
2024-10-01 14:36:01,truck
2024-10-01 14:36:01,car
2024-10-01 14:36:01,car
2024-10-01 14:36:01,car
2024-10-01 14:36:01,truck
2024-10-01 14:36:01,motorcycle
2024-10-01 14:36:01,car
2024-10-01 14:36:01,motorcycle
2024-10-01 14:36:01,truck
2024-10-01 14:36:01,car
2024-10-01 14:36:01,car
2024-10-01 14:36:01,truck
2024-10-01 14:36:01,car
2024-10-01 14:36:01,car
2024-10-01 14:36:01,car
2024-10-01 14:36:01,motorcycle
2024-10-01 14:36:01,car
2024-10-01 14:36:01,motorcycle
2024-10-01 14:36:02,truck
2024-10-01 14:36:02,car
2024-10-01 14:36:02,car
2024-10-01 14:36:02,car
2024-10-01 14:36:02,truck
2024-10-01 14:36:02,motorcycle
2024-10-01 14:36:02,motorcycle
2024-10-01 14:36:02,car
2024-10-01 14:36:02,car
2024-10-01 14:36:02,car
2024-10-01 14:36:02,truck
2024-10-01 14:36:02,car
2024-10-01 14:36:02,car
2024-10-01 14:36:02,car
2024-10-01 14:36:02,car
2024-10-01 14:36:02,car
2024-10-01 14:36:02,car
2024-10-01 14:36:02,motorcycle
2024-10-01 14:36:02,motorcycle
2024-10-01 14:36:02,truck
2024-10-01 14:36:02,truck
2024-10-01 14:36:02,car
2024-10-01 14:36:02,car
2024-10-01 14:36:02,car
2024-10-01 14:36:02,car
2024-10-01 14:36:02,truck
2024-10-01 14:36:03,car
2024-10-01 14:36:03,motorcycle
2024-10-01 14:36:03,motorcycle
2024-10-01 14:36:03,car
2024-10-01 14:36:03,truck
2024-10-01 14:36:03,car
2024-10-01 14:36:03,car
2024-10-01 14:36:03,car
2024-10-01 14:36:03,car
2024-10-01 14:36:03,car
2024-10-01 14:36:03,car
2024-10-01 14:36:03,truck
2024-10-01 14:36:03,motorcycle
2024-10-01 14:36:03,motorcycle
2024-10-01 14:36:03,truck
2024-10-01 14:36:03,car
2024-10-01 14:36:03,car
2024-10-01 14:36:03,car
2024-10-01 14:36:03,car
2024-10-01 14:36:03,car
2024-10-01 14:36:03,car
2024-10-01 14:36:03,truck
2024-10-01 14:36:03,motorcycle
2024-10-01 14:36:03,motorcycle
2024-10-01 14:36:04,truck
2024-10-01 14:36:04,car
2024-10-01 14:36:04,car
2024-10-01 14:36:04,car
2024-10-01 14:36:04,car
2024-10-01 14:36:04,truck
2024-10-01 14:36:04,motorcycle
2024-10-01 14:36:04,car
2024-10-01 14:36:04,car
2024-10-01 14:36:04,car
2024-10-01 14:36:04,truck
2024-10-01 14:36:04,car
2024-10-01 14:36:04,car
2024-10-01 14:36:04,car
2024-10-01 14:36:04,car
2024-10-01 14:36:04,car
2024-10-01 14:36:04,motorcycle
2024-10-01 14:36:04,truck
2024-10-01 14:36:04,motorcycle
2024-10-01 14:36:04,car
2024-10-01 14:36:04,truck
2024-10-01 14:36:04,car
2024-10-01 14:36:04,car
2024-10-01 14:36:04,car
2024-10-01 14:36:04,car
2024-10-01 14:36:04,car
2024-10-01 14:36:04,truck
2024-10-01 14:36:04,motorcycle
2024-10-01 14:36:05,car
2024-10-01 14:36:05,truck
2024-10-01 14:36:05,car
2024-10-01 14:36:05,car
2024-10-01 14:36:05,car
2024-10-01 14:36:05,car
2024-10-01 14:36:05,car
2024-10-01 14:36:05,motorcycle
2024-10-01 14:36:05,truck
2024-10-01 14:36:05,car
2024-10-01 14:36:05,car
2024-10-01 14:36:05,car
2024-10-01 14:36:05,car
2024-10-01 14:36:05,car
2024-10-01 14:36:05,car
2024-10-01 14:36:05,truck
2024-10-01 14:36:05,motorcycle
2024-10-01 14:36:05,motorcycle
2024-10-01 14:36:06,truck
2024-10-01 14:36:06,car
2024-10-01 14:36:06,car
2024-10-01 14:36:06,car
2024-10-01 14:36:06,car
2024-10-01 14:36:06,car
2024-10-01 14:36:06,car
2024-10-01 14:36:06,motorcycle
2024-10-01 14:36:06,truck
2024-10-01 14:36:06,truck
2024-10-01 14:36:06,car
2024-10-01 14:36:06,car
2024-10-01 14:36:06,car
2024-10-01 14:36:06,car
2024-10-01 14:36:06,car
2024-10-01 14:36:06,car
2024-10-01 14:36:06,motorcycle
2024-10-01 14:36:06,motorcycle
2024-10-01 14:36:07,truck
2024-10-01 14:36:07,car
2024-10-01 14:36:07,car
2024-10-01 14:36:07,car
2024-10-01 14:36:07,car
2024-10-01 14:36:07,car
2024-10-01 14:36:07,car
2024-10-01 14:36:07,motorcycle
2024-10-01 14:36:07,motorcycle
2024-10-01 14:36:07,truck
2024-10-01 14:36:07,car
2024-10-01 14:36:07,car
2024-10-01 14:36:07,car
2024-10-01 14:36:07,car
2024-10-01 14:36:07,car
2024-10-01 14:36:07,motorcycle
2024-10-01 14:36:07,car
2024-10-01 14:36:07,car
2024-10-01 14:36:07,truck
2024-10-01 14:36:07,car
2024-10-01 14:36:07,car
2024-10-01 14:36:08,car
2024-10-01 14:36:08,car
2024-10-01 14:36:08,motorcycle
2024-10-01 14:36:08,car
2024-10-01 14:36:08,car
2024-10-01 14:36:08,truck
2024-10-01 14:36:08,car
2024-10-01 14:36:08,car
2024-10-01 14:36:08,motorcycle
2024-10-01 14:36:08,car
2024-10-01 14:36:08,car
2024-10-01 14:36:08,car
2024-10-01 14:36:09,car
2024-10-01 14:36:09,truck
2024-10-01 14:36:09,car
2024-10-01 14:36:09,car
2024-10-01 14:36:09,car
2024-10-01 14:36:09,car
2024-10-01 14:36:09,car
2024-10-01 14:36:09,motorcycle
2024-10-01 14:36:09,car
2024-10-01 14:36:09,truck
2024-10-01 14:36:09,car
2024-10-01 14:36:09,car
2024-10-01 14:36:09,car
2024-10-01 14:36:09,motorcycle
2024-10-01 14:36:09,car
2024-10-01 14:36:09,car
2024-10-01 14:36:09,truck
2024-10-01 14:36:09,motorcycle
2024-10-01 14:36:09,car
2024-10-01 14:36:09,truck
2024-10-01 14:36:09,car
2024-10-01 14:36:09,car
2024-10-01 14:36:09,car
2024-10-01 14:36:09,car
2024-10-01 14:36:09,motorcycle
2024-10-01 14:36:09,car
2024-10-01 14:36:09,motorcycle
2024-10-01 14:36:09,car
2024-10-01 14:36:10,car
2024-10-01 14:36:10,truck
2024-10-01 14:36:10,car
2024-10-01 14:36:10,car
2024-10-01 14:36:10,car
2024-10-01 14:36:10,car
2024-10-01 14:36:10,motorcycle
2024-10-01 14:36:10,motorcycle
2024-10-01 14:36:10,car
2024-10-01 14:36:10,car
2024-10-01 14:36:10,truck
2024-10-01 14:36:10,car
2024-10-01 14:36:10,car
2024-10-01 14:36:10,car
2024-10-01 14:36:10,car
2024-10-01 14:36:10,car
2024-10-01 14:36:10,motorcycle
2024-10-01 14:36:10,motorcycle
2024-10-01 14:36:10,car
2024-10-01 14:36:10,car
2024-10-01 14:36:10,truck
2024-10-01 14:36:10,car
2024-10-01 14:36:10,car
2024-10-01 14:36:10,car
2024-10-01 14:36:10,car
2024-10-01 14:36:10,motorcycle
2024-10-01 14:36:10,motorcycle
2024-10-01 14:36:11,car
2024-10-01 14:36:11,car
2024-10-01 14:36:11,truck
2024-10-01 14:36:11,car
2024-10-01 14:36:11,car
2024-10-01 14:36:11,motorcycle
2024-10-01 14:36:11,car
2024-10-01 14:36:11,car
2024-10-01 14:36:11,car
2024-10-01 14:36:11,motorcycle
2024-10-01 14:36:11,car
2024-10-01 14:36:11,car
2024-10-01 14:36:11,truck
2024-10-01 14:36:11,car
2024-10-01 14:36:11,car
2024-10-01 14:36:11,car
2024-10-01 14:36:11,motorcycle
2024-10-01 14:36:11,car
2024-10-01 14:36:11,motorcycle
2024-10-01 14:36:11,car
2024-10-01 14:36:11,car
2024-10-01 14:36:11,truck
2024-10-01 14:36:11,car
2024-10-01 14:36:11,car
2024-10-01 14:36:11,car
2024-10-01 14:36:11,car
2024-10-01 14:36:11,car
2024-10-01 14:36:11,motorcycle
2024-10-01 14:36:11,motorcycle
2024-10-01 14:36:12,car
2024-10-01 14:36:12,car
2024-10-01 14:36:12,truck
2024-10-01 14:36:12,car
2024-10-01 14:36:12,car
2024-10-01 14:36:12,car
2024-10-01 14:36:12,motorcycle
2024-10-01 14:36:12,car
2024-10-01 14:36:12,car
2024-10-01 14:36:12,motorcycle
2024-10-01 14:36:12,car
2024-10-01 14:36:12,car
2024-10-01 14:36:12,truck
2024-10-01 14:36:12,car
2024-10-01 14:36:12,car
2024-10-01 14:36:12,car
2024-10-01 14:36:12,car
2024-10-01 14:36:12,motorcycle
2024-10-01 14:36:12,motorcycle
2024-10-01 14:36:12,car
2024-10-01 14:36:12,car
2024-10-01 14:36:12,car
2024-10-01 14:36:12,truck
2024-10-01 14:36:12,car
2024-10-01 14:36:12,car
2024-10-01 14:36:12,car
2024-10-01 14:36:12,car
2024-10-01 14:36:13,motorcycle
2024-10-01 14:36:13,motorcycle
2024-10-01 14:36:13,car
2024-10-01 14:36:13,car
2024-10-01 14:36:13,truck
2024-10-01 14:36:13,motorcycle
2024-10-01 14:36:13,truck
2024-10-01 14:36:13,car
2024-10-01 14:36:13,motorcycle
2024-10-01 14:36:13,car
2024-10-01 14:36:13,truck
2024-10-01 14:36:13,motorcycle
2024-10-01 14:36:13,truck
2024-10-01 14:36:13,motorcycle
2024-10-01 14:36:13,car
2024-10-01 14:36:13,truck
2024-10-01 14:36:13,truck
2024-10-01 14:36:13,motorcycle
2024-10-01 14:36:14,car
2024-10-01 14:36:14,truck
2024-10-01 14:36:14,truck
2024-10-01 14:36:14,car
2024-10-01 14:36:14,motorcycle
2024-10-01 14:36:14,motorcycle
2024-10-01 14:36:14,car
2024-10-01 14:36:14,truck
2024-10-01 14:36:14,truck
2024-10-01 14:36:14,motorcycle
2024-10-01 14:36:14,motorcycle
2024-10-01 14:36:14,car
2024-10-01 14:36:14,truck
2024-10-01 14:36:14,truck
2024-10-01 14:36:14,motorcycle
2024-10-01 14:36:14,motorcycle
2024-10-01 14:36:15,truck
2024-10-01 14:36:15,car
2024-10-01 14:36:15,truck
2024-10-01 14:36:15,motorcycle
2024-10-01 14:36:15,motorcycle
2024-10-01 14:36:15,truck
2024-10-01 14:36:15,car
2024-10-01 14:36:15,truck
2024-10-01 14:36:15,motorcycle
2024-10-01 14:36:15,car
2024-10-01 14:36:15,motorcycle
2024-10-01 14:36:15,car
2024-10-01 14:36:15,truck
2024-10-01 14:36:15,car
2024-10-01 14:36:15,truck
2024-10-01 14:36:15,car
2024-10-01 14:36:15,motorcycle
2024-10-01 14:36:16,truck
2024-10-01 14:36:16,car
2024-10-01 14:36:16,motorcycle
2024-10-01 14:36:16,car
2024-10-01 14:36:16,truck
2024-10-01 14:36:16,motorcycle
2024-10-01 14:36:16,truck
2024-10-01 14:36:16,car
2024-10-01 14:36:16,truck
2024-10-01 14:36:16,motorcycle
2024-10-01 14:36:16,car
2024-10-01 14:36:16,motorcycle
2024-10-01 14:36:16,truck
2024-10-01 14:36:16,car
2024-10-01 14:36:16,motorcycle
2024-10-01 14:36:16,truck
2024-10-01 14:36:16,car
2024-10-01 14:36:17,truck
2024-10-01 14:36:17,car
2024-10-01 14:36:17,truck
2024-10-01 14:36:17,motorcycle
2024-10-01 14:36:17,truck
2024-10-01 14:36:17,car
2024-10-01 14:36:17,motorcycle
2024-10-01 14:36:17,truck
2024-10-01 14:36:17,motorcycle
2024-10-01 14:36:17,truck
2024-10-01 14:36:17,car
2024-10-01 14:36:17,truck
2024-10-01 14:36:17,car
2024-10-01 14:36:17,motorcycle
2024-10-01 14:36:18,truck
2024-10-01 14:36:18,car
2024-10-01 14:36:18,motorcycle
2024-10-01 14:36:18,truck
2024-10-01 14:36:18,car
2024-10-01 14:36:18,motorcycle
2024-10-01 14:36:18,motorcycle
2024-10-01 14:36:18,car
2024-10-01 14:36:18,truck
2024-10-01 14:36:18,car
2024-10-01 14:36:18,car
2024-10-01 14:36:18,motorcycle
2024-10-01 14:36:18,car
2024-10-01 14:36:18,truck
2024-10-01 14:36:18,car
2024-10-01 14:36:18,motorcycle
2024-10-01 14:36:19,car
2024-10-01 14:36:19,truck
2024-10-01 14:36:19,motorcycle
2024-10-01 14:36:19,motorcycle
2024-10-01 14:36:19,car
2024-10-01 14:36:19,car
2024-10-01 14:36:19,car
2024-10-01 14:36:19,truck
2024-10-01 14:36:19,truck
2024-10-01 14:36:19,car
2024-10-01 14:36:19,car
2024-10-01 14:36:19,motorcycle
2024-10-01 14:36:19,car
2024-10-01 14:36:19,truck
2024-10-01 14:36:19,truck
2024-10-01 14:36:19,car
2024-10-01 14:36:19,motorcycle
2024-10-01 14:36:19,motorcycle
2024-10-01 14:36:19,car
2024-10-01 14:36:20,car
2024-10-01 14:36:20,truck
2024-10-01 14:36:20,car
2024-10-01 14:36:20,truck
2024-10-01 14:36:20,car
2024-10-01 14:36:20,motorcycle
2024-10-01 14:36:20,motorcycle
2024-10-01 14:36:20,truck
2024-10-01 14:36:20,car
2024-10-01 14:36:20,truck
2024-10-01 14:36:20,truck
2024-10-01 14:36:20,motorcycle
2024-10-01 14:36:20,car
2024-10-01 14:36:21,truck
2024-10-01 14:36:21,car
2024-10-01 14:36:21,truck
2024-10-01 14:36:21,motorcycle
2024-10-01 14:36:21,car
2024-10-01 14:36:21,car
2024-10-01 14:36:21,truck
2024-10-01 14:36:21,car
2024-10-01 14:36:21,truck
2024-10-01 14:36:21,motorcycle
2024-10-01 14:36:21,car
2024-10-01 14:36:21,car
2024-10-01 14:36:21,car
2024-10-01 14:36:21,truck
2024-10-01 14:36:21,truck
2024-10-01 14:36:21,car
2024-10-01 14:36:21,motorcycle
2024-10-01 14:36:21,car
2024-10-01 14:36:21,car
2024-10-01 14:36:21,car
2024-10-01 14:36:21,motorcycle
2024-10-01 14:36:22,truck
2024-10-01 14:36:22,car
2024-10-01 14:36:22,motorcycle
2024-10-01 14:36:22,truck
2024-10-01 14:36:22,car
2024-10-01 14:36:22,car
2024-10-01 14:36:22,truck
2024-10-01 14:36:22,truck
2024-10-01 14:36:22,motorcycle
2024-10-01 14:36:22,car
2024-10-01 14:36:22,car
2024-10-01 14:36:22,motorcycle
2024-10-01 14:36:22,car
2024-10-01 14:36:22,truck
2024-10-01 14:36:22,car
2024-10-01 14:36:22,car
2024-10-01 14:36:22,motorcycle
2024-10-01 14:36:22,truck
2024-10-01 14:36:22,motorcycle
2024-10-01 14:36:22,car
2024-10-01 14:36:22,motorcycle
2024-10-01 14:36:23,car
2024-10-01 14:36:23,truck
2024-10-01 14:36:23,car
2024-10-01 14:36:23,truck
2024-10-01 14:36:23,motorcycle
2024-10-01 14:36:23,motorcycle
2024-10-01 14:36:23,motorcycle
2024-10-01 14:36:23,truck
2024-10-01 14:36:23,car
2024-10-01 14:36:23,car
2024-10-01 14:36:23,car
2024-10-01 14:36:23,truck
2024-10-01 14:36:23,motorcycle
2024-10-01 14:36:23,motorcycle
2024-10-01 14:36:23,truck
2024-10-01 14:36:23,car
2024-10-01 14:36:23,truck
2024-10-01 14:36:24,motorcycle
2024-10-01 14:36:24,motorcycle
2024-10-01 14:36:24,truck
2024-10-01 14:36:24,car
2024-10-01 14:36:24,motorcycle
2024-10-01 14:36:24,truck
2024-10-01 14:36:24,car
2024-10-01 14:36:24,car
2024-10-01 14:36:24,motorcycle
2024-10-01 14:36:24,truck
2024-10-01 14:36:24,car
2024-10-01 14:36:24,truck
2024-10-01 14:36:24,motorcycle
2024-10-01 14:36:24,motorcycle
2024-10-01 14:36:24,truck
2024-10-01 14:36:24,car
2024-10-01 14:36:24,truck
2024-10-01 14:36:25,motorcycle
2024-10-01 14:36:25,motorcycle
2024-10-01 14:36:25,motorcycle
2024-10-01 14:36:25,truck
2024-10-01 14:36:25,car
2024-10-01 14:36:25,truck
2024-10-01 14:36:25,motorcycle
2024-10-01 14:36:25,motorcycle
2024-10-01 14:36:25,motorcycle
2024-10-01 14:36:25,truck
2024-10-01 14:36:25,car
2024-10-01 14:36:25,truck
2024-10-01 14:36:25,motorcycle
2024-10-01 14:36:25,motorcycle
2024-10-01 14:36:25,truck
2024-10-01 14:36:25,car
2024-10-01 14:36:25,truck
2024-10-01 14:36:25,motorcycle
2024-10-01 14:36:26,truck
2024-10-01 14:36:26,car
2024-10-01 14:36:26,truck
2024-10-01 14:36:26,motorcycle
2024-10-01 14:36:27,truck
2024-10-01 14:36:27,car
2024-10-01 14:36:27,truck
2024-10-01 14:36:27,motorcycle
2024-10-01 14:36:27,truck
2024-10-01 14:36:27,car
2024-10-01 14:36:27,truck
2024-10-01 14:36:27,motorcycle
2024-10-01 14:36:27,car
2024-10-01 14:36:28,truck
2024-10-01 14:36:28,truck
2024-10-01 14:36:28,car
2024-10-01 14:36:28,motorcycle
2024-10-01 14:36:28,motorcycle
2024-10-01 14:36:28,truck
2024-10-01 14:36:28,car
2024-10-01 14:36:28,truck
2024-10-01 14:36:28,motorcycle
2024-10-01 14:36:28,motorcycle
2024-10-01 14:36:28,truck
2024-10-01 14:36:28,car
2024-10-01 14:36:28,truck
2024-10-01 14:36:28,motorcycle
2024-10-01 14:36:28,motorcycle
2024-10-01 14:36:29,car
2024-10-01 14:36:29,truck
2024-10-01 14:36:29,truck
2024-10-01 14:36:29,car
2024-10-01 14:36:29,motorcycle
2024-10-01 14:36:29,car
2024-10-01 14:36:29,truck
2024-10-01 14:36:29,truck
2024-10-01 14:36:29,motorcycle
2024-10-01 14:36:29,motorcycle
2024-10-01 14:36:30,truck
2024-10-01 14:36:30,car
2024-10-01 14:36:30,truck
2024-10-01 14:36:30,motorcycle
2024-10-01 14:36:30,motorcycle
2024-10-01 14:36:30,car
2024-10-01 14:36:30,motorcycle
2024-10-01 14:36:30,truck
2024-10-01 14:36:30,car
2024-10-01 14:36:30,truck
2024-10-01 14:36:30,motorcycle
2024-10-01 14:36:30,motorcycle
2024-10-01 14:36:30,motorcycle
2024-10-01 14:36:30,car
2024-10-01 14:36:31,car
2024-10-01 14:36:31,truck
2024-10-01 14:36:31,truck
2024-10-01 14:36:31,motorcycle
2024-10-01 14:36:31,car
2024-10-01 14:36:31,motorcycle
2024-10-01 14:36:31,motorcycle
2024-10-01 14:36:31,truck
2024-10-01 14:36:31,truck
2024-10-01 14:36:31,truck
2024-10-01 14:36:31,motorcycle
2024-10-01 14:36:31,motorcycle
2024-10-01 14:36:31,truck
2024-10-01 14:36:31,car
2024-10-01 14:36:31,car
2024-10-01 14:36:31,car
2024-10-01 14:36:31,car
2024-10-01 14:36:32,truck
2024-10-01 14:36:32,car
2024-10-01 14:36:32,car
2024-10-01 14:36:32,car
2024-10-01 14:36:32,car
2024-10-01 14:36:32,car
2024-10-01 14:36:32,truck
2024-10-01 14:36:32,car
2024-10-01 14:36:32,car
2024-10-01 14:36:32,car
2024-10-01 14:36:32,truck
2024-10-01 14:36:32,car
2024-10-01 14:36:32,car
2024-10-01 14:36:32,car
2024-10-01 14:36:32,car
2024-10-01 14:36:33,car
2024-10-01 14:36:33,truck
2024-10-01 14:36:33,car
2024-10-01 14:36:33,car
2024-10-01 14:36:33,car
2024-10-01 14:36:33,motorcycle
2024-10-01 14:36:33,truck
2024-10-01 14:36:33,car
2024-10-01 14:36:33,car
2024-10-01 14:36:33,car
2024-10-01 14:36:33,car
2024-10-01 14:36:33,truck
2024-10-01 14:36:33,car
2024-10-01 14:36:33,car
2024-10-01 14:36:33,car
2024-10-01 14:36:33,car
2024-10-01 14:36:34,truck
2024-10-01 14:36:34,car
2024-10-01 14:36:34,car
2024-10-01 14:36:34,car
2024-10-01 14:36:34,car
2024-10-01 14:36:34,motorcycle
2024-10-01 14:36:34,truck
2024-10-01 14:36:34,car
2024-10-01 14:36:34,car
2024-10-01 14:36:34,car
2024-10-01 14:36:34,car
2024-10-01 14:36:34,motorcycle
2024-10-01 14:36:34,motorcycle
2024-10-01 14:36:34,truck
2024-10-01 14:36:34,car
2024-10-01 14:36:34,car
2024-10-01 14:36:34,car
2024-10-01 14:36:34,motorcycle
2024-10-01 14:36:34,car
2024-10-01 14:36:35,car
2024-10-01 14:36:35,truck
2024-10-01 14:36:35,car
2024-10-01 14:36:35,car
2024-10-01 14:36:35,motorcycle
2024-10-01 14:36:35,car
2024-10-01 14:36:35,car
2024-10-01 14:36:35,truck
2024-10-01 14:36:35,car
2024-10-01 14:36:35,car
2024-10-01 14:36:35,car
2024-10-01 14:36:35,motorcycle
2024-10-01 14:36:35,car
2024-10-01 14:36:35,car
2024-10-01 14:36:35,car
2024-10-01 14:36:35,truck
2024-10-01 14:36:35,car
2024-10-01 14:36:35,car
2024-10-01 14:36:35,motorcycle
2024-10-01 14:36:35,car
2024-10-01 14:36:36,truck
2024-10-01 14:36:36,car
2024-10-01 14:36:36,car
2024-10-01 14:36:36,car
2024-10-01 14:36:36,motorcycle
2024-10-01 14:36:36,car
2024-10-01 14:36:36,truck
2024-10-01 14:36:36,car
2024-10-01 14:36:36,car
2024-10-01 14:36:36,car
2024-10-01 14:36:36,motorcycle
2024-10-01 14:36:36,car
2024-10-01 14:36:36,truck
2024-10-01 14:36:36,car
2024-10-01 14:36:36,truck
2024-10-01 14:36:36,car
2024-10-01 14:36:36,car
2024-10-01 14:36:36,motorcycle
2024-10-01 14:36:36,car
2024-10-01 14:36:36,car
2024-10-01 14:36:36,truck
2024-10-01 14:36:37,car
2024-10-01 14:36:37,car
2024-10-01 14:36:37,truck
2024-10-01 14:36:37,car
2024-10-01 14:36:37,motorcycle
2024-10-01 14:36:37,car
2024-10-01 14:36:37,car
2024-10-01 14:36:37,truck
2024-10-01 14:36:37,truck
2024-10-01 14:36:37,car
2024-10-01 14:36:37,car
2024-10-01 14:36:37,car
2024-10-01 14:36:37,motorcycle
2024-10-01 14:36:37,car
2024-10-01 14:36:37,motorcycle
2024-10-01 14:36:37,truck
2024-10-01 14:36:37,car
2024-10-01 14:36:37,car
2024-10-01 14:36:37,car
2024-10-01 14:36:37,motorcycle
2024-10-01 14:36:37,car
2024-10-01 14:36:37,motorcycle
2024-10-01 14:36:38,car
2024-10-01 14:36:38,truck
2024-10-01 14:36:38,car
2024-10-01 14:36:38,car
2024-10-01 14:36:38,motorcycle
2024-10-01 14:36:38,motorcycle
2024-10-01 14:36:38,car
2024-10-01 14:36:38,motorcycle
2024-10-01 14:36:38,car
2024-10-01 14:36:38,truck
2024-10-01 14:36:38,car
2024-10-01 14:36:38,car
2024-10-01 14:36:38,car
2024-10-01 14:36:38,motorcycle
2024-10-01 14:36:38,motorcycle
2024-10-01 14:36:38,car
2024-10-01 14:36:38,car
2024-10-01 14:36:38,truck
2024-10-01 14:36:38,car
2024-10-01 14:36:38,car
2024-10-01 14:36:38,car
2024-10-01 14:36:38,car
2024-10-01 14:36:39,car
2024-10-01 14:36:39,truck
2024-10-01 14:36:39,car
2024-10-01 14:36:39,car
2024-10-01 14:36:39,car
2024-10-01 14:36:39,motorcycle
2024-10-01 14:36:39,motorcycle
2024-10-01 14:36:39,car
2024-10-01 14:36:39,truck
2024-10-01 14:36:39,car
2024-10-01 14:36:39,motorcycle
2024-10-01 14:36:39,car
2024-10-01 14:36:39,car
2024-10-01 14:36:39,car
2024-10-01 14:36:39,car
2024-10-01 14:36:39,truck
2024-10-01 14:36:39,car
2024-10-01 14:36:39,car
2024-10-01 14:36:39,motorcycle
2024-10-01 14:36:39,car
2024-10-01 14:36:39,motorcycle
2024-10-01 14:36:39,motorcycle
2024-10-01 14:36:39,car
2024-10-01 14:36:40,car
2024-10-01 14:36:40,truck
2024-10-01 14:36:40,car
2024-10-01 14:36:40,car
2024-10-01 14:36:40,motorcycle
2024-10-01 14:36:40,car
2024-10-01 14:36:40,motorcycle
2024-10-01 14:36:40,car
2024-10-01 14:36:40,truck
2024-10-01 14:36:40,motorcycle
2024-10-01 14:36:40,car
2024-10-01 14:36:40,car
2024-10-01 14:36:40,motorcycle
2024-10-01 14:36:40,motorcycle
2024-10-01 14:36:40,car
2024-10-01 14:36:40,truck
2024-10-01 14:36:40,car
2024-10-01 14:36:40,car
2024-10-01 14:36:40,car
2024-10-01 14:36:40,motorcycle
2024-10-01 14:36:40,motorcycle
2024-10-01 14:36:41,car
2024-10-01 14:36:41,truck
2024-10-01 14:36:41,car
2024-10-01 14:36:41,car
2024-10-01 14:36:41,car
2024-10-01 14:36:41,car
2024-10-01 14:36:41,motorcycle
2024-10-01 14:36:41,car
2024-10-01 14:36:41,truck
2024-10-01 14:36:41,car
2024-10-01 14:36:41,car
2024-10-01 14:36:41,car
2024-10-01 14:36:41,car
2024-10-01 14:36:41,motorcycle
2024-10-01 14:36:41,car
2024-10-01 14:36:41,truck
2024-10-01 14:36:41,car
2024-10-01 14:36:42,car
2024-10-01 14:36:42,car
2024-10-01 14:36:42,car
2024-10-01 14:36:42,motorcycle
2024-10-01 14:36:42,motorcycle
2024-10-01 14:36:42,truck
2024-10-01 14:36:42,car
2024-10-01 14:36:42,car
2024-10-01 14:36:42,car
2024-10-01 14:36:42,truck
2024-10-01 14:36:42,car
2024-10-01 14:36:42,car
2024-10-01 14:36:42,motorcycle
2024-10-01 14:36:42,motorcycle
2024-10-01 14:36:42,car
2024-10-01 14:36:42,truck
2024-10-01 14:36:42,car
2024-10-01 14:36:42,car
2024-10-01 14:36:42,car
2024-10-01 14:36:42,car
2024-10-01 14:36:42,motorcycle
2024-10-01 14:36:42,motorcycle
2024-10-01 14:36:43,car
2024-10-01 14:36:43,car
2024-10-01 14:36:43,truck
2024-10-01 14:36:43,car
2024-10-01 14:36:43,car
2024-10-01 14:36:43,car
2024-10-01 14:36:43,motorcycle
2024-10-01 14:36:43,motorcycle
2024-10-01 14:36:43,truck
2024-10-01 14:36:43,car
2024-10-01 14:36:43,car
2024-10-01 14:36:43,motorcycle
2024-10-01 14:36:43,car
2024-10-01 14:36:43,car
2024-10-01 14:36:43,motorcycle
2024-10-01 14:36:43,car
2024-10-01 14:36:43,truck
2024-10-01 14:36:43,car
2024-10-01 14:36:43,truck
2024-10-01 14:36:43,car
2024-10-01 14:36:43,car
2024-10-01 14:36:43,motorcycle
2024-10-01 14:36:43,motorcycle
2024-10-01 14:36:43,car
2024-10-01 14:36:44,truck
2024-10-01 14:36:44,car
2024-10-01 14:36:44,motorcycle
2024-10-01 14:36:44,car
2024-10-01 14:36:44,car
2024-10-01 14:36:44,car
2024-10-01 14:36:44,car
2024-10-01 14:36:44,car
2024-10-01 14:36:44,truck
2024-10-01 14:36:44,car
2024-10-01 14:36:44,motorcycle
2024-10-01 14:36:44,car
2024-10-01 14:36:44,truck
2024-10-01 14:36:44,car
2024-10-01 14:36:44,car
2024-10-01 14:36:44,car
2024-10-01 14:36:44,motorcycle
2024-10-01 14:36:44,car
2024-10-01 14:36:44,truck
2024-10-01 14:36:45,car
2024-10-01 14:36:45,truck
2024-10-01 14:36:45,car
2024-10-01 14:36:45,car
2024-10-01 14:36:45,motorcycle
2024-10-01 14:36:45,motorcycle
2024-10-01 14:36:45,car
2024-10-01 14:36:45,car
2024-10-01 14:36:45,car
2024-10-01 14:36:45,car
2024-10-01 14:36:45,truck
2024-10-01 14:36:45,motorcycle
2024-10-01 14:36:45,motorcycle
2024-10-01 14:36:45,motorcycle
2024-10-01 14:36:45,car
2024-10-01 14:36:45,car
2024-10-01 14:36:46,car
2024-10-01 14:36:46,car
2024-10-01 14:36:46,car
2024-10-01 14:36:46,truck
2024-10-01 14:36:46,motorcycle
2024-10-01 14:36:46,motorcycle
2024-10-01 14:36:46,motorcycle
2024-10-01 14:36:46,car
2024-10-01 14:36:46,car
2024-10-01 14:36:46,car
2024-10-01 14:36:46,car
2024-10-01 14:36:46,truck
2024-10-01 14:36:46,motorcycle
2024-10-01 14:36:46,car
2024-10-01 14:36:46,motorcycle
2024-10-01 14:36:46,car
2024-10-01 14:36:46,car
2024-10-01 14:36:46,car
2024-10-01 14:36:46,truck
2024-10-01 14:36:46,motorcycle
2024-10-01 14:36:46,motorcycle
2024-10-01 14:36:46,car
2024-10-01 14:36:47,car
2024-10-01 14:36:47,truck
2024-10-01 14:36:47,car
2024-10-01 14:36:47,motorcycle
2024-10-01 14:36:47,motorcycle
2024-10-01 14:36:47,motorcycle
2024-10-01 14:36:47,car
2024-10-01 14:36:47,truck
2024-10-01 14:36:47,car
2024-10-01 14:36:47,motorcycle
2024-10-01 14:36:47,motorcycle
2024-10-01 14:36:47,car
2024-10-01 14:36:47,motorcycle
2024-10-01 14:36:47,car
2024-10-01 14:36:47,car
2024-10-01 14:36:47,truck
2024-10-01 14:36:47,car
2024-10-01 14:36:47,motorcycle
2024-10-01 14:36:47,motorcycle
2024-10-01 14:36:47,car
2024-10-01 14:36:47,car
2024-10-01 14:36:48,car
2024-10-01 14:36:48,car
2024-10-01 14:36:48,truck
2024-10-01 14:36:48,car
2024-10-01 14:36:48,motorcycle
2024-10-01 14:36:48,motorcycle
2024-10-01 14:36:48,car
2024-10-01 14:36:48,car
2024-10-01 14:36:48,car
2024-10-01 14:36:48,car
2024-10-01 14:36:48,truck
2024-10-01 14:36:48,motorcycle
2024-10-01 14:36:48,motorcycle
2024-10-01 14:36:49,car
2024-10-01 14:36:49,truck
2024-10-01 14:36:49,car
2024-10-01 14:36:49,car
2024-10-01 14:36:49,motorcycle
2024-10-01 14:36:49,motorcycle
2024-10-01 14:36:49,car
2024-10-01 14:36:49,car
2024-10-01 14:36:49,truck
2024-10-01 14:36:49,car
2024-10-01 14:36:49,car
2024-10-01 14:36:49,motorcycle
2024-10-01 14:36:49,motorcycle
2024-10-01 14:36:49,motorcycle
2024-10-01 14:36:49,car
2024-10-01 14:36:49,motorcycle
2024-10-01 14:36:49,motorcycle
2024-10-01 14:36:49,car
2024-10-01 14:36:49,car
2024-10-01 14:36:49,truck
2024-10-01 14:36:49,car
2024-10-01 14:36:49,motorcycle
2024-10-01 14:36:49,motorcycle
2024-10-01 14:36:49,car
2024-10-01 14:36:49,motorcycle
2024-10-01 14:36:50,car
2024-10-01 14:36:50,truck
2024-10-01 14:36:50,car
2024-10-01 14:36:50,motorcycle
2024-10-01 14:36:50,motorcycle
2024-10-01 14:36:50,motorcycle
2024-10-01 14:36:50,car
2024-10-01 14:36:50,car
2024-10-01 14:36:50,car
2024-10-01 14:36:50,truck
2024-10-01 14:36:50,car
2024-10-01 14:36:50,car
2024-10-01 14:36:50,motorcycle
2024-10-01 14:36:50,car
2024-10-01 14:36:50,motorcycle
2024-10-01 14:36:50,motorcycle
2024-10-01 14:36:50,motorcycle
2024-10-01 14:36:50,car
2024-10-01 14:36:50,motorcycle
2024-10-01 14:36:50,car
2024-10-01 14:36:50,truck
2024-10-01 14:36:50,car
2024-10-01 14:36:50,motorcycle
2024-10-01 14:36:50,car
2024-10-01 14:36:51,motorcycle
2024-10-01 14:36:51,motorcycle
2024-10-01 14:36:51,car
2024-10-01 14:36:51,car
2024-10-01 14:36:51,truck
2024-10-01 14:36:51,car
2024-10-01 14:36:51,motorcycle
2024-10-01 14:36:51,car
2024-10-01 14:36:51,motorcycle
2024-10-01 14:36:51,motorcycle
2024-10-01 14:36:51,motorcycle
2024-10-01 14:36:51,car
2024-10-01 14:36:51,car
2024-10-01 14:36:51,truck
2024-10-01 14:36:51,car
2024-10-01 14:36:51,motorcycle
2024-10-01 14:36:51,motorcycle
2024-10-01 14:36:51,car
2024-10-01 14:36:51,motorcycle
2024-10-01 14:36:51,car
2024-10-01 14:36:51,motorcycle
2024-10-01 14:36:52,car
2024-10-01 14:36:52,truck
2024-10-01 14:36:52,car
2024-10-01 14:36:52,motorcycle
2024-10-01 14:36:52,car
2024-10-01 14:36:52,car
2024-10-01 14:36:52,motorcycle
2024-10-01 14:36:52,motorcycle
2024-10-01 14:36:52,motorcycle
2024-10-01 14:36:52,motorcycle
2024-10-01 14:36:52,car
2024-10-01 14:36:52,truck
2024-10-01 14:36:52,car
2024-10-01 14:36:52,motorcycle
2024-10-01 14:36:52,car
2024-10-01 14:36:52,motorcycle
2024-10-01 14:36:52,car
2024-10-01 14:36:52,motorcycle
2024-10-01 14:36:52,motorcycle
2024-10-01 14:36:52,car
2024-10-01 14:36:52,car
2024-10-01 14:36:52,truck
2024-10-01 14:36:52,car
2024-10-01 14:36:52,motorcycle
2024-10-01 14:36:53,car
2024-10-01 14:36:53,motorcycle
2024-10-01 14:36:53,car
2024-10-01 14:36:53,motorcycle
2024-10-01 14:36:53,car
2024-10-01 14:36:53,motorcycle
2024-10-01 14:36:53,truck
2024-10-01 14:36:53,car
2024-10-01 14:36:53,car
2024-10-01 14:36:53,car
2024-10-01 14:36:53,motorcycle
2024-10-01 14:36:53,motorcycle
2024-10-01 14:36:53,motorcycle
2024-10-01 14:36:53,car
2024-10-01 14:36:53,car
2024-10-01 14:36:53,truck
2024-10-01 14:36:53,car
2024-10-01 14:36:53,car
2024-10-01 14:36:53,truck
2024-10-01 14:36:53,car
2024-10-01 14:36:53,motorcycle
2024-10-01 14:36:53,car
2024-10-01 14:36:53,motorcycle
2024-10-01 14:36:53,car
2024-10-01 14:36:53,car
2024-10-01 14:36:54,truck
2024-10-01 14:36:54,car
2024-10-01 14:36:54,car
2024-10-01 14:36:54,motorcycle
2024-10-01 14:36:54,car
2024-10-01 14:36:54,motorcycle
2024-10-01 14:36:54,motorcycle
2024-10-01 14:36:54,motorcycle
2024-10-01 14:36:54,car
2024-10-01 14:36:54,car
2024-10-01 14:36:54,motorcycle
2024-10-01 14:36:54,truck
2024-10-01 14:36:54,car
2024-10-01 14:36:54,car
2024-10-01 14:36:54,motorcycle
2024-10-01 14:36:54,car
2024-10-01 14:36:54,motorcycle
2024-10-01 14:36:54,motorcycle
2024-10-01 14:36:54,motorcycle
2024-10-01 14:36:54,car
2024-10-01 14:36:54,car
2024-10-01 14:36:54,car
2024-10-01 14:36:54,truck
2024-10-01 14:36:54,car
2024-10-01 14:36:54,motorcycle
2024-10-01 14:36:54,car
2024-10-01 14:36:54,motorcycle
2024-10-01 14:36:55,motorcycle
2024-10-01 14:36:55,car
2024-10-01 14:36:55,car
2024-10-01 14:36:55,truck
2024-10-01 14:36:55,car
2024-10-01 14:36:55,car
2024-10-01 14:36:55,motorcycle
2024-10-01 14:36:55,car
2024-10-01 14:36:55,motorcycle
2024-10-01 14:36:55,motorcycle
2024-10-01 14:36:55,motorcycle
2024-10-01 14:36:55,motorcycle
2024-10-01 14:39:28,car
2024-10-01 14:39:28,car
2024-10-01 14:39:28,car
2024-10-01 14:39:28,car
2024-10-01 14:39:28,car
2024-10-01 14:39:28,car
2024-10-01 14:39:28,car
2024-10-01 14:39:28,car
2024-10-01 14:39:28,car
2024-10-01 14:39:28,car
2024-10-01 14:39:28,car
2024-10-01 14:39:28,car
2024-10-01 14:39:28,car
2024-10-01 14:39:28,car
2024-10-01 14:39:28,car
2024-10-01 14:39:28,car
2024-10-01 14:39:28,car
2024-10-01 14:39:28,car
2024-10-01 14:39:28,car
2024-10-01 14:39:28,car
2024-10-01 14:39:28,car
2024-10-01 14:39:28,car
2024-10-01 14:39:28,car
2024-10-01 14:39:28,car
2024-10-01 14:39:28,car
2024-10-01 14:39:28,car
2024-10-01 14:39:28,car
2024-10-01 14:39:28,car
2024-10-01 14:39:28,car
2024-10-01 14:39:28,car
2024-10-01 14:39:28,car
2024-10-01 14:39:28,car
2024-10-01 14:39:28,car
2024-10-01 14:39:28,car
2024-10-01 14:39:28,car
2024-10-01 14:39:28,car
2024-10-01 14:39:28,car
2024-10-01 14:39:28,car
2024-10-01 14:39:28,car
2024-10-01 14:39:28,car
2024-10-01 14:39:28,car
2024-10-01 14:39:28,car
2024-10-01 14:39:29,car
2024-10-01 14:39:29,car
2024-10-01 14:39:29,car
2024-10-01 14:39:29,car
2024-10-01 14:39:29,car
2024-10-01 14:39:29,car
2024-10-01 14:39:29,car
2024-10-01 14:39:29,car
2024-10-01 14:39:29,car
2024-10-01 14:39:29,car
2024-10-01 14:39:29,car
2024-10-01 14:39:29,car
2024-10-01 14:39:29,car
2024-10-01 14:39:29,car
2024-10-01 14:39:29,car
2024-10-01 14:39:29,car
2024-10-01 14:39:29,car
2024-10-01 14:39:29,car
2024-10-01 14:39:29,car
2024-10-01 14:39:29,car
2024-10-01 14:39:29,car
2024-10-01 14:39:29,car
2024-10-01 14:39:29,car
2024-10-01 14:39:29,car
2024-10-01 14:39:29,car
2024-10-01 14:39:29,car
2024-10-01 14:39:29,car
2024-10-01 14:39:29,car
2024-10-01 14:39:29,car
2024-10-01 14:39:29,car
2024-10-01 14:39:29,car
2024-10-01 14:39:29,car
2024-10-01 14:39:29,car
2024-10-01 14:39:29,car
2024-10-01 14:39:29,car
2024-10-01 14:39:29,car
2024-10-01 14:39:29,car
2024-10-01 14:39:29,car
2024-10-01 14:39:29,car
2024-10-01 14:39:29,car
2024-10-01 14:39:29,car
2024-10-01 14:39:29,car
2024-10-01 14:39:29,car
2024-10-01 14:39:29,car
2024-10-01 14:39:29,car
2024-10-01 14:39:29,car
2024-10-01 14:39:30,car
2024-10-01 14:39:30,car
2024-10-01 14:39:30,car
2024-10-01 14:39:30,car
2024-10-01 14:39:30,car
2024-10-01 14:39:30,car
2024-10-01 14:39:30,car
2024-10-01 14:39:30,car
2024-10-01 14:39:30,car
2024-10-01 14:39:30,car
2024-10-01 14:39:30,car
2024-10-01 14:39:30,car
2024-10-01 14:39:30,car
2024-10-01 14:39:30,car
2024-10-01 14:39:30,car
2024-10-01 14:39:30,car
2024-10-01 14:39:30,car
2024-10-01 14:39:30,car
2024-10-01 14:39:30,car
2024-10-01 14:39:30,car
2024-10-01 14:39:30,car
2024-10-01 14:39:30,car
2024-10-01 14:39:30,car
2024-10-01 14:39:30,car
2024-10-01 14:39:31,car
2024-10-01 14:39:31,car
2024-10-01 14:39:31,car
2024-10-01 14:39:31,car
2024-10-01 14:39:31,car
2024-10-01 14:39:31,car
2024-10-01 14:39:31,car
2024-10-01 14:39:31,car
2024-10-01 14:39:31,car
2024-10-01 14:39:31,car
2024-10-01 14:39:31,car
2024-10-01 14:39:31,car
2024-10-01 14:39:31,car
2024-10-01 14:39:31,car
2024-10-01 14:39:31,car
2024-10-01 14:39:31,car
2024-10-01 14:39:31,car
2024-10-01 14:39:31,car
2024-10-01 14:39:31,car
2024-10-01 14:39:31,car
2024-10-01 14:39:31,car
2024-10-01 14:39:31,car
2024-10-01 14:39:31,car
2024-10-01 14:39:32,car
2024-10-01 14:39:32,car
2024-10-01 14:39:32,car
2024-10-01 14:39:32,car
2024-10-01 14:39:32,car
2024-10-01 14:39:32,car
2024-10-01 14:39:32,car
2024-10-01 14:39:32,car
2024-10-01 14:39:32,car
2024-10-01 14:39:32,car
2024-10-01 14:39:32,car
2024-10-01 14:39:32,car
2024-10-01 14:39:32,car
2024-10-01 14:39:32,car
2024-10-01 14:39:32,car
2024-10-01 14:39:32,car
2024-10-01 14:39:32,car
2024-10-01 14:39:32,car
2024-10-01 14:39:32,car
2024-10-01 14:39:32,car
2024-10-01 14:39:32,car
2024-10-01 14:39:32,car
2024-10-01 14:39:32,car
2024-10-01 14:39:33,car
2024-10-01 14:39:33,car
2024-10-01 14:39:33,car
2024-10-01 14:39:33,car
2024-10-01 14:39:33,car
2024-10-01 14:39:33,car
2024-10-01 14:39:33,car
2024-10-01 14:39:33,car
2024-10-01 14:39:33,car
2024-10-01 14:39:33,car
2024-10-01 14:39:33,car
2024-10-01 14:39:33,car
2024-10-01 14:39:33,car
2024-10-01 14:39:33,car
2024-10-01 14:39:33,car
2024-10-01 14:39:33,car
2024-10-01 14:39:33,car
2024-10-01 14:39:33,car
2024-10-01 14:39:33,car
2024-10-01 14:39:33,car
2024-10-01 14:39:33,car
2024-10-01 14:39:33,car
2024-10-01 14:39:33,car
2024-10-01 14:39:33,car
2024-10-01 14:39:33,car
2024-10-01 14:39:33,car
2024-10-01 14:39:33,car
2024-10-01 14:39:33,car
2024-10-01 14:39:33,car
2024-10-01 14:39:33,car
2024-10-01 14:39:33,car
2024-10-01 14:39:33,car
2024-10-01 14:39:33,car
2024-10-01 14:39:33,car
2024-10-01 14:39:33,car
2024-10-01 14:39:33,car
2024-10-01 14:39:34,car
2024-10-01 14:39:34,car
2024-10-01 14:39:34,car
2024-10-01 14:39:34,car
2024-10-01 14:39:34,car
2024-10-01 14:39:34,car
2024-10-01 14:39:34,car
2024-10-01 14:39:34,car
2024-10-01 14:39:34,car
2024-10-01 14:39:34,car
2024-10-01 14:39:34,car
2024-10-01 14:39:34,car
2024-10-01 14:39:34,car
2024-10-01 14:39:34,car
2024-10-01 14:39:34,car
2024-10-01 14:39:34,car
2024-10-01 14:39:34,car
2024-10-01 14:39:34,car
2024-10-01 14:39:34,car
2024-10-01 14:39:34,car
2024-10-01 14:39:34,motorcycle
2024-10-01 14:39:34,car
2024-10-01 14:39:34,car
2024-10-01 14:39:34,car
2024-10-01 14:39:34,car
2024-10-01 14:39:34,car
2024-10-01 14:39:34,car
2024-10-01 14:39:34,car
2024-10-01 14:39:34,car
2024-10-01 14:39:34,car
2024-10-01 14:39:34,car
2024-10-01 14:39:34,car
2024-10-01 14:39:34,motorcycle
2024-10-01 14:39:34,car
2024-10-01 14:39:34,car
2024-10-01 14:39:35,car
2024-10-01 14:39:35,car
2024-10-01 14:39:35,car
2024-10-01 14:39:35,car
2024-10-01 14:39:35,car
2024-10-01 14:39:35,car
2024-10-01 14:39:35,car
2024-10-01 14:39:35,car
2024-10-01 14:39:35,car
2024-10-01 14:39:35,car
2024-10-01 14:39:35,car
2024-10-01 14:39:35,car
2024-10-01 14:39:35,car
2024-10-01 14:39:35,car
2024-10-01 14:39:35,car
2024-10-01 14:39:35,car
2024-10-01 14:39:35,car
2024-10-01 14:39:35,car
2024-10-01 14:39:35,car
2024-10-01 14:39:35,car
2024-10-01 14:39:35,car
2024-10-01 14:39:35,car
2024-10-01 14:39:35,car
2024-10-01 14:39:35,car
2024-10-01 14:39:35,car
2024-10-01 14:39:35,car
2024-10-01 14:39:35,car
2024-10-01 14:39:35,car
2024-10-01 14:39:35,car
2024-10-01 14:39:35,car
2024-10-01 14:39:35,car
2024-10-01 14:39:35,car
2024-10-01 14:39:35,car
2024-10-01 14:39:35,car
2024-10-01 14:39:35,car
2024-10-01 14:39:35,car
2024-10-01 14:39:35,car
2024-10-01 14:39:35,car
2024-10-01 14:39:35,car
2024-10-01 14:39:35,car
2024-10-01 14:39:35,car
2024-10-01 14:39:35,car
2024-10-01 14:39:36,car
2024-10-01 14:39:36,car
2024-10-01 14:39:36,car
2024-10-01 14:39:36,motorcycle
2024-10-01 14:39:36,car
2024-10-01 14:39:36,car
2024-10-01 14:39:36,car
2024-10-01 14:39:36,car
2024-10-01 14:39:36,car
2024-10-01 14:39:36,car
2024-10-01 14:39:36,car
2024-10-01 14:39:36,car
2024-10-01 14:39:36,car
2024-10-01 14:39:36,car
2024-10-01 14:39:36,car
2024-10-01 14:39:36,motorcycle
2024-10-01 14:39:36,car
2024-10-01 14:39:36,car
2024-10-01 14:39:36,car
2024-10-01 14:39:36,car
2024-10-01 14:39:36,car
2024-10-01 14:39:36,car
2024-10-01 14:39:36,car
2024-10-01 14:39:36,car
2024-10-01 14:39:36,car
2024-10-01 14:39:36,car
2024-10-01 14:39:36,car
2024-10-01 14:39:36,motorcycle
2024-10-01 14:39:36,car
2024-10-01 14:39:36,car
2024-10-01 14:39:37,car
2024-10-01 14:39:37,car
2024-10-01 14:39:37,car
2024-10-01 14:39:37,car
2024-10-01 14:39:37,car
2024-10-01 14:39:37,car
2024-10-01 14:39:37,car
2024-10-01 14:39:37,car
2024-10-01 14:39:37,motorcycle
2024-10-01 14:39:37,car
2024-10-01 14:39:37,car
2024-10-01 14:39:37,car
2024-10-01 14:39:37,car
2024-10-01 14:39:37,car
2024-10-01 14:39:37,car
2024-10-01 14:39:37,car
2024-10-01 14:39:37,car
2024-10-01 14:39:37,car
2024-10-01 14:39:37,car
2024-10-01 14:39:37,car
2024-10-01 14:39:37,car
2024-10-01 14:39:37,car
2024-10-01 14:39:37,car
2024-10-01 14:39:37,motorcycle
2024-10-01 14:39:37,car
2024-10-01 14:39:37,car
2024-10-01 14:39:37,car
2024-10-01 14:39:37,car
2024-10-01 14:39:37,car
2024-10-01 14:39:37,car
2024-10-01 14:39:37,car
2024-10-01 14:39:37,car
2024-10-01 14:39:37,car
2024-10-01 14:39:37,car
2024-10-01 14:39:37,car
2024-10-01 14:39:37,motorcycle
2024-10-01 14:39:37,car
2024-10-01 14:39:38,car
2024-10-01 14:39:38,car
2024-10-01 14:39:38,car
2024-10-01 14:39:38,car
2024-10-01 14:39:38,car
2024-10-01 14:39:38,car
2024-10-01 14:39:38,car
2024-10-01 14:39:38,car
2024-10-01 14:39:38,car
2024-10-01 14:39:38,car
2024-10-01 14:39:38,motorcycle
2024-10-01 14:39:38,car
2024-10-01 14:39:38,car
2024-10-01 14:39:38,car
2024-10-01 14:39:38,car
2024-10-01 14:39:38,car
2024-10-01 14:39:38,car
2024-10-01 14:39:38,car
2024-10-01 14:39:38,car
2024-10-01 14:39:38,car
2024-10-01 14:39:38,car
2024-10-01 14:39:38,car
2024-10-01 14:39:38,motorcycle
2024-10-01 14:39:38,car
2024-10-01 14:39:38,car
2024-10-01 14:39:38,car
2024-10-01 14:39:38,car
2024-10-01 14:39:38,car
2024-10-01 14:39:38,car
2024-10-01 14:39:38,car
2024-10-01 14:39:38,car
2024-10-01 14:39:38,car
2024-10-01 14:39:38,car
2024-10-01 14:39:38,car
2024-10-01 14:39:38,car
2024-10-01 14:39:38,car
2024-10-01 14:39:38,car
2024-10-01 14:39:38,car
2024-10-01 14:39:38,car
2024-10-01 14:39:38,car
2024-10-01 14:39:38,car
2024-10-01 14:39:38,car
2024-10-01 14:39:38,car
2024-10-01 14:39:38,car
2024-10-01 14:39:38,car
2024-10-01 14:39:38,car
2024-10-01 14:39:38,car
2024-10-01 14:39:38,car
2024-10-01 14:39:38,car
2024-10-01 14:39:39,car
2024-10-01 14:39:39,car
2024-10-01 14:39:39,car
2024-10-01 14:39:39,car
2024-10-01 14:39:39,car
2024-10-01 14:39:39,car
2024-10-01 14:39:39,car
2024-10-01 14:39:39,car
2024-10-01 14:39:39,car
2024-10-01 14:39:39,car
2024-10-01 14:39:39,car
2024-10-01 14:39:39,car
2024-10-01 14:39:39,car
2024-10-01 14:39:39,car
2024-10-01 14:39:39,car
2024-10-01 14:39:39,car
2024-10-01 14:39:39,car
2024-10-01 14:39:39,car
2024-10-01 14:39:39,car
2024-10-01 14:39:39,car
2024-10-01 14:39:39,car
2024-10-01 14:39:39,car
2024-10-01 14:39:39,car
2024-10-01 14:39:39,car
2024-10-01 14:39:39,car
2024-10-01 14:39:39,car
2024-10-01 14:39:39,car
2024-10-01 14:39:39,car
2024-10-01 14:39:39,car
2024-10-01 14:39:39,car
2024-10-01 14:39:39,car
2024-10-01 14:39:39,car
2024-10-01 14:39:40,car
2024-10-01 14:39:40,car
2024-10-01 14:39:40,car
2024-10-01 14:39:40,car
2024-10-01 14:39:40,car
2024-10-01 14:39:40,car
2024-10-01 14:39:40,car
2024-10-01 14:39:40,car
2024-10-01 14:39:40,car
2024-10-01 14:39:40,car
2024-10-01 14:39:40,car
2024-10-01 14:39:40,car
2024-10-01 14:39:40,car
2024-10-01 14:39:40,car
2024-10-01 14:39:40,car
2024-10-01 14:39:40,car
2024-10-01 14:39:40,car
2024-10-01 14:39:40,car
2024-10-01 14:39:40,car
2024-10-01 14:39:40,car
2024-10-01 14:39:40,car
2024-10-01 14:39:41,car
2024-10-01 14:39:41,car
2024-10-01 14:39:41,car
2024-10-01 14:39:41,car
2024-10-01 14:39:41,car
2024-10-01 14:39:41,car
2024-10-01 14:39:41,car
2024-10-01 14:39:41,car
2024-10-01 14:39:41,car
2024-10-01 14:39:41,car
2024-10-01 14:39:41,car
2024-10-01 14:39:41,car
2024-10-01 14:39:41,car
2024-10-01 14:39:41,car
2024-10-01 14:39:41,car
2024-10-01 14:39:41,car
2024-10-01 14:39:41,car
2024-10-01 14:39:41,car
2024-10-01 14:39:41,car
2024-10-01 14:39:41,car
2024-10-01 14:39:41,car
2024-10-01 14:39:41,car
2024-10-01 14:39:41,car
2024-10-01 14:39:41,car
2024-10-01 14:39:41,car
2024-10-01 14:39:41,car
2024-10-01 14:39:41,car
2024-10-01 14:39:41,car
2024-10-01 14:39:41,car
2024-10-01 14:39:41,car
2024-10-01 14:39:41,car
2024-10-01 14:39:41,car
2024-10-01 14:39:42,car
2024-10-01 14:39:42,car
2024-10-01 14:39:42,car
2024-10-01 14:39:42,car
2024-10-01 14:39:42,car
2024-10-01 14:39:42,car
2024-10-01 14:39:42,car
2024-10-01 14:39:42,car
2024-10-01 14:39:42,car
2024-10-01 14:39:42,car
2024-10-01 14:39:42,car
2024-10-01 14:39:42,car
2024-10-01 14:39:42,car
2024-10-01 14:39:42,car
2024-10-01 14:39:42,car
2024-10-01 14:39:42,car
2024-10-01 14:39:42,car
2024-10-01 14:39:42,car
2024-10-01 14:39:42,car
2024-10-01 14:39:42,car
2024-10-01 14:39:43,car
2024-10-01 14:39:43,car
2024-10-01 14:39:43,car
2024-10-01 14:39:43,car
2024-10-01 14:39:43,car
2024-10-01 14:39:43,car
2024-10-01 14:39:43,car
2024-10-01 14:39:43,car
2024-10-01 14:39:43,car
2024-10-01 14:39:43,car
2024-10-01 14:39:43,car
2024-10-01 14:39:43,car
2024-10-01 14:39:43,car
2024-10-01 14:39:43,car
2024-10-01 14:39:43,car
2024-10-01 14:39:43,car
2024-10-01 14:39:43,car
2024-10-01 14:39:43,car
2024-10-01 14:39:43,truck
2024-10-01 14:39:43,car
2024-10-01 14:39:43,car
2024-10-01 14:39:43,car
2024-10-01 14:39:43,car
2024-10-01 14:39:43,car
2024-10-01 14:39:43,car
2024-10-01 14:39:43,car
2024-10-01 14:39:43,car
2024-10-01 14:39:43,car
2024-10-01 14:39:43,truck
2024-10-01 14:39:44,car
2024-10-01 14:39:44,car
2024-10-01 14:39:44,car
2024-10-01 14:39:44,car
2024-10-01 14:39:44,car
2024-10-01 14:39:44,car
2024-10-01 14:39:44,car
2024-10-01 14:39:44,car
2024-10-01 14:39:44,car
2024-10-01 14:39:44,car
2024-10-01 14:39:44,car
2024-10-01 14:39:44,car
2024-10-01 14:39:44,car
2024-10-01 14:39:44,car
2024-10-01 14:39:44,car
2024-10-01 14:39:44,car
2024-10-01 14:39:44,car
2024-10-01 14:39:44,car
2024-10-01 14:39:44,car
2024-10-01 14:39:44,car
2024-10-01 14:39:44,car
2024-10-01 14:39:44,car
2024-10-01 14:39:44,car
2024-10-01 14:39:44,car
2024-10-01 14:39:44,car
2024-10-01 14:39:44,car
2024-10-01 14:39:44,car
2024-10-01 14:39:44,car
2024-10-01 14:39:44,car
2024-10-01 14:39:44,car
2024-10-01 14:39:45,car
2024-10-01 14:39:45,car
2024-10-01 14:39:45,car
2024-10-01 14:39:45,car
2024-10-01 14:39:45,car
2024-10-01 14:39:45,car
2024-10-01 14:39:45,car
2024-10-01 14:39:45,car
2024-10-01 14:39:45,car
2024-10-01 14:39:45,car
2024-10-01 14:39:45,car
2024-10-01 14:39:45,car
2024-10-01 14:39:45,car
2024-10-01 14:39:45,car
2024-10-01 14:39:45,car
2024-10-01 14:39:45,car
2024-10-01 14:39:45,car
2024-10-01 14:39:45,car
2024-10-01 14:39:46,car
2024-10-01 14:39:46,car
2024-10-01 14:39:46,car
2024-10-01 14:39:46,car
2024-10-01 14:39:46,car
2024-10-01 14:39:46,car
2024-10-01 14:39:46,car
2024-10-01 14:39:46,car
2024-10-01 14:39:46,car
2024-10-01 14:39:46,car
2024-10-01 14:39:46,car
2024-10-01 14:39:46,car
2024-10-01 14:39:46,car
2024-10-01 14:39:46,car
2024-10-01 14:39:46,car
2024-10-01 14:39:46,car
2024-10-01 14:39:46,car
2024-10-01 14:39:46,car
2024-10-01 14:39:46,car
2024-10-01 14:39:46,car
2024-10-01 14:39:46,car
2024-10-01 14:39:47,car
2024-10-01 14:39:47,car
2024-10-01 14:39:47,car
2024-10-01 14:39:47,car
2024-10-01 14:39:47,car
2024-10-01 14:39:47,car
2024-10-01 14:39:47,car
2024-10-01 14:39:47,car
2024-10-01 14:39:47,car
2024-10-01 14:39:47,car
2024-10-01 14:39:47,car
2024-10-01 14:39:47,car
2024-10-01 14:39:47,car
2024-10-01 14:39:47,car
2024-10-01 14:39:47,car
2024-10-01 14:39:47,car
2024-10-01 14:39:47,car
2024-10-01 14:39:47,car
2024-10-01 14:39:47,car
2024-10-01 14:39:47,car
2024-10-01 14:39:47,car
2024-10-01 14:39:48,car
2024-10-01 14:39:48,car
2024-10-01 14:39:48,car
2024-10-01 14:39:48,car
2024-10-01 14:39:48,car
2024-10-01 14:39:48,car
2024-10-01 14:39:48,car
2024-10-01 14:39:48,car
2024-10-01 14:39:48,car
2024-10-01 14:39:48,car
2024-10-01 14:39:48,car
2024-10-01 14:39:48,car
2024-10-01 14:39:48,car
2024-10-01 14:39:48,car
2024-10-01 14:39:48,car
2024-10-01 14:39:48,car
2024-10-01 14:39:48,car
2024-10-01 14:39:48,car
2024-10-01 14:39:48,car
2024-10-01 14:39:48,car
2024-10-01 14:39:48,car
2024-10-01 14:39:48,car
2024-10-01 14:39:48,car
2024-10-01 14:39:48,car
2024-10-01 14:39:48,car
2024-10-01 14:39:48,car
2024-10-01 14:39:48,car
2024-10-01 14:39:48,car
2024-10-01 14:39:48,car
2024-10-01 14:39:48,car
2024-10-01 14:39:48,car
2024-10-01 14:39:48,car
2024-10-01 14:39:49,car
2024-10-01 14:39:49,car
2024-10-01 14:39:49,car
2024-10-01 14:39:49,car
2024-10-01 14:39:49,car
2024-10-01 14:39:49,car
2024-10-01 14:39:49,car
2024-10-01 14:39:49,car
2024-10-01 14:39:49,car
2024-10-01 14:39:49,car
2024-10-01 14:39:49,car
2024-10-01 14:39:49,car
2024-10-01 14:39:49,car
2024-10-01 14:39:49,car
2024-10-01 14:39:49,car
2024-10-01 14:39:49,car
2024-10-01 14:39:49,car
2024-10-01 14:39:49,car
2024-10-01 14:39:49,car
2024-10-01 14:39:49,car
2024-10-01 14:39:49,car
2024-10-01 14:39:49,car
2024-10-01 14:39:49,car
2024-10-01 14:39:49,car
2024-10-01 14:39:49,car
2024-10-01 14:39:49,car
2024-10-01 14:39:49,car
2024-10-01 14:39:49,car
2024-10-01 14:39:49,car
2024-10-01 14:39:49,car
2024-10-01 14:39:49,car
2024-10-01 14:39:49,car
2024-10-01 14:39:49,car
2024-10-01 14:39:49,car
2024-10-01 14:40:01,car
2024-10-01 14:40:01,car
2024-10-01 14:40:01,car
2024-10-01 14:40:01,car
2024-10-01 14:40:01,car
2024-10-01 14:40:01,car
2024-10-01 14:40:01,motorcycle
2024-10-01 14:40:01,car
2024-10-01 14:40:01,car
2024-10-01 14:40:01,car
2024-10-01 14:40:01,car
2024-10-01 14:40:01,motorcycle
2024-10-01 14:40:01,car
2024-10-01 14:40:01,car
2024-10-01 14:40:01,car
2024-10-01 14:40:01,car
2024-10-01 14:40:01,car
2024-10-01 14:40:01,motorcycle
2024-10-01 14:40:01,car
2024-10-01 14:40:02,car
2024-10-01 14:40:02,car
2024-10-01 14:40:02,car
2024-10-01 14:40:02,car
2024-10-01 14:40:02,motorcycle
2024-10-01 14:40:02,car
2024-10-01 14:40:02,car
2024-10-01 14:40:02,car
2024-10-01 14:40:02,car
2024-10-01 14:40:02,car
2024-10-01 14:40:02,car
2024-10-01 14:40:02,motorcycle
2024-10-01 14:40:02,car
2024-10-01 14:40:03,car
2024-10-01 14:40:03,car
2024-10-01 14:40:03,car
2024-10-01 14:40:03,motorcycle
2024-10-01 14:40:03,motorcycle
2024-10-01 14:40:03,car
2024-10-01 14:40:03,car
2024-10-01 14:40:03,car
2024-10-01 14:40:03,car
2024-10-01 14:40:03,car
2024-10-01 14:40:03,car
2024-10-01 14:40:03,car
2024-10-01 14:40:03,car
2024-10-01 14:40:03,car
2024-10-01 14:40:03,car
2024-10-01 14:40:03,car
2024-10-01 14:40:03,car
2024-10-01 14:40:03,motorcycle
2024-10-01 14:40:04,car
2024-10-01 14:40:04,car
2024-10-01 14:40:04,car
2024-10-01 14:40:04,motorcycle
2024-10-01 14:40:04,car
2024-10-01 14:40:04,car
2024-10-01 14:40:04,car
2024-10-01 14:40:04,car
2024-10-01 14:40:04,car
2024-10-01 14:40:04,car
2024-10-01 14:40:04,car
2024-10-01 14:40:04,car
2024-10-01 14:40:04,motorcycle
2024-10-01 14:40:04,car
2024-10-01 14:40:05,car
2024-10-01 14:40:05,car
2024-10-01 14:40:05,car
2024-10-01 14:40:05,car
2024-10-01 14:40:05,car
2024-10-01 14:40:05,car
2024-10-01 14:40:05,car
2024-10-01 14:40:05,motorcycle
2024-10-01 14:40:05,car
2024-10-01 14:40:05,car
2024-10-01 14:40:05,car
2024-10-01 14:40:05,car
2024-10-01 14:40:05,car
2024-10-01 14:40:05,motorcycle
2024-10-01 14:40:05,car
2024-10-01 14:40:05,car
2024-10-01 14:40:05,car
2024-10-01 14:40:05,car
2024-10-01 14:40:05,car
2024-10-01 14:40:06,car
2024-10-01 14:40:06,car
2024-10-01 14:40:06,car
2024-10-01 14:40:06,car
2024-10-01 14:40:06,car
2024-10-01 14:40:06,car
2024-10-01 14:40:06,car
2024-10-01 14:40:06,car
2024-10-01 14:40:06,car
2024-10-01 14:40:06,car
2024-10-01 14:40:06,car
2024-10-01 14:40:06,car
2024-10-01 14:40:06,car
2024-10-01 14:40:06,car
2024-10-01 14:40:06,motorcycle
2024-10-01 14:40:07,car
2024-10-01 14:40:07,car
2024-10-01 14:40:07,car
2024-10-01 14:40:07,car
2024-10-01 14:40:07,car
2024-10-01 14:40:07,car
2024-10-01 14:40:07,car
2024-10-01 14:40:07,car
2024-10-01 14:40:07,car
2024-10-01 14:40:08,car
2024-10-01 14:40:08,car
2024-10-01 14:40:08,car
2024-10-01 14:40:08,car
2024-10-01 14:40:08,car
2024-10-01 14:40:08,car
2024-10-01 14:40:08,car
2024-10-01 14:40:08,car
2024-10-01 14:40:08,car
2024-10-01 14:40:08,car
2024-10-01 14:40:08,car
2024-10-01 14:40:08,car
2024-10-01 14:40:08,car
2024-10-01 14:40:08,car
2024-10-01 14:40:08,motorcycle
2024-10-01 14:40:09,car
2024-10-01 14:40:09,car
2024-10-01 14:40:09,car
2024-10-01 14:40:09,car
2024-10-01 14:40:09,motorcycle
2024-10-01 14:40:09,car
2024-10-01 14:40:09,car
2024-10-01 14:40:09,car
2024-10-01 14:40:09,car
2024-10-01 14:40:09,motorcycle
2024-10-01 14:40:09,car
2024-10-01 14:40:09,car
2024-10-01 14:40:09,car
2024-10-01 14:40:09,car
2024-10-01 14:40:09,motorcycle
2024-10-01 14:40:10,car
2024-10-01 14:40:10,car
2024-10-01 14:40:10,car
2024-10-01 14:40:10,car
2024-10-01 14:40:10,car
2024-10-01 14:40:10,car
2024-10-01 14:40:10,car
2024-10-01 14:40:10,car
2024-10-01 14:40:10,motorcycle
2024-10-01 14:40:10,car
2024-10-01 14:40:10,car
2024-10-01 14:40:10,car
2024-10-01 14:40:10,car
2024-10-01 14:40:10,motorcycle
2024-10-01 14:40:10,motorcycle
2024-10-01 14:40:10,car
2024-10-01 14:40:10,car
2024-10-01 14:40:10,car
2024-10-01 14:40:10,car
2024-10-01 14:40:10,car
2024-10-01 14:40:11,car
2024-10-01 14:40:11,car
2024-10-01 14:40:11,car
2024-10-01 14:40:11,car
2024-10-01 14:40:11,car
2024-10-01 14:40:11,car
2024-10-01 14:40:11,motorcycle
2024-10-01 14:40:11,car
2024-10-01 14:40:11,car
2024-10-01 14:40:11,car
2024-10-01 14:40:11,car
2024-10-01 14:40:11,car
2024-10-01 14:40:11,car
2024-10-01 14:40:11,motorcycle
2024-10-01 14:40:11,car
2024-10-01 14:40:11,car
2024-10-01 14:40:11,car
2024-10-01 14:40:11,car
2024-10-01 14:40:11,car
2024-10-01 14:40:11,motorcycle
2024-10-01 14:40:11,car
2024-10-01 14:40:11,car
2024-10-01 14:40:12,car
2024-10-01 14:40:12,car
2024-10-01 14:40:12,car
2024-10-01 14:40:12,car
2024-10-01 14:40:12,motorcycle
2024-10-01 14:40:12,car
2024-10-01 14:40:12,car
2024-10-01 14:40:12,car
2024-10-01 14:40:12,car
2024-10-01 14:40:12,car
2024-10-01 14:40:12,motorcycle
2024-10-01 14:40:12,car
2024-10-01 14:40:13,car
2024-10-01 14:40:13,car
2024-10-01 14:40:13,car
2024-10-01 14:40:13,car
2024-10-01 14:40:13,car
2024-10-01 14:40:13,car
2024-10-01 14:40:13,car
2024-10-01 14:40:13,car
2024-10-01 14:40:13,car
2024-10-01 14:40:13,car
2024-10-01 14:40:13,car
2024-10-01 14:40:13,car
2024-10-01 14:40:13,car
2024-10-01 14:40:13,car
2024-10-01 14:40:13,car
2024-10-01 14:40:14,car
2024-10-01 14:40:14,car
2024-10-01 14:40:14,car
2024-10-01 14:40:14,car
2024-10-01 14:40:14,car
2024-10-01 14:40:14,car
2024-10-01 14:40:14,car
2024-10-01 14:40:14,car
2024-10-01 14:40:14,car
2024-10-01 14:40:14,car
2024-10-01 14:40:14,car
2024-10-01 14:40:14,car
2024-10-01 14:40:14,car
2024-10-01 14:40:14,car
2024-10-01 14:40:15,car
2024-10-01 14:40:15,car
2024-10-01 14:40:15,car
2024-10-01 14:40:15,car
2024-10-01 14:40:15,car
2024-10-01 14:40:15,car
2024-10-01 14:40:15,car
2024-10-01 14:40:15,car
2024-10-01 14:40:15,car
2024-10-01 14:40:15,car
2024-10-01 14:40:15,car
2024-10-01 14:40:15,car
2024-10-01 14:40:15,car
2024-10-01 14:40:15,car
2024-10-01 14:40:16,car
2024-10-01 14:40:16,car
2024-10-01 14:40:16,car
2024-10-01 14:40:16,car
2024-10-01 14:40:16,car
2024-10-01 14:40:16,car
2024-10-01 14:40:16,car
2024-10-01 14:40:16,car
2024-10-01 14:40:17,car
2024-10-01 14:40:17,car
2024-10-01 14:40:17,car
2024-10-01 14:40:17,car
2024-10-01 14:40:17,truck
2024-10-01 14:40:17,car
2024-10-01 14:40:17,car
2024-10-01 14:40:17,car
2024-10-01 14:40:17,car
2024-10-01 14:40:17,car
2024-10-01 14:40:17,car
2024-10-01 14:40:17,car
2024-10-01 14:40:17,car
2024-10-01 14:40:17,car
2024-10-01 14:40:17,car
2024-10-01 14:40:17,car
2024-10-01 14:40:17,car
2024-10-01 14:40:17,car
2024-10-01 14:40:17,car
2024-10-01 14:40:17,car
2024-10-01 14:40:18,car
2024-10-01 14:40:18,car
2024-10-01 14:40:18,car
2024-10-01 14:40:18,car
2024-10-01 14:40:18,car
2024-10-01 14:40:18,car
2024-10-01 14:40:18,car
2024-10-01 14:40:18,car
2024-10-01 14:40:18,car
2024-10-01 14:40:18,car
2024-10-01 14:40:18,car
2024-10-01 14:40:18,car
2024-10-01 14:40:18,car
2024-10-01 14:40:18,car
2024-10-01 14:40:19,car
2024-10-01 14:40:19,car
2024-10-01 14:40:19,car
2024-10-01 14:40:19,car
2024-10-01 14:40:19,car
2024-10-01 14:40:19,car
2024-10-01 14:40:19,car
2024-10-01 14:40:19,car
2024-10-01 14:40:19,car
2024-10-01 14:40:19,car
2024-10-01 14:40:19,car
2024-10-01 14:40:19,car
2024-10-01 14:40:19,car
2024-10-01 14:40:19,car
2024-10-01 14:40:19,car
2024-10-01 14:40:19,car
2024-10-01 14:40:20,car
2024-10-01 14:40:20,car
2024-10-01 14:40:20,car
2024-10-01 14:40:20,car
2024-10-01 14:40:20,car
2024-10-01 14:40:20,car
2024-10-01 14:40:20,car
2024-10-01 14:40:20,car
2024-10-01 14:40:20,car
2024-10-01 14:40:20,car
2024-10-01 14:40:20,car
2024-10-01 14:40:20,car
2024-10-01 14:40:20,motorcycle
2024-10-01 14:40:20,car
2024-10-01 14:40:21,car
2024-10-01 14:40:21,car
2024-10-01 14:40:21,car
2024-10-01 14:40:21,car
2024-10-01 14:40:21,motorcycle
2024-10-01 14:40:21,car
2024-10-01 14:40:21,car
2024-10-01 14:40:21,car
2024-10-01 14:40:21,car
2024-10-01 14:40:21,car
2024-10-01 14:40:21,car
2024-10-01 14:40:21,car
2024-10-01 14:40:21,car
2024-10-01 14:40:21,car
2024-10-01 14:40:21,car
2024-10-01 14:40:21,car
2024-10-01 14:40:21,car
2024-10-01 14:40:21,car
2024-10-01 14:40:22,car
2024-10-01 14:40:22,car
2024-10-01 14:40:22,car
2024-10-01 14:40:22,car
2024-10-01 14:40:22,car
2024-10-01 14:40:22,car
2024-10-01 14:40:22,car
2024-10-01 14:40:22,car
2024-10-01 14:40:22,car
2024-10-01 14:40:22,car
2024-10-01 14:40:22,car
2024-10-01 14:40:22,car
2024-10-01 14:40:22,car
2024-10-01 14:40:22,car
2024-10-01 14:40:22,car
2024-10-01 14:40:22,car
2024-10-01 14:40:28,car
2024-10-01 14:40:28,car
2024-10-01 14:40:28,car
2024-10-01 14:40:28,car
2024-10-01 14:40:28,car
2024-10-01 14:40:28,car
2024-10-01 14:40:28,car
2024-10-01 14:40:28,motorcycle
2024-10-01 14:40:28,car
2024-10-01 14:40:28,car
2024-10-01 14:40:28,car
2024-10-01 14:40:28,car
2024-10-01 14:40:28,car
2024-10-01 14:40:28,car
2024-10-01 14:40:28,car
2024-10-01 14:40:28,car
2024-10-01 14:40:29,car
2024-10-01 14:40:29,car
2024-10-01 14:40:29,car
2024-10-01 14:40:29,car
2024-10-01 14:40:29,car
2024-10-01 14:40:29,car
2024-10-01 14:40:29,car
2024-10-01 14:40:29,car
2024-10-01 14:40:29,car
2024-10-01 14:40:29,car
2024-10-01 14:40:29,car
2024-10-01 14:40:29,car
2024-10-01 14:40:29,car
2024-10-01 14:40:29,car
2024-10-01 14:40:29,car
2024-10-01 14:40:29,car
2024-10-01 14:40:29,car
2024-10-01 14:40:29,car
2024-10-01 14:40:29,car
2024-10-01 14:40:29,car
2024-10-01 14:40:29,car
2024-10-01 14:40:29,car
2024-10-01 14:40:30,car
2024-10-01 14:40:30,car
2024-10-01 14:40:30,car
2024-10-01 14:40:30,car
2024-10-01 14:40:30,car
2024-10-01 14:40:30,car
2024-10-01 14:40:30,car
2024-10-01 14:40:30,car
2024-10-01 14:40:30,car
2024-10-01 14:40:30,car
2024-10-01 14:40:30,car
2024-10-01 14:40:30,car
2024-10-01 14:40:30,car
2024-10-01 14:40:30,car
2024-10-01 14:40:30,car
2024-10-01 14:40:30,car
2024-10-01 14:40:30,car
2024-10-01 14:40:30,car
2024-10-01 14:40:30,car
2024-10-01 14:40:30,car
2024-10-01 14:40:30,car
2024-10-01 14:40:30,car
2024-10-01 14:40:30,car
2024-10-01 14:40:30,car
2024-10-01 14:40:30,car
2024-10-01 14:40:31,car
2024-10-01 14:40:31,car
2024-10-01 14:40:31,car
2024-10-01 14:40:31,car
2024-10-01 14:40:31,car
2024-10-01 14:40:31,car
2024-10-01 14:40:31,car
2024-10-01 14:40:31,car
2024-10-01 14:40:31,car
2024-10-01 14:40:31,car
2024-10-01 14:40:31,car
2024-10-01 14:40:31,truck
2024-10-01 14:40:31,car
2024-10-01 14:40:31,car
2024-10-01 14:40:31,car
2024-10-01 14:40:31,car
2024-10-01 14:40:31,truck
2024-10-01 14:40:31,car
2024-10-01 14:40:31,car
2024-10-01 14:40:31,car
2024-10-01 14:40:31,car
2024-10-01 14:40:31,truck
2024-10-01 14:40:31,car
2024-10-01 14:40:31,car
2024-10-01 14:40:31,car
2024-10-01 14:40:31,motorcycle
2024-10-01 14:40:31,car
2024-10-01 14:40:32,car
2024-10-01 14:40:32,truck
2024-10-01 14:40:32,car
2024-10-01 14:40:32,car
2024-10-01 14:40:32,car
2024-10-01 14:40:32,car
2024-10-01 14:40:32,motorcycle
2024-10-01 14:40:32,car
2024-10-01 14:40:32,car
2024-10-01 14:40:32,car
2024-10-01 14:40:32,truck
2024-10-01 14:40:32,car
2024-10-01 14:40:32,car
2024-10-01 14:40:32,car
2024-10-01 14:40:32,car
2024-10-01 14:40:32,motorcycle
2024-10-01 14:40:32,car
2024-10-01 14:40:32,truck
2024-10-01 14:40:32,car
2024-10-01 14:40:32,car
2024-10-01 14:40:32,car
2024-10-01 14:40:32,car
2024-10-01 14:40:32,car
2024-10-01 14:40:32,motorcycle
2024-10-01 14:40:33,car
2024-10-01 14:40:33,truck
2024-10-01 14:40:33,car
2024-10-01 14:40:33,car
2024-10-01 14:40:33,car
2024-10-01 14:40:33,car
2024-10-01 14:40:33,motorcycle
2024-10-01 14:40:33,car
2024-10-01 14:40:33,car
2024-10-01 14:40:33,truck
2024-10-01 14:40:33,car
2024-10-01 14:40:33,car
2024-10-01 14:40:33,car
2024-10-01 14:40:33,car
2024-10-01 14:40:33,motorcycle
2024-10-01 14:40:33,car
2024-10-01 14:40:33,car
2024-10-01 14:40:33,truck
2024-10-01 14:40:33,car
2024-10-01 14:40:33,car
2024-10-01 14:40:33,car
2024-10-01 14:40:33,car
2024-10-01 14:40:33,car
2024-10-01 14:40:34,car
2024-10-01 14:40:34,truck
2024-10-01 14:40:34,car
2024-10-01 14:40:34,car
2024-10-01 14:40:34,car
2024-10-01 14:40:34,car
2024-10-01 14:40:34,car
2024-10-01 14:40:34,car
2024-10-01 14:40:34,car
2024-10-01 14:40:34,truck
2024-10-01 14:40:34,car
2024-10-01 14:40:34,car
2024-10-01 14:40:34,car
2024-10-01 14:40:34,car
2024-10-01 14:40:34,car
2024-10-01 14:40:34,car
2024-10-01 14:40:34,truck
2024-10-01 14:40:34,car
2024-10-01 14:40:34,car
2024-10-01 14:40:34,car
2024-10-01 14:40:34,car
2024-10-01 14:40:34,car
2024-10-01 14:40:34,car
2024-10-01 14:40:34,car
2024-10-01 14:40:34,truck
2024-10-01 14:40:34,car
2024-10-01 14:40:34,car
2024-10-01 14:40:34,motorcycle
2024-10-01 14:40:35,car
2024-10-01 14:40:35,car
2024-10-01 14:40:35,car
2024-10-01 14:40:35,car
2024-10-01 14:40:35,truck
2024-10-01 14:40:35,car
2024-10-01 14:40:35,car
2024-10-01 14:40:35,car
2024-10-01 14:40:35,car
2024-10-01 14:40:35,car
2024-10-01 14:40:35,truck
2024-10-01 14:40:35,car
2024-10-01 14:40:35,car
2024-10-01 14:40:35,car
2024-10-01 14:40:35,car
2024-10-01 14:40:35,car
2024-10-01 14:40:35,car
2024-10-01 14:40:35,truck
2024-10-01 14:40:35,car
2024-10-01 14:40:35,car
2024-10-01 14:40:35,car
2024-10-01 14:40:36,car
2024-10-01 14:40:36,car
2024-10-01 14:40:36,car
2024-10-01 14:40:36,car
2024-10-01 14:40:36,truck
2024-10-01 14:40:36,car
2024-10-01 14:40:36,car
2024-10-01 14:40:36,car
2024-10-01 14:40:36,car
2024-10-01 14:40:36,car
2024-10-01 14:40:36,car
2024-10-01 14:40:36,truck
2024-10-01 14:40:36,car
2024-10-01 14:40:36,car
2024-10-01 14:40:36,car
2024-10-01 14:40:37,car
2024-10-01 14:40:37,car
2024-10-01 14:40:37,car
2024-10-01 14:40:37,car
2024-10-01 14:40:37,truck
2024-10-01 14:40:37,car
2024-10-01 14:40:37,car
2024-10-01 14:40:37,car
2024-10-01 14:40:37,car
2024-10-01 14:40:37,car
2024-10-01 14:40:37,car
2024-10-01 14:40:37,car
2024-10-01 14:40:37,truck
2024-10-01 14:40:37,car
2024-10-01 14:40:37,car
2024-10-01 14:40:37,car
2024-10-01 14:40:37,car
2024-10-01 14:40:37,car
2024-10-01 14:40:37,car
2024-10-01 14:40:37,truck
2024-10-01 14:40:37,car
2024-10-01 14:40:37,car
2024-10-01 14:40:37,car
2024-10-01 14:40:37,car
2024-10-01 14:40:38,car
2024-10-01 14:40:38,car
2024-10-01 14:40:38,car
2024-10-01 14:40:38,truck
2024-10-01 14:40:38,car
2024-10-01 14:40:38,car
2024-10-01 14:40:38,car
2024-10-01 14:40:38,car
2024-10-01 14:40:38,car
2024-10-01 14:40:38,car
2024-10-01 14:40:38,car
2024-10-01 14:40:38,car
2024-10-01 14:40:38,car
2024-10-01 14:40:38,truck
2024-10-01 14:40:38,car
2024-10-01 14:40:38,motorcycle
2024-10-01 14:40:39,car
2024-10-01 14:40:39,car
2024-10-01 14:40:39,car
2024-10-01 14:40:39,truck
2024-10-01 14:40:39,car
2024-10-01 14:40:39,car
2024-10-01 14:40:39,car
2024-10-01 14:40:39,car
2024-10-01 14:40:39,car
2024-10-01 14:40:39,car
2024-10-01 14:40:39,car
2024-10-01 14:40:39,car
2024-10-01 14:40:39,car
2024-10-01 14:40:39,car
2024-10-01 14:40:39,car
2024-10-01 14:40:39,motorcycle
2024-10-01 14:40:40,car
2024-10-01 14:40:40,car
2024-10-01 14:40:40,car
2024-10-01 14:40:40,car
2024-10-01 14:40:40,car
2024-10-01 14:40:40,car
2024-10-01 14:40:40,car
2024-10-01 14:40:40,motorcycle
2024-10-01 14:40:40,motorcycle
2024-10-01 14:40:45,car
2024-10-01 14:40:45,car
2024-10-01 14:40:45,car
2024-10-01 14:40:45,car
2024-10-01 14:40:46,car
2024-10-01 14:40:46,car
2024-10-01 14:40:46,car
2024-10-01 14:40:46,car
2024-10-01 14:40:46,car
2024-10-01 14:40:46,car
2024-10-01 14:40:46,car
2024-10-01 14:40:46,car
2024-10-01 14:40:46,car
2024-10-01 14:40:46,car
2024-10-01 14:40:46,car
2024-10-01 14:40:46,car
2024-10-01 14:40:46,car
2024-10-01 14:40:46,car
2024-10-01 14:40:46,car
2024-10-01 14:40:47,car
2024-10-01 14:40:47,car
2024-10-01 14:40:47,car
2024-10-01 14:40:47,car
2024-10-01 14:40:47,car
2024-10-01 14:40:47,car
2024-10-01 14:40:47,car
2024-10-01 14:40:47,car
2024-10-01 14:40:47,car
2024-10-01 14:40:47,car
2024-10-01 14:40:47,car
2024-10-01 14:40:47,car
2024-10-01 14:40:47,car
2024-10-01 14:40:47,car
2024-10-01 14:40:47,car
2024-10-01 14:40:47,car
2024-10-01 14:40:48,car
2024-10-01 14:40:48,car
2024-10-01 14:40:48,car
2024-10-01 14:40:48,car
2024-10-01 14:40:48,car
2024-10-01 14:40:48,car
2024-10-01 14:40:52,car
2024-10-01 14:40:52,car
2024-10-01 14:40:52,car
2024-10-01 14:40:53,car
2024-10-01 14:40:53,car
2024-10-01 14:40:53,car
2024-10-01 14:40:54,car
2024-10-01 14:40:54,car
2024-10-01 14:40:54,car
2024-10-01 14:40:54,car
2024-10-01 14:40:54,car
2024-10-01 14:40:54,car
2024-10-01 14:40:55,car
2024-10-01 14:40:55,car
2024-10-01 14:40:57,car
2024-10-01 14:40:57,car
2024-10-01 14:40:57,car
2024-10-01 14:40:58,car
2024-10-01 14:40:58,car
2024-10-01 14:40:59,car
2024-10-01 14:40:59,car
2024-10-01 14:40:59,car
2024-10-01 14:41:00,car
2024-10-01 14:41:00,car
2024-10-01 14:41:00,car
2024-10-01 14:41:00,car
2024-10-01 14:41:01,car
2024-10-01 14:41:01,car
2024-10-01 14:41:01,car
2024-10-01 14:41:01,car
2024-10-01 14:41:01,car
2024-10-01 14:41:02,car
2024-10-01 14:41:02,car
2024-10-01 14:41:02,car
2024-10-01 14:41:02,car
2024-10-01 14:41:02,car
2024-10-01 14:41:02,car
2024-10-01 14:41:02,car
2024-10-01 14:41:03,car
2024-10-01 14:41:03,car
2024-10-01 14:41:03,motorcycle
2024-10-01 14:41:03,car
2024-10-01 14:41:03,car
2024-10-01 14:41:03,car
2024-10-01 14:41:04,car
2024-10-01 14:41:04,car
2024-10-01 14:41:05,car
2024-10-01 14:41:05,car
2024-10-01 14:41:06,car
2024-10-01 14:41:06,car
2024-10-01 14:41:06,car
2024-10-01 14:41:06,car
2024-10-01 14:41:06,motorcycle
2024-10-01 14:41:06,car
2024-10-01 14:41:06,car
2024-10-01 14:41:06,motorcycle
2024-10-01 14:41:06,car
2024-10-01 14:41:07,car
2024-10-01 14:41:07,car
2024-10-01 14:41:07,car
2024-10-01 14:41:08,car
2024-10-01 14:41:09,car
2024-10-01 14:41:13,car
2024-10-01 14:41:13,car
2024-10-01 14:41:13,car
2024-10-01 14:41:13,car
2024-10-01 14:41:13,car
2024-10-01 14:41:14,car
2024-10-01 14:41:14,car
2024-10-01 14:41:14,car
2024-10-01 14:41:14,car
2024-10-01 14:41:14,car
2024-10-01 14:41:14,car
2024-10-01 14:41:14,car
2024-10-01 14:41:14,car
2024-10-01 14:41:14,car
2024-10-01 14:41:14,car
2024-10-01 14:41:14,car
2024-10-01 14:41:14,car
2024-10-01 14:41:14,car
2024-10-01 14:41:14,car
2024-10-01 14:41:14,car
2024-10-01 14:41:14,car
2024-10-01 14:41:14,car
2024-10-01 14:41:14,car
2024-10-01 14:41:14,car
2024-10-01 14:41:14,car
2024-10-01 14:41:14,car
2024-10-01 14:41:14,car
2024-10-01 14:41:14,car
2024-10-01 14:41:14,car
2024-10-01 14:41:15,car
2024-10-01 14:41:15,car
2024-10-01 14:41:15,car
2024-10-01 14:41:15,car
2024-10-01 14:41:15,car
2024-10-01 14:41:15,car
2024-10-01 14:41:15,car
2024-10-01 14:41:15,car
2024-10-01 14:41:15,car
2024-10-01 14:41:15,car
2024-10-01 14:41:15,car
2024-10-01 14:41:15,car
2024-10-01 14:41:15,car
2024-10-01 14:41:15,car
2024-10-01 14:41:15,car
2024-10-01 14:41:15,car
2024-10-01 14:41:15,car
2024-10-01 14:41:15,car
2024-10-01 14:41:15,car
2024-10-01 14:41:15,car
2024-10-01 14:41:15,motorcycle
2024-10-01 14:41:16,car
2024-10-01 14:41:16,car
2024-10-01 14:41:16,car
2024-10-01 14:41:16,car
2024-10-01 14:41:16,car
2024-10-01 14:41:16,car
2024-10-01 14:41:16,car
2024-10-01 14:41:16,car
2024-10-01 14:41:16,car
2024-10-01 14:41:16,car
2024-10-01 14:41:16,car
2024-10-01 14:41:16,car
2024-10-01 14:41:16,car
2024-10-01 14:41:16,car
2024-10-01 14:41:21,truck
2024-10-01 14:41:21,car
2024-10-01 14:41:21,truck
2024-10-01 14:41:21,car
2024-10-01 14:41:21,truck
2024-10-01 14:41:21,car
2024-10-01 14:41:21,car
2024-10-01 14:41:22,truck
2024-10-01 14:41:22,car
2024-10-01 14:41:22,car
2024-10-01 14:41:22,truck
2024-10-01 14:41:22,car
2024-10-01 14:41:22,car
2024-10-01 14:41:22,truck
2024-10-01 14:41:22,car
2024-10-01 14:41:22,truck
2024-10-01 14:41:22,car
2024-10-01 14:41:23,truck
2024-10-01 14:41:23,car
2024-10-01 14:41:23,car
2024-10-01 14:41:23,truck
2024-10-01 14:41:23,car
2024-10-01 14:41:23,truck
2024-10-01 14:41:24,truck
2024-10-01 14:41:24,car
2024-10-01 14:41:24,truck
2024-10-01 14:41:24,car
2024-10-01 14:41:24,car
2024-10-01 14:41:24,car
2024-10-01 14:41:24,car
2024-10-01 14:41:24,truck
2024-10-01 14:41:24,car
2024-10-01 14:41:24,car
2024-10-01 14:41:25,truck
2024-10-01 14:41:25,car
2024-10-01 14:41:25,truck
2024-10-01 14:41:25,car
2024-10-01 14:41:25,truck
2024-10-01 14:41:25,car
2024-10-01 14:41:25,car
2024-10-01 14:41:25,car
2024-10-01 14:41:25,car
2024-10-01 14:41:25,truck
2024-10-01 14:41:25,car
2024-10-01 14:43:22,car
2024-10-01 14:43:22,car
2024-10-01 14:43:22,truck
2024-10-01 14:43:22,car
2024-10-01 14:43:22,car
2024-10-01 14:43:22,truck
2024-10-01 14:43:23,car
2024-10-01 14:43:23,car
2024-10-01 14:43:23,truck
2024-10-01 14:43:23,car
2024-10-01 14:43:23,car
2024-10-01 14:43:23,car
2024-10-01 14:43:23,car
2024-10-01 14:43:23,car
2024-10-01 14:43:23,car
2024-10-01 14:43:23,car
2024-10-01 14:43:24,car
2024-10-01 14:43:24,car
2024-10-01 14:43:24,car
2024-10-01 14:43:24,car
2024-10-01 14:43:24,car
2024-10-01 14:43:24,car
2024-10-01 14:43:24,car
2024-10-01 14:43:24,car
2024-10-01 14:43:24,car
2024-10-01 14:43:25,car
2024-10-01 14:43:25,car
2024-10-01 14:43:25,car
2024-10-01 14:43:25,car
2024-10-01 14:43:25,car
2024-10-01 14:43:25,car
2024-10-01 14:43:26,car
2024-10-01 14:43:26,car
2024-10-01 14:43:26,car
2024-10-01 14:43:26,car
2024-10-01 14:43:26,car
2024-10-01 14:43:26,car
2024-10-01 14:43:30,car
2024-10-01 14:43:30,car
2024-10-01 14:43:31,car
2024-10-01 14:43:31,car
2024-10-01 14:43:31,car
2024-10-01 14:43:31,car
2024-10-01 14:43:31,car
2024-10-01 14:43:32,car
2024-10-01 14:43:32,car
2024-10-01 14:43:32,car
2024-10-01 14:43:32,car
2024-10-01 14:43:32,car
2024-10-01 14:43:33,car
2024-10-01 14:43:33,car
2024-10-01 14:43:33,car
2024-10-01 14:43:33,car
2024-10-01 14:43:33,car
2024-10-01 14:43:33,car
2024-10-01 14:43:33,car
2024-10-01 14:43:33,car
2024-10-01 14:43:33,car
2024-10-01 14:43:33,car
2024-10-01 14:43:33,car
2024-10-01 14:43:33,car
2024-10-01 14:43:33,car
2024-10-01 14:43:33,car
2024-10-01 14:43:33,car
2024-10-01 14:43:33,car
2024-10-01 14:43:34,car
2024-10-01 14:43:34,car
2024-10-01 14:43:34,car
2024-10-01 14:43:34,car
2024-10-01 14:43:34,car
2024-10-01 14:43:38,truck
2024-10-01 14:43:38,car
2024-10-01 14:43:38,car
2024-10-01 14:43:38,truck
2024-10-01 14:43:38,motorcycle
2024-10-01 14:43:38,car
2024-10-01 14:43:38,car
2024-10-01 14:43:38,truck
2024-10-01 14:43:38,car
2024-10-01 14:43:38,car
2024-10-01 14:43:38,truck
2024-10-01 14:43:38,car
2024-10-01 14:43:38,truck
2024-10-01 14:43:38,car
2024-10-01 14:43:38,car
2024-10-01 14:43:38,motorcycle
2024-10-01 14:43:39,truck
2024-10-01 14:43:39,car
2024-10-01 14:43:39,truck
2024-10-01 14:43:39,car
2024-10-01 14:43:39,truck
2024-10-01 14:43:39,car
2024-10-01 14:43:39,truck
2024-10-01 14:43:39,car
2024-10-01 14:43:44,car
2024-10-01 14:43:44,car
2024-10-01 14:43:44,car
2024-10-01 14:43:44,car
2024-10-01 14:43:44,car
2024-10-01 14:43:44,car
2024-10-01 14:43:44,car
2024-10-01 14:43:44,car
2024-10-01 14:43:44,car
2024-10-01 14:43:44,car
2024-10-01 14:43:44,car
2024-10-01 14:43:44,car
2024-10-01 14:43:44,car
2024-10-01 14:43:44,car
2024-10-01 14:43:44,car
2024-10-01 14:43:44,car
2024-10-01 14:43:44,car
2024-10-01 14:43:44,car
2024-10-01 14:43:44,car
2024-10-01 14:43:44,car
2024-10-01 14:43:44,car
2024-10-01 14:43:45,car
2024-10-01 14:43:45,car
2024-10-01 14:43:45,car
2024-10-01 14:43:45,car
2024-10-01 14:43:45,car
2024-10-01 14:43:45,car
2024-10-01 14:43:49,car
2024-10-01 14:43:49,car
2024-10-01 14:43:49,car
2024-10-01 14:43:49,car
2024-10-01 14:43:49,car
2024-10-01 14:43:49,car
2024-10-01 14:43:49,car
2024-10-01 14:43:49,car
2024-10-01 14:43:49,car
2024-10-01 14:43:49,car
2024-10-01 14:43:49,car
2024-10-01 14:43:49,car
2024-10-01 14:43:49,car
2024-10-01 14:43:49,car
2024-10-01 14:43:49,car
2024-10-01 14:43:49,car
2024-10-01 14:43:49,car
2024-10-01 14:43:49,car
2024-10-01 14:43:49,car
2024-10-01 14:43:49,car
2024-10-01 14:43:49,car
2024-10-01 14:43:49,car
2024-10-01 14:43:49,car
2024-10-01 14:43:49,car
2024-10-01 14:43:49,car
2024-10-01 14:43:49,car
2024-10-01 14:43:49,car
2024-10-01 14:43:49,car
2024-10-01 14:43:50,car
2024-10-01 14:43:50,car
2024-10-01 14:43:50,car
2024-10-01 14:43:50,car
2024-10-01 14:43:50,car
2024-10-01 14:43:50,car
2024-10-01 14:43:50,car
2024-10-01 14:43:50,car
2024-10-01 14:43:50,car
2024-10-01 14:43:50,car
2024-10-01 14:43:50,car
2024-10-01 14:43:50,car
2024-10-01 14:43:50,car
2024-10-01 14:43:50,car
2024-10-01 14:43:50,car
2024-10-01 14:43:50,car
2024-10-01 14:43:50,car
2024-10-01 14:43:50,car
2024-10-01 14:43:50,car
2024-10-01 14:43:50,car
2024-10-01 14:43:50,car
2024-10-01 14:43:50,car
2024-10-01 14:43:50,car
2024-10-01 14:43:50,car
2024-10-01 14:43:50,car
2024-10-01 14:43:51,car
2024-10-01 14:43:51,car
2024-10-01 14:43:51,car
2024-10-01 14:43:51,car
2024-10-01 14:43:51,car
2024-10-01 14:43:51,car
2024-10-01 14:43:51,car
2024-10-01 14:43:51,car
2024-10-01 14:43:51,car
2024-10-01 14:43:51,car
2024-10-01 14:43:51,car
2024-10-01 14:43:51,car
2024-10-01 14:43:51,car
2024-10-01 14:43:51,car
2024-10-01 14:43:51,car
2024-10-01 14:43:51,car
2024-10-01 14:43:51,car
2024-10-01 14:43:51,car
2024-10-01 14:43:51,car
2024-10-01 14:43:51,car
2024-10-01 14:43:51,car
2024-10-01 14:43:52,car
2024-10-01 14:43:52,car
2024-10-01 14:43:52,car
2024-10-01 14:43:52,car
2024-10-01 14:43:52,car
2024-10-01 14:43:52,car
2024-10-01 14:43:52,car
2024-10-01 14:43:52,car
2024-10-01 14:43:52,car
2024-10-01 14:43:52,car
2024-10-01 14:43:52,car
2024-10-01 14:43:52,car
2024-10-01 14:43:52,car
2024-10-01 14:43:52,car
2024-10-01 14:43:52,car
2024-10-01 14:43:52,car
2024-10-01 14:43:53,car
2024-10-01 14:43:53,car
2024-10-01 14:43:53,car
2024-10-01 14:43:53,car
2024-10-01 14:43:53,car
2024-10-01 14:43:53,car
2024-10-01 14:43:53,car
2024-10-01 14:43:53,car
2024-10-01 14:43:53,car
2024-10-01 14:43:53,car
2024-10-01 14:43:53,car
2024-10-01 14:43:53,car
2024-10-01 14:43:53,car
2024-10-01 14:43:53,car
2024-10-01 14:43:53,car
2024-10-01 14:43:53,car
2024-10-01 14:43:53,car
2024-10-01 14:43:53,car
2024-10-01 14:43:53,car
2024-10-01 14:43:53,car
2024-10-01 14:43:53,car
2024-10-01 14:43:54,car
2024-10-01 14:43:54,car
2024-10-01 14:43:54,car
2024-10-01 14:43:54,car
2024-10-01 14:43:54,car
2024-10-01 14:43:54,car
2024-10-01 14:43:54,car
2024-10-01 14:43:54,car
2024-10-01 14:43:54,car
2024-10-01 14:43:54,car
2024-10-01 14:43:54,car
2024-10-01 14:43:54,car
2024-10-01 14:43:54,car
2024-10-01 14:43:54,car
2024-10-01 14:43:54,car
2024-10-01 14:43:54,car
2024-10-01 14:43:54,car
2024-10-01 14:43:54,car
2024-10-01 14:43:54,car
2024-10-01 14:43:54,car
2024-10-01 14:43:54,truck
2024-10-01 14:43:55,car
2024-10-01 14:43:55,car
2024-10-01 14:43:55,car
2024-10-01 14:43:55,car
2024-10-01 14:43:55,car
2024-10-01 14:43:55,car
2024-10-01 14:43:55,car
2024-10-01 14:43:55,car
2024-10-01 14:43:55,car
2024-10-01 14:43:55,car
2024-10-01 14:43:55,car
2024-10-01 14:43:55,car
2024-10-01 14:43:55,car
2024-10-01 14:43:55,car
2024-10-01 14:43:55,car
2024-10-01 14:43:55,car
2024-10-01 14:43:55,car
2024-10-01 14:43:55,car
2024-10-01 14:43:55,car
2024-10-01 14:43:55,car
2024-10-01 14:43:55,car
2024-10-01 14:43:55,car
2024-10-01 14:43:56,car
2024-10-01 14:43:56,car
2024-10-01 14:43:56,car
2024-10-01 14:43:56,car
2024-10-01 14:43:56,car
2024-10-01 14:43:56,car
2024-10-01 14:43:56,car
2024-10-01 14:43:56,car
2024-10-01 14:43:56,car
2024-10-01 14:43:56,car
2024-10-01 14:43:56,car
2024-10-01 14:43:56,car
2024-10-01 14:43:56,car
2024-10-01 14:43:56,car
2024-10-01 14:43:56,car
2024-10-01 14:43:56,car
2024-10-01 14:43:56,car
2024-10-01 14:43:57,car
2024-10-01 14:43:57,car
2024-10-01 14:43:57,car
2024-10-01 14:43:57,car
2024-10-01 14:43:57,car
2024-10-01 14:43:57,car
2024-10-01 14:43:57,car
2024-10-01 14:43:57,car
2024-10-01 14:43:57,car
2024-10-01 14:43:57,car
2024-10-01 14:43:57,car
2024-10-01 14:43:57,car
2024-10-01 14:43:57,car
2024-10-01 14:43:57,car
2024-10-01 14:43:57,car
2024-10-01 14:43:57,car
2024-10-01 14:43:57,car
2024-10-01 14:43:57,car
2024-10-01 14:43:57,car
2024-10-01 14:43:58,car
2024-10-01 14:43:58,car
2024-10-01 14:43:58,car
2024-10-01 14:43:58,car
2024-10-01 14:43:58,car
2024-10-01 14:43:58,car
2024-10-01 14:43:58,car
2024-10-01 14:43:58,car
2024-10-01 14:43:58,car
2024-10-01 14:43:58,car
2024-10-01 14:43:58,car
2024-10-01 14:43:58,car
2024-10-01 14:43:58,car
2024-10-01 14:43:58,car
2024-10-01 14:43:58,car
2024-10-01 14:43:58,car
2024-10-01 14:43:58,motorcycle
2024-10-01 14:43:58,car
2024-10-01 14:43:58,car
2024-10-01 14:43:58,car
2024-10-01 14:43:58,car
2024-10-01 14:43:58,car
2024-10-01 14:43:59,car
2024-10-01 14:43:59,car
2024-10-01 14:43:59,car
2024-10-01 14:43:59,car
2024-10-01 14:43:59,car
2024-10-01 14:43:59,car
2024-10-01 14:43:59,car
2024-10-01 14:43:59,car
2024-10-01 14:43:59,car
2024-10-01 14:43:59,car
2024-10-01 14:43:59,car
2024-10-01 14:43:59,car
2024-10-01 14:43:59,car
2024-10-01 14:44:00,car
2024-10-01 14:44:00,car
2024-10-01 14:44:00,car
2024-10-01 14:44:00,car
2024-10-01 14:44:00,car
2024-10-01 14:44:00,car
2024-10-01 14:44:00,car
2024-10-01 14:44:00,car
2024-10-01 14:44:00,car
2024-10-01 14:44:00,car
2024-10-01 14:44:00,car
2024-10-01 14:44:00,car
2024-10-01 14:44:00,motorcycle
2024-10-01 14:44:00,car
2024-10-01 14:44:00,car
2024-10-01 14:44:00,car
2024-10-01 14:44:00,car
2024-10-01 14:44:00,car
2024-10-01 14:44:00,car
2024-10-01 14:44:01,car
2024-10-01 14:44:01,car
2024-10-01 14:44:01,car
2024-10-01 14:44:01,car
2024-10-01 14:44:01,car
2024-10-01 14:44:01,car
2024-10-01 14:44:01,car
2024-10-01 14:44:01,car
2024-10-01 14:44:01,car
2024-10-01 14:44:01,car
2024-10-01 14:44:01,car
2024-10-01 14:44:01,car
2024-10-01 14:44:01,car
2024-10-01 14:44:01,car
2024-10-01 14:44:01,car
2024-10-01 14:44:02,car
2024-10-01 14:44:02,car
2024-10-01 14:44:02,car
2024-10-01 14:44:02,car
2024-10-01 14:44:02,car
2024-10-01 14:44:02,car
2024-10-01 14:44:02,car
2024-10-01 14:44:02,car
2024-10-01 14:44:02,car
2024-10-01 14:44:02,car
2024-10-01 14:44:02,motorcycle
2024-10-01 14:44:02,car
2024-10-01 14:44:02,car
2024-10-01 14:44:02,car
2024-10-01 14:44:02,car
2024-10-01 14:44:02,car
2024-10-01 14:44:03,car
2024-10-01 14:44:03,car
2024-10-01 14:44:03,car
2024-10-01 14:44:03,car
2024-10-01 14:44:03,car
2024-10-01 14:44:03,car
2024-10-01 14:44:03,car
2024-10-01 14:44:03,car
2024-10-01 14:44:03,car
2024-10-01 14:44:03,car
2024-10-01 14:44:03,car
2024-10-01 14:44:03,car
2024-10-01 14:44:03,car
2024-10-01 14:44:03,car
2024-10-01 14:44:03,car
2024-10-01 14:44:04,car
2024-10-01 14:44:04,car
2024-10-01 14:44:04,car
2024-10-01 14:44:04,car
2024-10-01 14:44:04,car
2024-10-01 14:44:04,motorcycle
2024-10-01 14:44:04,car
2024-10-01 14:44:04,car
2024-10-01 14:44:04,car
2024-10-01 14:44:04,car
2024-10-01 14:44:04,car
2024-10-01 14:44:04,car
2024-10-01 14:44:04,car
2024-10-01 14:44:04,car
2024-10-01 14:44:04,car
2024-10-01 14:44:04,motorcycle
2024-10-01 14:44:05,car
2024-10-01 14:44:05,car
2024-10-01 14:44:05,car
2024-10-01 14:44:05,car
2024-10-01 14:44:05,car
2024-10-01 14:44:05,car
2024-10-01 14:44:05,car
2024-10-01 14:44:05,car
2024-10-01 14:44:05,car
2024-10-01 14:44:05,car
2024-10-01 14:44:05,car
2024-10-01 14:44:05,car
2024-10-01 14:44:05,car
2024-10-01 14:44:05,car
2024-10-01 14:44:06,car
2024-10-01 14:44:06,car
2024-10-01 14:44:06,car
2024-10-01 14:44:06,car
2024-10-01 14:44:06,car
2024-10-01 14:44:06,car
2024-10-01 14:44:06,car
2024-10-01 14:44:06,car
2024-10-01 14:44:06,car
2024-10-01 14:44:06,car
2024-10-01 14:44:06,car
2024-10-01 14:44:06,car
2024-10-01 14:44:06,car
2024-10-01 14:44:06,car
2024-10-01 14:44:06,car
2024-10-01 14:44:06,car
2024-10-01 14:44:06,car
2024-10-01 14:44:06,car
2024-10-01 14:44:07,car
2024-10-01 14:44:07,car
2024-10-01 14:44:07,car
2024-10-01 14:44:07,car
2024-10-01 14:44:07,car
2024-10-01 14:44:07,car
2024-10-01 14:44:07,car
2024-10-01 14:44:07,car
2024-10-01 14:44:07,car
2024-10-01 14:44:07,car
2024-10-01 14:44:07,car
2024-10-01 14:44:07,car
2024-10-01 14:44:07,car
2024-10-01 14:44:07,car
2024-10-01 14:44:07,car
2024-10-01 14:44:07,car
2024-10-01 14:44:08,car
2024-10-01 14:44:08,car
2024-10-01 14:44:08,car
2024-10-01 14:44:08,car
2024-10-01 14:44:08,car
2024-10-01 14:44:08,car
2024-10-01 14:44:08,car
2024-10-01 14:44:08,car
2024-10-01 14:44:08,car
2024-10-01 14:44:08,car
2024-10-01 14:44:08,car
2024-10-01 14:44:08,car
2024-10-01 14:44:08,car
2024-10-01 14:44:08,car
2024-10-01 14:44:08,car
2024-10-01 14:44:09,car
2024-10-01 14:44:09,car
2024-10-01 14:44:09,car
2024-10-01 14:44:09,car
2024-10-01 14:44:09,car
2024-10-01 14:44:09,car
2024-10-01 14:44:09,car
2024-10-01 14:44:09,car
2024-10-01 14:44:09,car
2024-10-01 14:44:09,car
2024-10-01 14:44:09,car
2024-10-01 14:44:09,car
2024-10-01 14:44:09,car
2024-10-01 14:44:09,car
2024-10-01 14:44:09,car
2024-10-01 14:44:09,car
2024-10-01 14:44:09,car
2024-10-01 14:44:09,car
2024-10-01 14:44:09,car
2024-10-01 14:44:10,car
2024-10-01 14:44:10,car
2024-10-01 14:44:10,car
2024-10-01 14:44:10,car
2024-10-01 14:44:10,car
2024-10-01 14:44:10,car
2024-10-01 14:44:10,car
2024-10-01 14:44:10,car
2024-10-01 14:44:10,car
2024-10-01 14:44:10,car
2024-10-01 14:44:10,car
2024-10-01 14:44:10,car
2024-10-01 14:44:10,car
2024-10-01 14:44:11,car
2024-10-01 14:44:11,car
2024-10-01 14:44:11,car
2024-10-01 14:44:11,car
2024-10-01 14:44:11,car
2024-10-01 14:44:11,car
2024-10-01 14:44:11,car
2024-10-01 14:44:11,car
2024-10-01 14:44:11,car
2024-10-01 14:44:11,car
2024-10-01 14:44:11,car
2024-10-01 14:44:11,car
2024-10-01 14:44:12,car
2024-10-01 14:44:12,car
2024-10-01 14:44:12,car
2024-10-01 14:44:12,car
2024-10-01 14:44:12,car
2024-10-01 14:44:12,car
2024-10-01 14:44:12,car
2024-10-01 14:44:12,car
2024-10-01 14:44:12,car
2024-10-01 14:44:12,car
2024-10-01 14:44:12,car
2024-10-01 14:44:12,car
2024-10-01 14:44:12,car
2024-10-01 14:44:12,car
2024-10-01 14:44:12,car
2024-10-01 14:44:12,car
2024-10-01 14:44:12,car
2024-10-01 14:44:12,car
2024-10-01 14:44:12,car
2024-10-01 14:44:12,car
2024-10-01 14:44:13,car
2024-10-01 14:44:13,car
2024-10-01 14:44:13,car
2024-10-01 14:44:13,car
2024-10-01 14:44:13,car
2024-10-01 14:44:13,car
2024-10-01 14:44:13,car
2024-10-01 14:44:13,car
2024-10-01 14:44:13,car
2024-10-01 14:44:13,car
2024-10-01 14:44:13,car
2024-10-01 14:44:13,car
2024-10-01 14:44:13,car
2024-10-01 14:44:13,car
2024-10-01 14:44:13,car
2024-10-01 14:44:13,car
2024-10-01 14:44:13,car
2024-10-01 14:44:14,car
2024-10-01 14:44:14,car
2024-10-01 14:44:14,car
2024-10-01 14:44:14,car
2024-10-01 14:44:14,car
2024-10-01 14:44:14,car
2024-10-01 14:44:14,car
2024-10-01 14:44:14,car
2024-10-01 14:44:14,car
2024-10-01 14:44:14,car
2024-10-01 14:44:14,car
2024-10-01 14:44:14,car
2024-10-01 14:44:14,car
2024-10-01 14:44:14,car
2024-10-01 14:44:14,car
2024-10-01 14:44:14,car
2024-10-01 14:44:14,car
2024-10-01 14:44:14,car
2024-10-01 14:44:14,car
2024-10-01 14:44:14,car
2024-10-01 14:44:14,truck
2024-10-01 14:44:15,car
2024-10-01 14:44:15,car
2024-10-01 14:44:15,car
2024-10-01 14:44:15,car
2024-10-01 14:44:15,car
2024-10-01 14:44:15,car
2024-10-01 14:44:15,car
2024-10-01 14:44:15,car
2024-10-01 14:44:15,car
2024-10-01 14:44:15,car
2024-10-01 14:44:15,car
2024-10-01 14:44:15,car
2024-10-01 14:44:15,truck
2024-10-01 14:44:15,car
2024-10-01 14:44:15,car
2024-10-01 14:44:15,car
2024-10-01 14:44:15,car
2024-10-01 14:44:16,car
2024-10-01 14:44:16,car
2024-10-01 14:44:16,car
2024-10-01 14:44:16,car
2024-10-01 14:44:16,car
2024-10-01 14:44:16,car
2024-10-01 14:44:16,car
2024-10-01 14:44:16,car
2024-10-01 14:44:16,car
2024-10-01 14:44:16,car
2024-10-01 14:44:16,car
2024-10-01 14:44:16,car
2024-10-01 14:44:16,car
2024-10-01 14:44:16,car
2024-10-01 14:44:16,car
2024-10-01 14:44:16,car
2024-10-01 14:44:16,car
2024-10-01 14:44:16,car
2024-10-01 14:44:16,car
2024-10-01 14:44:16,car
2024-10-01 14:44:16,car
2024-10-01 14:44:16,car
2024-10-01 14:44:17,car
2024-10-01 14:44:17,car
2024-10-01 14:44:17,car
2024-10-01 14:44:17,car
2024-10-01 14:44:17,car
2024-10-01 14:44:17,car
2024-10-01 14:44:17,car
2024-10-01 14:44:17,car
2024-10-01 14:44:17,car
2024-10-01 14:44:17,car
2024-10-01 14:44:17,car
2024-10-01 14:44:17,car
2024-10-01 14:44:17,car
2024-10-01 14:44:17,car
2024-10-01 14:44:17,car
2024-10-01 14:44:17,car
2024-10-01 14:44:17,car
2024-10-01 14:44:17,car
2024-10-01 14:44:17,car
2024-10-01 14:44:17,car
2024-10-01 14:44:18,car
2024-10-01 14:44:18,car
2024-10-01 14:44:18,car
2024-10-01 14:44:18,car
2024-10-01 14:44:18,car
2024-10-01 14:44:18,car
2024-10-01 14:44:18,car
2024-10-01 14:44:18,car
2024-10-01 14:44:18,car
2024-10-01 14:44:18,car
2024-10-01 14:44:18,car
2024-10-01 14:44:18,car
2024-10-01 14:44:18,car
2024-10-01 14:44:18,car
2024-10-01 14:44:18,car
2024-10-01 14:44:18,car
2024-10-01 14:44:18,car
2024-10-01 14:44:18,car
2024-10-01 14:44:18,car
2024-10-01 14:44:18,car
2024-10-01 14:44:18,car
2024-10-01 14:44:19,car
2024-10-01 14:44:19,car
2024-10-01 14:44:19,car
2024-10-01 14:44:19,car
2024-10-01 14:44:19,car
2024-10-01 14:44:19,car
2024-10-01 14:44:19,car
2024-10-01 14:44:19,car
2024-10-01 14:44:19,car
2024-10-01 14:44:19,car
2024-10-01 14:44:19,car
2024-10-01 14:44:19,car
2024-10-01 14:44:19,car
2024-10-01 14:44:19,car
2024-10-01 14:44:19,car
2024-10-01 14:44:19,car
2024-10-01 14:44:19,car
2024-10-01 14:44:19,car
2024-10-01 14:44:19,car
2024-10-01 14:44:19,car
2024-10-01 14:44:19,car
2024-10-01 14:44:20,car
2024-10-01 14:44:20,car
2024-10-01 14:44:20,car
2024-10-01 14:44:20,car
2024-10-01 14:44:20,car
2024-10-01 14:44:20,car
2024-10-01 14:44:20,car
2024-10-01 14:44:20,car
2024-10-01 14:44:20,car
2024-10-01 14:44:20,car
2024-10-01 14:44:20,car
2024-10-01 14:44:20,car
2024-10-01 14:44:20,car
2024-10-01 14:44:20,car
2024-10-01 14:44:20,car
2024-10-01 14:44:20,car
2024-10-01 14:44:20,car
2024-10-01 14:44:20,car
2024-10-01 14:44:20,car
2024-10-01 14:44:20,car
2024-10-01 14:44:20,car
2024-10-01 14:44:20,car
2024-10-01 14:44:20,car
2024-10-01 14:44:20,car
2024-10-01 14:44:21,car
2024-10-01 14:44:21,car
2024-10-01 14:44:21,car
2024-10-01 14:44:21,car
2024-10-01 14:44:21,car
2024-10-01 14:44:21,car
2024-10-01 14:44:21,car
2024-10-01 14:44:21,car
2024-10-01 14:44:21,car
2024-10-01 14:44:21,car
2024-10-01 14:44:21,car
2024-10-01 14:44:21,car
2024-10-01 14:44:21,car
2024-10-01 14:44:21,car
2024-10-01 14:44:21,car
2024-10-01 14:44:21,car
2024-10-01 14:44:21,car
2024-10-01 14:44:21,car
2024-10-01 14:44:21,car
2024-10-01 14:44:21,car
2024-10-01 14:44:21,car
2024-10-01 14:44:21,car
2024-10-01 14:44:21,car
2024-10-01 14:44:22,car
2024-10-01 14:44:22,car
2024-10-01 14:44:22,car
2024-10-01 14:44:22,car
2024-10-01 14:44:22,car
2024-10-01 14:44:22,car
2024-10-01 14:44:22,car
2024-10-01 14:44:22,car
2024-10-01 14:44:22,car
2024-10-01 14:44:22,car
2024-10-01 14:44:22,car
2024-10-01 14:44:22,car
2024-10-01 14:44:22,car
2024-10-01 14:44:22,car
2024-10-01 14:44:22,car
2024-10-01 14:44:22,car
2024-10-01 14:44:22,car
2024-10-01 14:44:23,car
2024-10-01 14:44:23,car
2024-10-01 14:44:23,car
2024-10-01 14:44:23,car
2024-10-01 14:44:23,car
2024-10-01 14:44:23,car
2024-10-01 14:44:23,car
2024-10-01 14:44:23,car
2024-10-01 14:44:23,car
2024-10-01 14:44:23,car
2024-10-01 14:44:23,car
2024-10-01 14:44:23,car
2024-10-01 14:44:23,car
2024-10-01 14:44:23,car
2024-10-01 14:44:23,car
2024-10-01 14:44:23,car
2024-10-01 14:44:23,car
2024-10-01 14:44:23,car
2024-10-01 14:44:24,car
2024-10-01 14:44:24,car
2024-10-01 14:44:24,car
2024-10-01 14:44:24,car
2024-10-01 14:44:24,car
2024-10-01 14:44:24,car
2024-10-01 14:44:24,car
2024-10-01 14:44:24,car
2024-10-01 14:44:24,car
2024-10-01 14:44:24,car
2024-10-01 14:44:24,car
2024-10-01 14:44:24,car
2024-10-01 14:44:24,car
2024-10-01 14:44:24,car
2024-10-01 14:44:24,car
2024-10-01 14:44:24,car
2024-10-01 14:44:24,car
2024-10-01 14:44:24,car
2024-10-01 14:44:24,car
2024-10-01 14:44:24,car
2024-10-01 14:44:24,car
2024-10-01 14:44:24,car
2024-10-01 14:44:25,car
2024-10-01 14:44:25,car
2024-10-01 14:44:25,car
2024-10-01 14:44:25,car
2024-10-01 14:44:25,car
2024-10-01 14:44:25,car
2024-10-01 14:44:25,car
2024-10-01 14:44:25,car
2024-10-01 14:44:25,car
2024-10-01 14:44:25,car
2024-10-01 14:44:25,car
2024-10-01 14:44:25,car
2024-10-01 14:44:25,car
2024-10-01 14:44:25,car
2024-10-01 14:44:25,car
2024-10-01 14:44:25,car
2024-10-01 14:44:25,car
2024-10-01 14:44:26,car
2024-10-01 14:44:26,car
2024-10-01 14:44:26,car
2024-10-01 14:44:26,car
2024-10-01 14:44:26,car
2024-10-01 14:44:26,car
2024-10-01 14:44:26,car
2024-10-01 14:44:26,car
2024-10-01 14:44:26,car
2024-10-01 14:44:26,car
2024-10-01 14:44:26,car
2024-10-01 14:44:26,car
2024-10-01 14:44:26,car
2024-10-01 14:44:26,car
2024-10-01 14:44:26,car
2024-10-01 14:44:27,car
2024-10-01 14:44:27,car
2024-10-01 14:44:27,car
2024-10-01 14:44:27,car
2024-10-01 14:44:27,car
2024-10-01 14:44:27,car
2024-10-01 14:44:27,car
2024-10-01 14:44:27,car
2024-10-01 14:44:27,car
2024-10-01 14:44:27,car
2024-10-01 14:44:27,car
2024-10-01 14:44:27,car
2024-10-01 14:44:27,car
2024-10-01 14:44:27,car
2024-10-01 14:44:27,car
2024-10-01 14:44:27,car
2024-10-01 14:44:27,car
2024-10-01 14:44:27,car
2024-10-01 14:44:27,car
2024-10-01 14:44:28,car
2024-10-01 14:44:28,car
2024-10-01 14:44:28,car
2024-10-01 14:44:28,car
2024-10-01 14:44:28,motorcycle
2024-10-01 14:44:28,car
2024-10-01 14:44:28,car
2024-10-01 14:44:28,car
2024-10-01 14:44:28,car
2024-10-01 14:44:28,car
2024-10-01 14:44:28,car
2024-10-01 14:44:28,car
2024-10-01 14:44:28,car
2024-10-01 14:44:28,car
2024-10-01 14:44:28,car
2024-10-01 14:44:28,car
2024-10-01 14:44:28,car
2024-10-01 14:44:28,car
2024-10-01 14:44:28,motorcycle
2024-10-01 14:44:29,car
2024-10-01 14:44:29,car
2024-10-01 14:44:29,car
2024-10-01 14:44:29,car
2024-10-01 14:44:29,car
2024-10-01 14:44:29,car
2024-10-01 14:44:29,car
2024-10-01 14:44:29,car
2024-10-01 14:44:29,car
2024-10-01 14:44:29,car
2024-10-01 14:44:29,car
2024-10-01 14:44:29,car
2024-10-01 14:44:29,car
2024-10-01 14:44:29,motorcycle
2024-10-01 14:44:29,car
2024-10-01 14:44:29,car
2024-10-01 14:44:29,car
2024-10-01 14:44:29,car
2024-10-01 14:44:29,car
2024-10-01 14:44:29,car
2024-10-01 14:44:29,car
2024-10-01 14:44:29,motorcycle
2024-10-01 14:44:29,car
2024-10-01 14:44:29,car
2024-10-01 14:44:29,car
2024-10-01 14:44:29,car
2024-10-01 14:44:29,car
2024-10-01 14:44:30,car
2024-10-01 14:44:30,car
2024-10-01 14:44:30,car
2024-10-01 14:44:30,car
2024-10-01 14:44:30,car
2024-10-01 14:44:30,car
2024-10-01 14:44:30,car
2024-10-01 14:44:30,car
2024-10-01 14:44:30,car
2024-10-01 14:44:30,car
2024-10-01 14:44:30,car
2024-10-01 14:44:30,car
2024-10-01 14:44:30,car
2024-10-01 14:44:30,motorcycle
2024-10-01 14:44:30,car
2024-10-01 14:44:30,car
2024-10-01 14:44:30,car
2024-10-01 14:44:30,car
2024-10-01 14:44:30,car
2024-10-01 14:44:31,car
2024-10-01 14:44:31,car
2024-10-01 14:44:31,car
2024-10-01 14:44:31,car
2024-10-01 14:44:31,car
2024-10-01 14:44:31,car
2024-10-01 14:44:31,car
2024-10-01 14:44:31,car
2024-10-01 14:44:31,car
2024-10-01 14:44:31,car
2024-10-01 14:44:31,car
2024-10-01 14:44:31,car
2024-10-01 14:44:31,car
2024-10-01 14:44:31,car
2024-10-01 14:44:31,car
2024-10-01 14:44:31,car
2024-10-01 14:44:31,car
2024-10-01 14:44:31,car
2024-10-01 14:44:31,car
2024-10-01 14:44:31,car
2024-10-01 14:44:31,car
2024-10-01 14:44:31,car
2024-10-01 14:44:31,car
2024-10-01 14:44:32,car
2024-10-01 14:44:32,car
2024-10-01 14:44:32,car
2024-10-01 14:44:32,car
2024-10-01 14:44:32,car
2024-10-01 14:44:32,car
2024-10-01 14:44:32,car
2024-10-01 14:44:32,car
2024-10-01 14:44:32,car
2024-10-01 14:44:32,car
2024-10-01 14:44:32,car
2024-10-01 14:44:32,car
2024-10-01 14:44:32,car
2024-10-01 14:44:32,car
2024-10-01 14:44:32,car
2024-10-01 14:44:32,car
2024-10-01 14:44:32,car
2024-10-01 14:44:32,car
2024-10-01 14:44:32,car
2024-10-01 14:44:32,car
2024-10-01 14:44:32,car
2024-10-01 14:44:32,car
2024-10-01 14:44:32,car
2024-10-01 14:44:32,car
2024-10-01 14:44:32,car
2024-10-01 14:44:32,car
2024-10-01 14:44:32,car
2024-10-01 14:44:33,car
2024-10-01 14:44:33,car
2024-10-01 14:44:33,car
2024-10-01 14:44:33,car
2024-10-01 14:44:33,car
2024-10-01 14:44:33,car
2024-10-01 14:44:33,car
2024-10-01 14:44:33,car
2024-10-01 14:44:33,car
2024-10-01 14:44:33,car
2024-10-01 14:44:33,car
2024-10-01 14:44:33,car
2024-10-01 14:44:33,car
2024-10-01 14:44:33,car
2024-10-01 14:44:33,car
2024-10-01 14:44:33,car
2024-10-01 14:44:33,car
2024-10-01 14:44:34,car
2024-10-01 14:44:34,car
2024-10-01 14:44:34,car
2024-10-01 14:44:34,car
2024-10-01 14:44:34,car
2024-10-01 14:44:34,car
2024-10-01 14:44:34,car
2024-10-01 14:44:34,car
2024-10-01 14:44:34,car
2024-10-01 14:44:34,car
2024-10-01 14:44:34,car
2024-10-01 14:44:34,car
2024-10-01 14:44:34,car
2024-10-01 14:44:34,car
2024-10-01 14:44:34,car
2024-10-01 14:44:34,car
2024-10-01 14:44:34,car
2024-10-01 14:44:34,car
2024-10-01 14:44:34,car
2024-10-01 14:44:34,car
2024-10-01 14:44:34,car
2024-10-01 14:44:34,car
2024-10-01 14:44:34,car
2024-10-01 14:44:34,car
2024-10-01 14:44:34,car
2024-10-01 14:44:34,car
2024-10-01 14:44:35,car
2024-10-01 14:44:35,motorcycle
2024-10-01 14:44:35,car
2024-10-01 14:44:35,car
2024-10-01 14:44:35,car
2024-10-01 14:44:35,car
2024-10-01 14:44:35,car
2024-10-01 14:44:35,motorcycle
2024-10-01 14:44:35,car
2024-10-01 14:44:35,car
2024-10-01 14:44:35,car
2024-10-01 14:44:35,car
2024-10-01 14:44:35,car
2024-10-01 14:44:35,car
2024-10-01 14:44:35,car
2024-10-01 14:44:35,car
2024-10-01 14:44:35,car
2024-10-01 14:44:35,car
2024-10-01 14:44:35,car
2024-10-01 14:44:36,car
2024-10-01 14:44:36,car
2024-10-01 14:44:36,car
2024-10-01 14:44:36,car
2024-10-01 14:44:36,car
2024-10-01 14:44:36,truck
2024-10-01 14:44:36,car
2024-10-01 14:44:36,car
2024-10-01 14:44:36,car
2024-10-01 14:44:36,car
2024-10-01 14:44:36,car
2024-10-01 14:44:36,car
2024-10-01 14:44:36,car
2024-10-01 14:44:36,car
2024-10-01 14:44:36,car
2024-10-01 14:44:36,car
2024-10-01 14:44:36,car
2024-10-01 14:44:36,car
2024-10-01 14:44:36,motorcycle
2024-10-01 14:44:37,car
2024-10-01 14:44:37,car
2024-10-01 14:44:37,car
2024-10-01 14:44:37,car
2024-10-01 14:44:37,car
2024-10-01 14:44:37,car
2024-10-01 14:44:37,motorcycle
2024-10-01 14:44:37,car
2024-10-01 14:44:37,car
2024-10-01 14:44:37,car
2024-10-01 14:44:37,car
2024-10-01 14:44:37,car
2024-10-01 14:44:37,car
2024-10-01 14:44:37,car
2024-10-01 14:44:37,car
2024-10-01 14:44:37,car
2024-10-01 14:44:37,car
2024-10-01 14:44:37,car
2024-10-01 14:44:37,truck
2024-10-01 14:44:37,car
2024-10-01 14:44:37,car
2024-10-01 14:44:37,car
2024-10-01 14:44:37,car
2024-10-01 14:44:38,car
2024-10-01 14:44:38,car
2024-10-01 14:44:38,motorcycle
2024-10-01 14:44:38,car
2024-10-01 14:44:38,truck
2024-10-01 14:44:38,car
2024-10-01 14:44:38,car
2024-10-01 14:44:38,car
2024-10-01 14:44:38,car
2024-10-01 14:44:38,car
2024-10-01 14:44:38,car
2024-10-01 14:44:38,car
2024-10-01 14:44:38,car
2024-10-01 14:44:38,truck
2024-10-01 14:44:38,car
2024-10-01 14:44:38,car
2024-10-01 14:44:39,car
2024-10-01 14:44:39,truck
2024-10-01 14:44:39,car
2024-10-01 14:44:39,car
2024-10-01 14:44:39,car
2024-10-01 14:44:39,car
2024-10-01 14:44:39,truck
2024-10-01 14:44:39,car
2024-10-01 14:44:39,car
2024-10-01 14:44:39,car
2024-10-01 14:44:39,truck
2024-10-01 14:44:39,car
2024-10-01 14:44:39,car
2024-10-01 14:44:39,car
2024-10-01 14:44:39,car
2024-10-01 14:44:39,car
2024-10-01 14:44:40,car
2024-10-01 14:44:40,car
2024-10-01 14:44:40,car
2024-10-01 14:44:40,car
2024-10-01 14:44:40,car
2024-10-01 14:44:40,car
2024-10-01 14:44:41,car
2024-10-01 14:44:41,car
2024-10-01 14:44:41,truck
2024-10-01 14:44:41,car
2024-10-01 14:44:41,car
2024-10-01 14:44:41,car
2024-10-01 14:44:41,car
2024-10-01 14:44:42,car
2024-10-01 14:44:42,car
2024-10-01 14:44:42,car
2024-10-01 14:44:42,car
2024-10-01 14:44:42,car
2024-10-01 14:44:42,car
2024-10-01 14:44:42,car
2024-10-01 14:44:42,car
2024-10-01 14:44:42,car
2024-10-01 14:44:43,car
2024-10-01 14:44:43,car
2024-10-01 14:44:43,car
2024-10-01 14:44:43,car
2024-10-01 14:44:43,car
2024-10-01 14:44:43,car
2024-10-01 14:44:43,car
2024-10-01 14:44:43,car
2024-10-01 14:44:43,car
2024-10-01 14:44:44,car
2024-10-01 14:44:44,car
2024-10-01 14:44:44,car
2024-10-01 14:44:44,motorcycle
2024-10-01 14:44:44,car
2024-10-01 14:44:44,car
2024-10-01 14:44:44,car
2024-10-01 14:44:44,car
2024-10-01 14:44:44,car
2024-10-01 14:44:44,car
2024-10-01 14:44:44,car
2024-10-01 14:44:44,car
2024-10-01 14:44:44,motorcycle
2024-10-01 14:44:44,car
2024-10-01 14:44:44,car
2024-10-01 14:44:44,car
2024-10-01 14:44:44,car
2024-10-01 14:44:44,motorcycle
2024-10-01 14:44:45,car
2024-10-01 14:44:45,car
2024-10-01 14:44:45,car
2024-10-01 14:44:45,car
2024-10-01 14:44:45,car
2024-10-01 14:44:45,car
2024-10-01 14:44:45,car
2024-10-01 14:44:45,car
2024-10-01 14:44:45,car
2024-10-01 14:44:45,car
2024-10-01 14:44:45,car
2024-10-01 14:44:45,car
2024-10-01 14:44:45,motorcycle
2024-10-01 14:44:46,car
2024-10-01 14:44:46,car
2024-10-01 14:44:46,car
2024-10-01 14:44:46,motorcycle
2024-10-01 14:44:46,car
2024-10-01 14:44:46,car
2024-10-01 14:44:46,car
2024-10-01 14:44:46,car
2024-10-01 14:44:46,car
2024-10-01 14:44:46,car
2024-10-01 14:44:46,car
2024-10-01 14:44:46,motorcycle
2024-10-01 14:44:47,car
2024-10-01 14:44:47,car
2024-10-01 14:44:47,car
2024-10-01 14:44:47,car
2024-10-01 14:44:47,motorcycle
2024-10-01 14:44:47,car
2024-10-01 14:44:47,car
2024-10-01 14:44:47,car
2024-10-01 14:44:47,car
2024-10-01 14:44:47,motorcycle
2024-10-01 14:44:47,car
2024-10-01 14:44:47,car
2024-10-01 14:44:47,car
2024-10-01 14:44:47,motorcycle
2024-10-01 14:44:48,car
2024-10-01 14:44:48,car
2024-10-01 14:44:48,car
2024-10-01 14:44:48,car
2024-10-01 14:44:48,car
2024-10-01 14:44:48,car
2024-10-01 14:44:48,car
2024-10-01 14:44:48,car
2024-10-01 14:44:48,car
2024-10-01 14:44:48,car
2024-10-01 14:44:48,car
2024-10-01 14:44:48,truck
2024-10-01 14:44:49,car
2024-10-01 14:44:49,car
2024-10-01 14:44:49,car
2024-10-01 14:44:49,truck
2024-10-01 14:44:49,car
2024-10-01 14:44:49,car
2024-10-01 14:44:49,car
2024-10-01 14:44:49,truck
2024-10-01 14:44:49,car
2024-10-01 14:44:49,car
2024-10-01 14:44:49,car
2024-10-01 14:44:49,truck
2024-10-01 14:44:50,car
2024-10-01 14:44:50,car
2024-10-01 14:44:50,car
2024-10-01 14:44:50,truck
2024-10-01 14:44:50,car
2024-10-01 14:44:50,car
2024-10-01 14:44:50,car
2024-10-01 14:44:50,car
2024-10-01 14:44:50,car
2024-10-01 14:44:50,car
2024-10-01 14:44:51,car
2024-10-01 14:44:51,car
2024-10-01 14:44:51,car
2024-10-01 14:44:51,car
2024-10-01 14:44:51,car
2024-10-01 14:44:51,car
2024-10-01 14:44:51,truck
2024-10-01 14:44:51,car
2024-10-01 14:44:51,car
2024-10-01 14:44:51,car
2024-10-01 14:44:51,truck
2024-10-01 14:44:51,car
2024-10-01 14:44:51,car
2024-10-01 14:44:51,car
2024-10-01 14:44:51,truck
2024-10-01 14:44:52,car
2024-10-01 14:44:52,car
2024-10-01 14:44:52,truck
2024-10-01 14:44:52,car
2024-10-01 14:44:52,truck
2024-10-01 14:44:52,car
2024-10-01 14:44:52,car
2024-10-01 14:44:52,truck
2024-10-01 14:44:52,car
2024-10-01 14:44:52,truck
2024-10-01 14:44:52,car
2024-10-01 14:44:52,car
2024-10-01 14:44:53,truck
2024-10-01 14:44:53,car
2024-10-01 14:44:53,car
2024-10-01 14:44:53,car
2024-10-01 14:44:53,car
2024-10-01 14:44:53,car
2024-10-01 14:44:53,car
2024-10-01 14:44:53,car
2024-10-01 14:44:54,car
2024-10-01 14:44:54,car
2024-10-01 14:44:54,car
2024-10-01 14:44:54,car
2024-10-01 14:44:54,car
2024-10-01 14:44:54,car
2024-10-01 14:44:54,car
2024-10-01 14:44:54,car
2024-10-01 14:44:55,car
2024-10-01 14:44:55,car
2024-10-01 14:44:55,car
2024-10-01 14:44:55,car
2024-10-01 14:44:55,car
2024-10-01 14:44:55,car
2024-10-01 14:44:55,truck
2024-10-01 14:44:56,car
2024-10-01 14:44:56,car
2024-10-01 14:44:56,car
2024-10-01 14:44:56,car
2024-10-01 14:44:56,car
2024-10-01 14:44:56,car
2024-10-01 14:44:56,car
2024-10-01 14:44:56,car
2024-10-01 14:44:57,car
2024-10-01 14:44:57,car
2024-10-01 14:44:57,car
2024-10-01 14:44:57,car
2024-10-01 14:44:57,motorcycle
2024-10-01 14:44:57,car
2024-10-01 14:44:57,car
2024-10-01 14:44:57,car
2024-10-01 14:44:57,car
2024-10-01 14:44:57,car
2024-10-01 14:44:57,motorcycle
2024-10-01 14:44:58,car
2024-10-01 14:44:58,car
2024-10-01 14:44:58,truck
2024-10-01 14:44:58,car
2024-10-01 14:44:58,truck
2024-10-01 14:44:58,car
2024-10-01 14:44:58,motorcycle
2024-10-01 14:44:58,car
2024-10-01 14:44:58,car
2024-10-01 14:44:58,truck
2024-10-01 14:44:58,car
2024-10-01 14:44:58,car
2024-10-01 14:44:58,truck
2024-10-01 14:44:58,motorcycle
2024-10-01 14:44:59,car
2024-10-01 14:44:59,car
2024-10-01 14:44:59,truck
2024-10-01 14:44:59,car
2024-10-01 14:44:59,car
2024-10-01 14:44:59,truck
2024-10-01 14:44:59,car
2024-10-01 14:44:59,car
2024-10-01 14:44:59,truck
2024-10-01 14:44:59,car
2024-10-01 14:44:59,car
2024-10-01 14:44:59,truck
2024-10-01 14:45:00,car
2024-10-01 14:45:00,car
2024-10-01 14:45:00,truck
2024-10-01 14:45:00,car
2024-10-01 14:45:00,car
2024-10-01 14:45:00,truck
2024-10-01 14:45:00,car
2024-10-01 14:45:00,car
2024-10-01 14:45:00,car
2024-10-01 14:45:01,car
2024-10-01 14:45:01,car
2024-10-01 14:45:01,car
2024-10-01 14:45:01,car
2024-10-01 14:45:01,car
2024-10-01 14:45:01,car
2024-10-01 14:45:01,car
2024-10-01 14:45:01,motorcycle
2024-10-01 14:45:01,car
2024-10-01 14:45:01,car
2024-10-01 14:45:01,motorcycle
2024-10-01 14:45:02,car
2024-10-01 14:45:02,car
2024-10-01 14:45:02,motorcycle
2024-10-01 14:45:02,car
2024-10-01 14:45:02,car
2024-10-01 14:45:02,car
2024-10-01 14:45:02,car
2024-10-01 14:45:02,car
2024-10-01 14:45:02,car
2024-10-01 14:45:03,car
2024-10-01 14:45:03,car
2024-10-01 14:45:03,car
2024-10-01 14:45:03,car
2024-10-01 14:45:03,truck
2024-10-01 14:45:03,car
2024-10-01 14:45:03,car
2024-10-01 14:45:03,truck
2024-10-01 14:45:03,car
2024-10-01 14:45:03,car
2024-10-01 14:45:03,truck
2024-10-01 14:45:04,car
2024-10-01 14:45:04,car
2024-10-01 14:45:04,truck
2024-10-01 14:45:04,car
2024-10-01 14:45:04,car
2024-10-01 14:45:04,car
2024-10-01 14:45:04,car
2024-10-01 14:45:04,car
2024-10-01 14:45:04,car
2024-10-01 14:45:04,truck
2024-10-01 14:45:05,car
2024-10-01 14:45:05,car
2024-10-01 14:45:05,car
2024-10-01 14:45:05,car
2024-10-01 14:45:05,car
2024-10-01 14:45:05,car
2024-10-01 14:45:05,car
2024-10-01 14:45:05,car
2024-10-01 14:45:06,car
2024-10-01 14:45:06,car
2024-10-01 14:45:06,car
2024-10-01 14:45:06,car
2024-10-01 14:45:06,car
2024-10-01 14:45:06,car
2024-10-01 14:45:06,car
2024-10-01 14:45:06,car
2024-10-01 14:45:06,car
2024-10-01 14:45:07,car
2024-10-01 14:45:07,car
2024-10-01 14:45:07,car
2024-10-01 14:45:07,car
2024-10-01 14:45:07,car
2024-10-01 14:45:07,car
2024-10-01 14:45:07,car
2024-10-01 14:45:07,car
2024-10-01 14:45:07,car
2024-10-01 14:45:07,car
2024-10-01 14:45:08,car
2024-10-01 14:45:08,car
2024-10-01 14:45:08,car
2024-10-01 14:45:08,car
2024-10-01 14:45:08,car
2024-10-01 14:45:08,car
2024-10-01 14:45:08,car
2024-10-01 14:45:08,car
2024-10-01 14:45:08,car
2024-10-01 14:45:08,car
2024-10-01 14:45:09,car
2024-10-01 14:45:09,car
2024-10-01 14:45:09,car
2024-10-01 14:45:09,car
2024-10-01 14:45:09,car
2024-10-01 14:45:09,car
2024-10-01 14:45:09,car
2024-10-01 14:45:09,car
2024-10-01 14:45:09,car
2024-10-01 14:45:10,car
2024-10-01 14:45:10,car
2024-10-01 14:45:10,car
2024-10-01 14:45:10,car
2024-10-01 14:45:10,car
2024-10-01 14:45:10,car
2024-10-01 14:45:10,car
2024-10-01 14:45:10,car
2024-10-01 14:45:10,car
2024-10-01 14:45:10,car
2024-10-01 14:45:11,car
2024-10-01 14:45:11,car
2024-10-01 14:45:11,car
2024-10-01 14:45:11,car
2024-10-01 14:45:11,car
2024-10-01 14:45:11,car
2024-10-01 14:45:11,car
2024-10-01 14:45:11,car
2024-10-01 14:45:11,car
2024-10-01 14:45:11,car
2024-10-01 14:45:11,car
2024-10-01 14:45:11,car
2024-10-01 14:45:11,car
2024-10-01 14:45:11,car
2024-10-01 14:45:11,car
2024-10-01 14:45:12,car
2024-10-01 14:45:12,car
2024-10-01 14:45:12,car
2024-10-01 14:45:12,car
2024-10-01 14:45:12,car
2024-10-01 14:45:12,car
2024-10-01 14:45:12,car
2024-10-01 14:45:12,car
2024-10-01 14:45:12,car
2024-10-01 14:45:12,car
2024-10-01 14:45:12,car
2024-10-01 14:45:12,car
2024-10-01 14:45:13,car
2024-10-01 14:45:13,car
2024-10-01 14:45:13,car
2024-10-01 14:45:13,car
2024-10-01 14:45:13,car
2024-10-01 14:45:13,car
2024-10-01 14:45:13,car
2024-10-01 14:45:13,car
2024-10-01 14:45:13,car
2024-10-01 14:45:13,car
2024-10-01 14:45:13,car
2024-10-01 14:45:13,car
2024-10-01 14:45:14,car
2024-10-01 14:45:14,car
2024-10-01 14:45:14,car
2024-10-01 14:45:14,car
2024-10-01 14:45:14,car
2024-10-01 14:45:14,car
2024-10-01 14:45:14,car
2024-10-01 14:45:14,car
2024-10-01 14:45:14,car
2024-10-01 14:45:14,car
2024-10-01 14:45:14,car
2024-10-01 14:45:15,car
2024-10-01 14:45:15,car
2024-10-01 14:45:15,car
2024-10-01 14:45:15,car
2024-10-01 14:45:15,car
2024-10-01 14:45:15,car
2024-10-01 14:45:15,car
2024-10-01 14:45:15,car
2024-10-01 14:45:15,car
2024-10-01 14:45:15,car
2024-10-01 14:45:15,car
2024-10-01 14:45:15,car
2024-10-01 14:45:15,car
2024-10-01 14:45:15,motorcycle
2024-10-01 14:45:16,car
2024-10-01 14:45:16,car
2024-10-01 14:45:16,car
2024-10-01 14:45:16,car
2024-10-01 14:45:16,car
2024-10-01 14:45:16,car
2024-10-01 14:45:16,car
2024-10-01 14:45:16,motorcycle
2024-10-01 14:45:16,car
2024-10-01 14:45:16,car
2024-10-01 14:45:16,car
2024-10-01 14:45:16,car
2024-10-01 14:45:16,car
2024-10-01 14:45:16,motorcycle
2024-10-01 14:45:17,car
2024-10-01 14:45:17,car
2024-10-01 14:45:17,car
2024-10-01 14:45:17,car
2024-10-01 14:45:17,car
2024-10-01 14:45:17,car
2024-10-01 14:45:17,car
2024-10-01 14:45:17,car
2024-10-01 14:45:17,car
2024-10-01 14:45:17,truck
2024-10-01 14:45:18,car
2024-10-01 14:45:18,car
2024-10-01 14:45:18,car
2024-10-01 14:45:18,car
2024-10-01 14:45:18,car
2024-10-01 14:45:18,car
2024-10-01 14:45:18,car
2024-10-01 14:45:18,car
2024-10-01 14:45:18,car
2024-10-01 14:45:19,car
2024-10-01 14:45:19,car
2024-10-01 14:45:19,car
2024-10-01 14:45:19,car
2024-10-01 14:45:19,car
2024-10-01 14:45:19,car
2024-10-01 14:45:19,car
2024-10-01 14:45:19,car
2024-10-01 14:45:19,car
2024-10-01 14:45:19,car
2024-10-01 14:45:19,car
2024-10-01 14:45:19,car
2024-10-01 14:45:19,car
2024-10-01 14:45:19,car
2024-10-01 14:45:20,car
2024-10-01 14:45:20,car
2024-10-01 14:45:20,car
2024-10-01 14:45:20,car
2024-10-01 14:45:20,car
2024-10-01 14:45:20,car
2024-10-01 14:45:20,car
2024-10-01 14:45:20,car
2024-10-01 14:45:20,car
2024-10-01 14:45:20,car
2024-10-01 14:45:20,car
2024-10-01 14:45:20,car
2024-10-01 14:45:20,car
2024-10-01 14:45:20,car
2024-10-01 14:45:20,car
2024-10-01 14:45:20,car
2024-10-01 14:45:21,car
2024-10-01 14:45:21,car
2024-10-01 14:45:21,car
2024-10-01 14:45:21,car
2024-10-01 14:45:21,truck
2024-10-01 14:45:21,car
2024-10-01 14:45:21,car
2024-10-01 14:45:21,car
2024-10-01 14:45:21,car
2024-10-01 14:45:21,car
2024-10-01 14:45:21,car
2024-10-01 14:45:21,car
2024-10-01 14:45:21,car
2024-10-01 14:45:21,car
2024-10-01 14:45:21,car
2024-10-01 14:45:22,car
2024-10-01 14:45:22,car
2024-10-01 14:45:22,car
2024-10-01 14:45:22,car
2024-10-01 14:45:22,car
2024-10-01 14:45:22,car
2024-10-01 14:45:22,car
2024-10-01 14:45:22,car
2024-10-01 14:45:22,car
2024-10-01 14:45:22,truck
2024-10-01 14:45:22,car
2024-10-01 14:45:22,car
2024-10-01 14:45:22,car
2024-10-01 14:45:22,car
2024-10-01 14:45:22,truck
2024-10-01 14:45:23,car
2024-10-01 14:45:23,car
2024-10-01 14:45:23,car
2024-10-01 14:45:23,car
2024-10-01 14:45:23,car
2024-10-01 14:45:23,car
2024-10-01 14:45:23,car
2024-10-01 14:45:23,truck
2024-10-01 14:45:23,car
2024-10-01 14:45:23,car
2024-10-01 14:45:23,car
2024-10-01 14:45:23,car
2024-10-01 14:45:23,truck
2024-10-01 14:45:23,car
2024-10-01 14:45:23,car
2024-10-01 14:45:24,car
2024-10-01 14:45:24,car
2024-10-01 14:45:24,car
2024-10-01 14:45:24,car
2024-10-01 14:45:24,car
2024-10-01 14:45:24,car
2024-10-01 14:45:24,truck
2024-10-01 14:45:24,car
2024-10-01 14:45:24,car
2024-10-01 14:45:24,car
2024-10-01 14:45:24,car
2024-10-01 14:45:24,car
2024-10-01 14:45:24,car
2024-10-01 14:45:25,car
2024-10-01 14:45:25,car
2024-10-01 14:45:25,car
2024-10-01 14:45:25,car
2024-10-01 14:45:25,car
2024-10-01 14:45:25,car
2024-10-01 14:45:25,car
2024-10-01 14:45:25,car
2024-10-01 14:45:25,car
2024-10-01 14:45:25,car
2024-10-01 14:45:25,car
2024-10-01 14:45:25,car
2024-10-01 14:45:25,car
2024-10-01 14:45:25,car
2024-10-01 14:45:25,car
2024-10-01 14:45:25,car
2024-10-01 14:45:25,car
2024-10-01 14:45:25,car
2024-10-01 14:45:25,car
2024-10-01 14:45:25,car
2024-10-01 14:45:25,car
2024-10-01 14:45:25,car
2024-10-01 14:45:26,car
2024-10-01 14:45:26,car
2024-10-01 14:45:26,car
2024-10-01 14:45:26,car
2024-10-01 14:45:26,car
2024-10-01 14:45:26,car
2024-10-01 14:45:26,car
2024-10-01 14:45:26,car
2024-10-01 14:45:26,car
2024-10-01 14:45:26,car
2024-10-01 14:45:26,car
2024-10-01 14:45:26,car
2024-10-01 14:45:26,truck
2024-10-01 14:45:26,car
2024-10-01 14:45:26,car
2024-10-01 14:45:26,car
2024-10-01 14:45:26,car
2024-10-01 14:45:26,car
2024-10-01 14:45:26,truck
2024-10-01 14:45:26,car
2024-10-01 14:45:26,car
2024-10-01 14:45:26,car
2024-10-01 14:45:26,car
2024-10-01 14:45:26,car
2024-10-01 14:45:26,car
2024-10-01 14:45:26,car
2024-10-01 14:45:27,car
2024-10-01 14:45:27,car
2024-10-01 14:45:27,car
2024-10-01 14:45:27,car
2024-10-01 14:45:27,car
2024-10-01 14:45:27,car
2024-10-01 14:45:27,truck
2024-10-01 14:45:27,car
2024-10-01 14:45:27,car
2024-10-01 14:45:27,car
2024-10-01 14:45:27,car
2024-10-01 14:45:27,car
2024-10-01 14:45:27,car
2024-10-01 14:45:27,car
2024-10-01 14:45:28,car
2024-10-01 14:45:28,car
2024-10-01 14:45:28,car
2024-10-01 14:45:28,car
2024-10-01 14:45:28,car
2024-10-01 14:45:28,car
2024-10-01 14:45:28,car
2024-10-01 14:45:28,car
2024-10-01 14:45:28,car
2024-10-01 14:45:28,car
2024-10-01 14:45:28,car
2024-10-01 14:45:28,car
2024-10-01 14:45:28,car
2024-10-01 14:45:28,car
2024-10-01 14:45:28,car
2024-10-01 14:45:28,car
2024-10-01 14:45:28,car
2024-10-01 14:45:28,car
2024-10-01 14:45:28,car
2024-10-01 14:45:28,car
2024-10-01 14:45:29,car
2024-10-01 14:45:29,car
2024-10-01 14:45:29,car
2024-10-01 14:45:29,car
2024-10-01 14:45:29,car
2024-10-01 14:45:29,car
2024-10-01 14:45:29,car
2024-10-01 14:45:29,car
2024-10-01 14:45:29,car
2024-10-01 14:45:29,car
2024-10-01 14:45:29,car
2024-10-01 14:45:29,car
2024-10-01 14:45:29,car
2024-10-01 14:45:29,car
2024-10-01 14:45:29,car
2024-10-01 14:45:29,car
2024-10-01 14:45:29,car
2024-10-01 14:45:29,car
2024-10-01 14:45:29,car
2024-10-01 14:45:29,car
2024-10-01 14:45:29,car
2024-10-01 14:45:30,car
2024-10-01 14:45:30,car
2024-10-01 14:45:30,car
2024-10-01 14:45:30,car
2024-10-01 14:45:30,car
2024-10-01 14:45:30,car
2024-10-01 14:45:30,car
2024-10-01 14:45:30,car
2024-10-01 14:45:30,motorcycle
2024-10-01 14:45:30,car
2024-10-01 14:45:30,car
2024-10-01 14:45:30,car
2024-10-01 14:45:30,car
2024-10-01 14:45:30,car
2024-10-01 14:45:30,car
2024-10-01 14:45:30,motorcycle
2024-10-01 14:45:30,car
2024-10-01 14:45:30,car
2024-10-01 14:45:30,car
2024-10-01 14:45:30,car
2024-10-01 14:45:30,motorcycle
2024-10-01 14:45:30,car
2024-10-01 14:45:30,car
2024-10-01 14:45:31,car
2024-10-01 14:45:31,car
2024-10-01 14:45:31,car
2024-10-01 14:45:31,car
2024-10-01 14:45:31,car
2024-10-01 14:45:31,car
2024-10-01 14:45:31,car
2024-10-01 14:45:31,motorcycle
2024-10-01 14:45:31,car
2024-10-01 14:45:31,car
2024-10-01 14:45:31,car
2024-10-01 14:45:31,car
2024-10-01 14:45:31,car
2024-10-01 14:45:31,car
2024-10-01 14:45:31,car
2024-10-01 14:45:31,car
2024-10-01 14:45:31,car
2024-10-01 14:45:31,motorcycle
2024-10-01 14:45:31,car
2024-10-01 14:45:31,car
2024-10-01 14:45:31,car
2024-10-01 14:45:31,car
2024-10-01 14:45:31,car
2024-10-01 14:45:32,motorcycle
2024-10-01 14:45:32,car
2024-10-01 14:45:32,car
2024-10-01 14:45:32,car
2024-10-01 14:45:32,car
2024-10-01 14:45:32,car
2024-10-01 14:45:32,car
2024-10-01 14:45:32,motorcycle
2024-10-01 14:45:32,car
2024-10-01 14:45:32,car
2024-10-01 14:45:32,car
2024-10-01 14:45:32,car
2024-10-01 14:45:32,car
2024-10-01 14:45:32,car
2024-10-01 14:45:32,car
2024-10-01 14:45:32,car
2024-10-01 14:45:32,car
2024-10-01 14:45:32,car
2024-10-01 14:45:32,car
2024-10-01 14:45:32,car
2024-10-01 14:45:32,car
2024-10-01 14:45:33,car
2024-10-01 14:45:33,car
2024-10-01 14:45:33,car
2024-10-01 14:45:33,car
2024-10-01 14:45:33,car
2024-10-01 14:45:33,car
2024-10-01 14:45:33,car
2024-10-01 14:45:33,car
2024-10-01 14:45:33,truck
2024-10-01 14:45:33,car
2024-10-01 14:45:33,car
2024-10-01 14:45:33,car
2024-10-01 14:45:33,car
2024-10-01 14:45:33,car
2024-10-01 14:45:34,car
2024-10-01 14:45:34,car
2024-10-01 14:45:34,car
2024-10-01 14:45:34,car
2024-10-01 14:45:34,car
2024-10-01 14:45:34,car
2024-10-01 14:45:34,car
2024-10-01 14:45:34,car
2024-10-01 14:45:34,car
2024-10-01 14:45:34,car
2024-10-01 14:45:34,car
2024-10-01 14:45:34,car
2024-10-01 14:45:34,car
2024-10-01 14:45:34,car
2024-10-01 14:45:34,car
2024-10-01 14:45:34,car
2024-10-01 14:45:35,car
2024-10-01 14:45:35,car
2024-10-01 14:45:35,car
2024-10-01 14:45:35,car
2024-10-01 14:45:35,car
2024-10-01 14:45:35,car
2024-10-01 14:45:35,car
2024-10-01 14:45:35,car
2024-10-01 14:45:35,car
2024-10-01 14:45:35,car
2024-10-01 14:45:35,car
2024-10-01 14:45:35,car
2024-10-01 14:45:35,car
2024-10-01 14:45:35,car
2024-10-01 14:45:35,car
2024-10-01 14:45:35,car
2024-10-01 14:45:35,car
2024-10-01 14:45:35,car
2024-10-01 14:45:35,car
2024-10-01 14:45:35,car
2024-10-01 14:45:35,motorcycle
2024-10-01 14:45:36,car
2024-10-01 14:45:36,car
2024-10-01 14:45:36,car
2024-10-01 14:45:36,car
2024-10-01 14:45:36,car
2024-10-01 14:45:36,car
2024-10-01 14:45:36,car
2024-10-01 14:45:36,car
2024-10-01 14:45:36,car
2024-10-01 14:45:36,car
2024-10-01 14:45:36,car
2024-10-01 14:45:36,car
2024-10-01 14:45:36,car
2024-10-01 14:45:36,car
2024-10-01 14:45:36,car
2024-10-01 14:45:36,car
2024-10-01 14:45:36,car
2024-10-01 14:45:36,car
2024-10-01 14:45:36,car
2024-10-01 14:45:36,car
2024-10-01 14:45:36,car
2024-10-01 14:45:36,car
2024-10-01 14:45:36,car
2024-10-01 14:45:36,car
2024-10-01 14:45:36,truck
2024-10-01 14:45:36,motorcycle
2024-10-01 14:45:36,car
2024-10-01 14:45:36,car
2024-10-01 14:45:37,car
2024-10-01 14:45:37,car
2024-10-01 14:45:37,car
2024-10-01 14:45:37,car
2024-10-01 14:45:37,car
2024-10-01 14:45:37,car
2024-10-01 14:45:37,car
2024-10-01 14:45:37,motorcycle
2024-10-01 14:45:37,car
2024-10-01 14:45:37,car
2024-10-01 14:45:37,car
2024-10-01 14:45:37,car
2024-10-01 14:45:37,car
2024-10-01 14:45:37,truck
2024-10-01 14:45:37,car
2024-10-01 14:45:37,motorcycle
2024-10-01 14:45:37,car
2024-10-01 14:45:37,car
2024-10-01 14:45:37,car
2024-10-01 14:45:37,car
2024-10-01 14:45:37,car
2024-10-01 14:45:37,car
2024-10-01 14:45:37,truck
2024-10-01 14:45:37,car
2024-10-01 14:45:37,car
2024-10-01 14:45:37,car
2024-10-01 14:45:37,car
2024-10-01 14:45:37,car
2024-10-01 14:45:37,truck
2024-10-01 14:45:37,car
2024-10-01 14:45:37,car
2024-10-01 14:45:37,truck
2024-10-01 14:45:37,car
2024-10-01 14:45:37,motorcycle
2024-10-01 14:45:38,car
2024-10-01 14:45:38,car
2024-10-01 14:45:38,car
2024-10-01 14:45:38,car
2024-10-01 14:45:38,car
2024-10-01 14:45:38,truck
2024-10-01 14:45:38,car
2024-10-01 14:45:38,truck
2024-10-01 14:45:38,truck
2024-10-01 14:45:38,car
2024-10-01 14:45:38,car
2024-10-01 14:45:38,car
2024-10-01 14:45:38,truck
2024-10-01 14:45:38,car
2024-10-01 14:45:38,car
2024-10-01 14:45:38,truck
2024-10-01 14:45:38,car
2024-10-01 14:45:38,car
2024-10-01 14:45:38,car
2024-10-01 14:45:38,car
2024-10-01 14:45:38,car
2024-10-01 14:45:38,truck
2024-10-01 14:45:38,car
2024-10-01 14:45:39,car
2024-10-01 14:45:39,car
2024-10-01 14:45:39,car
2024-10-01 14:45:39,truck
2024-10-01 14:45:39,car
2024-10-01 14:45:39,car
2024-10-01 14:45:39,car
2024-10-01 14:45:39,car
2024-10-01 14:45:39,car
2024-10-01 14:45:39,car
2024-10-01 14:45:39,truck
2024-10-01 14:45:39,car
2024-10-01 14:45:39,car
2024-10-01 14:45:39,car
2024-10-01 14:45:39,car
2024-10-01 14:45:39,car
2024-10-01 14:45:39,car
2024-10-01 14:45:40,car
2024-10-01 14:45:40,car
2024-10-01 14:45:40,car
2024-10-01 14:45:40,car
2024-10-01 14:45:40,car
2024-10-01 14:45:40,car
2024-10-01 14:45:40,car
2024-10-01 14:45:40,car
2024-10-01 14:45:40,car
2024-10-01 14:45:40,car
2024-10-01 14:45:40,car
2024-10-01 14:45:40,car
2024-10-01 14:45:40,car
2024-10-01 14:45:40,car
2024-10-01 14:45:40,car
2024-10-01 14:45:40,car
2024-10-01 14:45:40,car
2024-10-01 14:45:40,car
2024-10-01 14:45:40,car
2024-10-01 14:45:40,car
2024-10-01 14:45:41,car
2024-10-01 14:45:41,car
2024-10-01 14:45:41,car
2024-10-01 14:45:41,car
2024-10-01 14:45:41,car
2024-10-01 14:45:41,car
2024-10-01 14:45:41,car
2024-10-01 14:45:41,car
2024-10-01 14:45:41,car
2024-10-01 14:45:41,car
2024-10-01 14:45:41,car
2024-10-01 14:45:41,car
2024-10-01 14:45:41,car
2024-10-01 14:45:41,car
2024-10-01 14:45:41,car
2024-10-01 14:45:41,car
2024-10-01 14:45:41,car
2024-10-01 14:45:41,car
2024-10-01 14:45:41,car
2024-10-01 14:45:41,car
2024-10-01 14:45:42,car
2024-10-01 14:45:42,car
2024-10-01 14:45:42,car
2024-10-01 14:45:42,car
2024-10-01 14:45:42,truck
2024-10-01 14:45:42,car
2024-10-01 14:45:42,car
2024-10-01 14:45:42,car
2024-10-01 14:45:42,car
2024-10-01 14:45:42,car
2024-10-01 14:45:42,car
2024-10-01 14:45:42,car
2024-10-01 14:45:42,car
2024-10-01 14:45:42,car
2024-10-01 14:45:42,car
2024-10-01 14:45:42,motorcycle
2024-10-01 14:45:42,car
2024-10-01 14:45:43,car
2024-10-01 14:45:43,car
2024-10-01 14:45:43,car
2024-10-01 14:45:43,car
2024-10-01 14:45:43,car
2024-10-01 14:45:43,motorcycle
2024-10-01 14:45:43,car
2024-10-01 14:45:43,car
2024-10-01 14:45:43,car
2024-10-01 14:45:43,car
2024-10-01 14:45:43,car
2024-10-01 14:45:43,car
2024-10-01 14:45:43,motorcycle
2024-10-01 14:45:43,car
2024-10-01 14:45:43,car
2024-10-01 14:45:43,car
2024-10-01 14:45:43,car
2024-10-01 14:45:43,car
2024-10-01 14:45:44,car
2024-10-01 14:45:44,car
2024-10-01 14:45:44,car
2024-10-01 14:45:44,car
2024-10-01 14:45:44,car
2024-10-01 14:45:44,car
2024-10-01 14:45:44,car
2024-10-01 14:45:44,car
2024-10-01 14:45:44,car
2024-10-01 14:45:44,car
2024-10-01 14:45:44,car
2024-10-01 14:45:44,car
2024-10-01 14:45:44,car
2024-10-01 14:45:44,car
2024-10-01 14:45:44,car
2024-10-01 14:45:45,car
2024-10-01 14:45:45,car
2024-10-01 14:45:45,car
2024-10-01 14:45:45,car
2024-10-01 14:45:45,car
2024-10-01 14:45:45,car
2024-10-01 14:45:45,car
2024-10-01 14:45:45,car
2024-10-01 14:45:45,car
2024-10-01 14:45:45,car
2024-10-01 14:45:45,car
2024-10-01 14:45:45,car
2024-10-01 14:45:45,car
2024-10-01 14:45:45,car
2024-10-01 14:45:46,car
2024-10-01 14:45:46,car
2024-10-01 14:45:46,car
2024-10-01 14:45:46,car
2024-10-01 14:45:46,car
2024-10-01 14:45:46,car
2024-10-01 14:45:46,car
2024-10-01 14:45:46,car
2024-10-01 14:45:46,car
2024-10-01 14:45:46,car
2024-10-01 14:45:46,car
2024-10-01 14:45:46,car
2024-10-01 14:45:46,car
2024-10-01 14:45:46,car
2024-10-01 14:45:46,car
2024-10-01 14:45:46,car
2024-10-01 14:45:46,car
2024-10-01 14:45:46,car
2024-10-01 14:45:47,car
2024-10-01 14:45:47,car
2024-10-01 14:45:47,car
2024-10-01 14:45:47,motorcycle
2024-10-01 14:45:47,car
2024-10-01 14:45:47,car
2024-10-01 14:45:47,car
2024-10-01 14:45:47,car
2024-10-01 14:45:47,car
2024-10-01 14:45:47,motorcycle
2024-10-01 14:45:47,car
2024-10-01 14:45:47,car
2024-10-01 14:45:47,car
2024-10-01 14:45:47,car
2024-10-01 14:45:47,motorcycle
2024-10-01 14:45:48,car
2024-10-01 14:45:48,car
2024-10-01 14:45:48,car
2024-10-01 14:45:48,car
2024-10-01 14:45:48,motorcycle
2024-10-01 14:45:48,car
2024-10-01 14:45:48,car
2024-10-01 14:45:48,car
2024-10-01 14:45:48,car
2024-10-01 14:45:48,car
2024-10-01 14:45:48,car
2024-10-01 14:45:48,car
2024-10-01 14:45:48,car
2024-10-01 14:45:49,car
2024-10-01 14:45:49,car
2024-10-01 14:45:49,car
2024-10-01 14:45:49,car
2024-10-01 14:45:49,car
2024-10-01 14:45:49,car
2024-10-01 14:45:49,car
2024-10-01 14:45:49,car
2024-10-01 14:45:49,car
2024-10-01 14:45:49,car
2024-10-01 14:45:49,motorcycle
2024-10-01 14:45:49,car
2024-10-01 14:45:49,car
2024-10-01 14:45:49,car
2024-10-01 14:45:49,car
2024-10-01 14:45:49,car
2024-10-01 14:45:49,car
2024-10-01 14:45:50,car
2024-10-01 14:45:50,car
2024-10-01 14:45:50,car
2024-10-01 14:45:50,car
2024-10-01 14:45:50,car
2024-10-01 14:45:50,car
2024-10-01 14:45:50,car
2024-10-01 14:45:50,car
2024-10-01 14:45:50,car
2024-10-01 14:45:50,car
2024-10-01 14:45:50,car
2024-10-01 14:45:50,car
2024-10-01 14:45:50,car
2024-10-01 14:45:51,car
2024-10-01 14:45:51,car
2024-10-01 14:45:51,car
2024-10-01 14:45:51,car
2024-10-01 14:45:51,car
2024-10-01 14:45:51,car
2024-10-01 14:45:51,car
2024-10-01 14:45:51,car
2024-10-01 14:45:51,car
2024-10-01 14:45:51,car
2024-10-01 14:45:51,car
2024-10-01 14:45:51,car
2024-10-01 14:45:51,car
2024-10-01 14:45:51,car
2024-10-01 14:45:51,car
2024-10-01 14:45:51,car
2024-10-01 14:45:51,car
2024-10-01 14:45:51,car
2024-10-01 14:45:51,car
2024-10-01 14:45:51,car
2024-10-01 14:45:52,car
2024-10-01 14:45:52,car
2024-10-01 14:45:52,car
2024-10-01 14:45:52,car
2024-10-01 14:45:52,car
2024-10-01 14:45:52,car
2024-10-01 14:45:52,car
2024-10-01 14:45:52,car
2024-10-01 14:45:52,car
2024-10-01 14:45:52,car
2024-10-01 14:45:52,car
2024-10-01 14:45:52,car
2024-10-01 14:45:52,car
2024-10-01 14:45:52,car
2024-10-01 14:45:52,car
2024-10-01 14:45:52,car
2024-10-01 14:45:52,car
2024-10-01 14:45:53,car
2024-10-01 14:45:53,car
2024-10-01 14:45:53,car
2024-10-01 14:45:53,car
2024-10-01 14:45:53,car
2024-10-01 14:45:53,car
2024-10-01 14:45:53,car
2024-10-01 14:45:53,car
2024-10-01 14:45:53,car
2024-10-01 14:45:53,car
2024-10-01 14:45:53,car
2024-10-01 14:45:53,car
2024-10-01 14:45:53,car
2024-10-01 14:45:53,car
2024-10-01 14:45:53,car
2024-10-01 14:45:53,car
2024-10-01 14:45:54,car
2024-10-01 14:45:54,car
2024-10-01 14:45:54,car
2024-10-01 14:45:54,car
2024-10-01 14:45:54,car
2024-10-01 14:45:54,car
2024-10-01 14:45:54,car
2024-10-01 14:45:54,car
2024-10-01 14:45:54,car
2024-10-01 14:45:54,car
2024-10-01 14:45:54,car
2024-10-01 14:45:54,car
2024-10-01 14:45:54,car
2024-10-01 14:45:54,car
2024-10-01 14:45:54,motorcycle
2024-10-01 14:45:55,car
2024-10-01 14:45:55,car
2024-10-01 14:45:55,car
2024-10-01 14:45:55,car
2024-10-01 14:45:55,car
2024-10-01 14:45:55,car
2024-10-01 14:45:55,car
2024-10-01 14:45:55,car
2024-10-01 14:45:55,car
2024-10-01 14:45:55,car
2024-10-01 14:45:55,car
2024-10-01 14:45:55,car
2024-10-01 14:45:55,car
2024-10-01 14:45:55,car
2024-10-01 14:45:55,car
2024-10-01 14:45:55,car
2024-10-01 14:45:55,car
2024-10-01 14:45:56,car
2024-10-01 14:45:56,car
2024-10-01 14:45:56,car
2024-10-01 14:45:56,car
2024-10-01 14:45:56,car
2024-10-01 14:45:56,car
2024-10-01 14:45:56,car
2024-10-01 14:45:56,car
2024-10-01 14:45:56,car
2024-10-01 14:45:56,car
2024-10-01 14:45:56,car
2024-10-01 14:45:57,car
2024-10-01 14:45:57,car
2024-10-01 14:45:57,car
2024-10-01 14:45:57,car
2024-10-01 14:45:57,car
2024-10-01 14:45:57,car
2024-10-01 14:45:57,car
2024-10-01 14:45:57,car
2024-10-01 14:45:57,car
2024-10-01 14:45:58,car
2024-10-01 14:45:58,car
2024-10-01 14:45:58,car
2024-10-01 14:45:58,car
2024-10-01 14:45:58,car
2024-10-01 14:45:58,car
2024-10-01 14:45:58,car
2024-10-01 14:45:58,car
2024-10-01 14:45:58,car
2024-10-01 14:45:58,car
2024-10-01 14:45:58,car
2024-10-01 14:45:58,car
2024-10-01 14:45:58,car
2024-10-01 14:45:58,car
2024-10-01 14:45:58,car
2024-10-01 14:45:59,car
2024-10-01 14:45:59,car
2024-10-01 14:45:59,car
2024-10-01 14:45:59,car
2024-10-01 14:45:59,car
2024-10-01 14:45:59,car
2024-10-01 14:45:59,car
2024-10-01 14:45:59,car
2024-10-01 14:45:59,car
2024-10-01 14:45:59,truck
2024-10-01 14:46:00,car
2024-10-01 14:46:00,car
2024-10-01 14:46:00,car
2024-10-01 14:46:00,car
2024-10-01 14:46:00,car
2024-10-01 14:46:00,car
2024-10-01 14:46:00,car
2024-10-01 14:46:01,car
2024-10-01 14:46:01,car
2024-10-01 14:46:01,car
2024-10-01 14:46:01,car
2024-10-01 14:46:01,car
2024-10-01 14:46:01,car
2024-10-01 14:46:02,car
2024-10-01 14:46:02,car
2024-10-01 14:46:02,car
2024-10-01 14:46:02,car
2024-10-01 14:46:02,car
2024-10-01 14:46:02,car
2024-10-01 14:46:02,car
2024-10-01 14:46:02,car
2024-10-01 14:46:03,car
2024-10-01 14:46:03,car
2024-10-01 14:46:03,car
2024-10-01 14:46:03,car
2024-10-01 14:46:03,car
2024-10-01 14:46:03,car
2024-10-01 14:46:03,car
2024-10-01 14:46:03,car
2024-10-01 14:46:04,car
2024-10-01 14:46:04,car
2024-10-01 14:46:04,car
2024-10-01 14:46:04,car
2024-10-01 14:46:04,car
2024-10-01 14:46:05,car
2024-10-01 14:46:05,car
2024-10-01 14:46:05,car
2024-10-01 14:46:05,car
2024-10-01 14:46:05,car
2024-10-01 14:46:05,motorcycle
2024-10-01 14:46:05,car
2024-10-01 14:46:05,car
2024-10-01 14:46:06,car
2024-10-01 14:46:06,car
2024-10-01 14:46:06,car
2024-10-01 14:46:06,car
2024-10-01 14:46:06,car
2024-10-01 14:46:06,car
2024-10-01 14:46:06,car
2024-10-01 14:46:07,car
2024-10-01 14:46:07,car
2024-10-01 14:46:07,car
2024-10-01 14:46:07,car
2024-10-01 14:46:08,car
2024-10-01 14:46:08,car
2024-10-01 14:46:08,car
2024-10-01 14:46:08,truck
2024-10-01 14:46:08,car
2024-10-01 14:46:08,truck
2024-10-01 14:46:08,car
2024-10-01 14:46:08,car
2024-10-01 14:46:09,car
2024-10-01 14:46:09,truck
2024-10-01 14:46:09,car
2024-10-01 14:46:09,truck
2024-10-01 14:46:09,car
2024-10-01 14:46:09,truck
2024-10-01 14:46:09,truck
2024-10-01 14:46:09,car
2024-10-01 14:46:10,truck
2024-10-01 14:46:10,car
2024-10-01 14:46:10,truck
2024-10-01 14:46:10,car
2024-10-01 14:46:10,truck
2024-10-01 14:46:10,car
2024-10-01 14:46:10,car
2024-10-01 14:46:10,truck
2024-10-01 14:46:11,car
2024-10-01 14:46:11,truck
2024-10-01 14:46:11,car
2024-10-01 14:46:11,car
2024-10-01 14:46:11,car
2024-10-01 14:46:12,car
2024-10-01 14:46:12,car
2024-10-01 14:46:12,car
2024-10-01 14:46:13,car
2024-10-01 14:46:13,motorcycle
2024-10-01 14:46:13,car
2024-10-01 14:46:13,motorcycle
2024-10-01 14:46:13,car
2024-10-01 14:46:13,motorcycle
2024-10-01 14:46:14,car
2024-10-01 14:46:14,car
2024-10-01 14:46:14,car
2024-10-01 14:46:14,car
2024-10-01 14:46:14,motorcycle
2024-10-01 14:46:14,car
2024-10-01 14:46:14,car
2024-10-01 14:46:14,car
2024-10-01 14:46:14,motorcycle
2024-10-01 14:46:15,car
2024-10-01 14:46:15,car
2024-10-01 14:46:15,car
2024-10-01 14:46:15,motorcycle
2024-10-01 14:46:15,car
2024-10-01 14:46:16,car
2024-10-01 14:46:16,truck
2024-10-01 14:46:16,car
2024-10-01 14:46:16,truck
2024-10-01 14:46:16,car
2024-10-01 14:46:16,truck
2024-10-01 14:46:17,car
2024-10-01 14:46:17,truck
2024-10-01 14:46:17,car
2024-10-01 14:46:17,car
2024-10-01 14:46:18,car
2024-10-01 14:46:18,car
2024-10-01 14:46:18,car
2024-10-01 14:46:18,car
2024-10-01 14:46:18,car
2024-10-01 14:46:18,car
2024-10-01 14:46:19,car
2024-10-01 14:46:19,car
2024-10-01 14:46:19,car
2024-10-01 14:46:19,car
2024-10-01 14:46:19,car
2024-10-01 14:46:19,car
2024-10-01 14:46:19,car
2024-10-01 14:46:19,car
2024-10-01 14:46:20,car
2024-10-01 14:46:20,car
2024-10-01 14:46:20,car
2024-10-01 14:46:20,car
2024-10-01 14:46:20,motorcycle
2024-10-01 14:46:20,car
2024-10-01 14:46:20,car
2024-10-01 14:46:20,motorcycle
2024-10-01 14:46:20,car
2024-10-01 14:46:20,car
2024-10-01 14:46:20,motorcycle
2024-10-01 14:46:21,car
2024-10-01 14:46:21,car
2024-10-01 14:46:21,motorcycle
2024-10-01 14:46:21,car
2024-10-01 14:46:21,car
2024-10-01 14:46:21,motorcycle
2024-10-01 14:46:21,car
2024-10-01 14:46:21,car
2024-10-01 14:46:21,car
2024-10-01 14:46:21,car
2024-10-01 14:46:22,car
2024-10-01 14:46:22,car
2024-10-01 14:46:22,car
2024-10-01 14:46:22,car
2024-10-01 14:46:22,car
2024-10-01 14:46:22,car
2024-10-01 14:46:22,car
2024-10-01 14:46:22,car
2024-10-01 14:46:23,car
2024-10-01 14:46:23,car
2024-10-01 14:46:23,car
2024-10-01 14:46:23,car
2024-10-01 14:46:23,car
2024-10-01 14:46:23,car
2024-10-01 14:46:24,car
2024-10-01 14:46:24,car
2024-10-01 14:46:24,car
2024-10-01 14:46:24,car
2024-10-01 14:46:24,car
2024-10-01 14:46:24,car
2024-10-01 14:46:24,car
2024-10-01 14:46:24,car
2024-10-01 14:46:25,car
2024-10-01 14:46:25,car
2024-10-01 14:46:25,car
2024-10-01 14:46:25,car
2024-10-01 14:46:25,car
2024-10-01 14:46:25,car
2024-10-01 14:46:26,car
2024-10-01 14:46:26,car
2024-10-01 14:46:26,car
2024-10-01 14:46:26,car
2024-10-01 14:46:26,car
2024-10-01 14:46:26,truck
2024-10-01 14:46:26,car
2024-10-01 14:46:27,car
2024-10-01 14:46:27,car
2024-10-01 14:46:27,truck
2024-10-01 14:46:27,car
2024-10-01 14:46:27,car
2024-10-01 14:46:27,truck
2024-10-01 14:46:27,car
2024-10-01 14:46:27,truck
2024-10-01 14:46:27,car
2024-10-01 14:46:28,car
2024-10-01 14:46:28,car
2024-10-01 14:46:28,car
2024-10-01 14:46:28,truck
2024-10-01 14:46:28,car
2024-10-01 14:46:28,car
2024-10-01 14:46:28,car
2024-10-01 14:46:29,car
2024-10-01 14:46:29,car
2024-10-01 14:46:29,car
2024-10-01 14:46:29,car
2024-10-01 14:46:30,car
2024-10-01 14:46:30,car
2024-10-01 14:46:30,motorcycle
2024-10-01 14:46:30,car
2024-10-01 14:46:30,car
2024-10-01 14:46:30,car
2024-10-01 14:46:31,car
2024-10-01 14:46:31,car
2024-10-01 14:46:31,car
2024-10-01 14:46:31,car
2024-10-01 14:46:32,car
2024-10-01 14:46:32,car
2024-10-01 14:46:32,truck
2024-10-01 14:46:32,car
2024-10-01 14:46:32,car
2024-10-01 14:46:32,truck
2024-10-01 14:46:32,car
2024-10-01 14:46:32,truck
2024-10-01 14:46:32,car
2024-10-01 14:46:33,car
2024-10-01 14:46:33,car
2024-10-01 14:46:33,car
2024-10-01 14:46:33,car
2024-10-01 14:46:33,car
2024-10-01 14:46:33,car
2024-10-01 14:46:33,car
2024-10-01 14:46:33,car
2024-10-01 14:46:33,car
2024-10-01 14:46:33,car
2024-10-01 14:46:34,car
2024-10-01 14:46:34,car
2024-10-01 14:46:34,car
2024-10-01 14:46:34,car
2024-10-01 14:46:34,car
2024-10-01 14:46:34,car
2024-10-01 14:46:34,car
2024-10-01 14:46:34,car
2024-10-01 14:46:34,car
2024-10-01 14:46:35,car
2024-10-01 14:46:35,car
2024-10-01 14:46:35,car
2024-10-01 14:46:35,car
2024-10-01 14:46:35,car
2024-10-01 14:46:35,car
2024-10-01 14:46:35,truck
2024-10-01 14:46:35,car
2024-10-01 14:46:35,car
2024-10-01 14:46:35,car
2024-10-01 14:46:35,truck
2024-10-01 14:46:35,car
2024-10-01 14:46:35,car
2024-10-01 14:46:35,truck
2024-10-01 14:46:35,car
2024-10-01 14:46:35,car
2024-10-01 14:46:36,car
2024-10-01 14:46:36,car
2024-10-01 14:46:36,car
2024-10-01 14:46:36,truck
2024-10-01 14:46:36,car
2024-10-01 14:46:36,car
2024-10-01 14:46:36,car
2024-10-01 14:46:36,car
2024-10-01 14:46:36,truck
2024-10-01 14:46:36,motorcycle
2024-10-01 14:46:36,car
2024-10-01 14:46:36,car
2024-10-01 14:46:36,car
2024-10-01 14:46:36,truck
2024-10-01 14:46:36,car
2024-10-01 14:46:36,motorcycle
2024-10-01 14:46:37,car
2024-10-01 14:46:37,car
2024-10-01 14:46:37,car
2024-10-01 14:46:37,truck
2024-10-01 14:46:37,car
2024-10-01 14:46:37,motorcycle
2024-10-01 14:46:37,car
2024-10-01 14:46:37,car
2024-10-01 14:46:37,car
2024-10-01 14:46:37,car
2024-10-01 14:46:37,truck
2024-10-01 14:46:37,car
2024-10-01 14:46:37,car
2024-10-01 14:46:37,car
2024-10-01 14:46:37,truck
2024-10-01 14:46:37,car
2024-10-01 14:46:38,car
2024-10-01 14:46:38,car
2024-10-01 14:46:38,car
2024-10-01 14:46:38,truck
2024-10-01 14:46:38,car
2024-10-01 14:46:38,car
2024-10-01 14:46:38,car
2024-10-01 14:46:38,car
2024-10-01 14:46:38,car
2024-10-01 14:46:38,car
2024-10-01 14:46:38,car
2024-10-01 14:46:39,car
2024-10-01 14:46:39,car
2024-10-01 14:46:39,car
2024-10-01 14:46:39,car
2024-10-01 14:46:39,car
2024-10-01 14:46:39,car
2024-10-01 14:46:39,car
2024-10-01 14:46:39,car
2024-10-01 14:46:39,car
2024-10-01 14:46:40,car
2024-10-01 14:46:40,car
2024-10-01 14:46:40,car
2024-10-01 14:46:40,car
2024-10-01 14:46:40,car
2024-10-01 14:46:40,car
2024-10-01 14:46:40,car
2024-10-01 14:46:40,truck
2024-10-01 14:46:40,car
2024-10-01 14:46:40,car
2024-10-01 14:46:40,car
2024-10-01 14:46:40,truck
2024-10-01 14:46:40,car
2024-10-01 14:46:41,car
2024-10-01 14:46:41,car
2024-10-01 14:46:41,car
2024-10-01 14:46:41,car
2024-10-01 14:46:41,car
2024-10-01 14:46:41,car
2024-10-01 14:46:41,car
2024-10-01 14:46:41,car
2024-10-01 14:46:41,truck
2024-10-01 14:46:41,car
2024-10-01 14:46:41,car
2024-10-01 14:46:41,car
2024-10-01 14:46:41,car
2024-10-01 14:46:42,car
2024-10-01 14:46:42,car
2024-10-01 14:46:42,car
2024-10-01 14:46:42,car
2024-10-01 14:46:42,car
2024-10-01 14:46:42,car
2024-10-01 14:46:42,car
2024-10-01 14:46:42,car
2024-10-01 14:46:42,car
2024-10-01 14:46:42,car
2024-10-01 14:46:42,car
2024-10-01 14:46:42,car
2024-10-01 14:46:43,car
2024-10-01 14:46:43,car
2024-10-01 14:46:43,car
2024-10-01 14:46:43,car
2024-10-01 14:46:43,car
2024-10-01 14:46:43,car
2024-10-01 14:46:43,car
2024-10-01 14:46:43,car
2024-10-01 14:46:43,car
2024-10-01 14:46:43,truck
2024-10-01 14:46:44,car
2024-10-01 14:46:44,truck
2024-10-01 14:46:44,car
2024-10-01 14:46:44,car
2024-10-01 14:46:44,car
2024-10-01 14:46:44,truck
2024-10-01 14:46:44,car
2024-10-01 14:46:45,car
2024-10-01 14:46:45,car
2024-10-01 14:46:45,car
2024-10-01 14:46:45,car
2024-10-01 14:46:45,car
2024-10-01 14:46:45,car
2024-10-01 14:46:45,car
2024-10-01 14:46:45,car
2024-10-01 14:46:45,car
2024-10-01 14:46:45,car
2024-10-01 14:46:45,car
2024-10-01 14:46:45,car
2024-10-01 14:46:46,car
2024-10-01 14:46:46,car
2024-10-01 14:46:46,car
2024-10-01 14:46:46,car
2024-10-01 14:46:46,car
2024-10-01 14:46:46,car
2024-10-01 14:46:47,car
2024-10-01 14:46:47,car
2024-10-01 14:46:47,car
2024-10-01 14:46:47,car
2024-10-01 14:46:47,car
2024-10-01 14:46:47,car
2024-10-01 14:46:48,car
2024-10-01 14:46:48,car
2024-10-01 14:46:48,truck
2024-10-01 14:46:48,car
2024-10-01 14:46:48,car
2024-10-01 14:46:48,car
2024-10-01 14:46:48,car
2024-10-01 14:46:48,truck
2024-10-01 14:46:49,car
2024-10-01 14:46:49,car
2024-10-01 14:46:49,car
2024-10-01 14:46:49,car
2024-10-01 14:46:49,car
2024-10-01 14:46:49,truck
2024-10-01 14:46:49,car
2024-10-01 14:46:49,car
2024-10-01 14:46:50,car
2024-10-01 14:46:50,car
2024-10-01 14:46:50,car
2024-10-01 14:46:50,car
2024-10-01 14:46:50,car
2024-10-01 14:46:50,car
2024-10-01 14:46:50,car
2024-10-01 14:46:51,car
2024-10-01 14:46:51,car
2024-10-01 14:46:51,car
2024-10-01 14:46:51,car
2024-10-01 14:46:52,car
2024-10-01 14:46:52,car
2024-10-01 14:46:52,car
2024-10-01 14:46:52,car
2024-10-01 14:46:52,car
2024-10-01 14:46:52,car
2024-10-01 14:46:52,car
2024-10-01 14:46:52,car
2024-10-01 14:46:52,car
2024-10-01 14:46:53,car
2024-10-01 14:46:53,car
2024-10-01 14:46:53,car
2024-10-01 14:46:53,car
2024-10-01 14:46:53,car
2024-10-01 14:46:53,car
2024-10-01 14:46:53,car
2024-10-01 14:46:53,car
2024-10-01 14:46:53,car
2024-10-01 14:46:53,car
2024-10-01 14:46:53,car
2024-10-01 14:46:54,car
2024-10-01 14:46:54,car
2024-10-01 14:46:54,car
2024-10-01 14:46:54,car
2024-10-01 14:46:54,car
2024-10-01 14:46:54,car
2024-10-01 14:46:54,car
2024-10-01 14:46:54,car
2024-10-01 14:46:54,car
2024-10-01 14:46:54,car
2024-10-01 14:46:54,car
2024-10-01 14:46:55,car
2024-10-01 14:46:55,car
2024-10-01 14:46:55,car
2024-10-01 14:46:55,car
2024-10-01 14:46:55,motorcycle
2024-10-01 14:46:55,car
2024-10-01 14:46:55,car
2024-10-01 14:46:55,car
2024-10-01 14:46:55,car
2024-10-01 14:46:55,car
2024-10-01 14:46:55,car
2024-10-01 14:46:55,car
2024-10-01 14:46:55,car
2024-10-01 14:46:56,car
2024-10-01 14:46:56,car
2024-10-01 14:46:56,car
2024-10-01 14:46:56,car
2024-10-01 14:46:56,car
2024-10-01 14:46:56,car
2024-10-01 14:46:56,car
2024-10-01 14:46:56,car
2024-10-01 14:46:56,car
2024-10-01 14:46:56,car
2024-10-01 14:46:56,car
2024-10-01 14:46:56,car
2024-10-01 14:46:57,car
2024-10-01 14:46:57,car
2024-10-01 14:46:57,car
2024-10-01 14:46:57,car
2024-10-01 14:46:57,car
2024-10-01 14:46:57,car
2024-10-01 14:46:57,car
2024-10-01 14:46:57,car
2024-10-01 14:46:57,car
2024-10-01 14:46:57,car
2024-10-01 14:46:57,car
2024-10-01 14:46:57,car
2024-10-01 14:46:57,car
2024-10-01 14:46:57,car
2024-10-01 14:46:57,car
2024-10-01 14:46:57,car
2024-10-01 14:46:57,car
2024-10-01 14:46:58,car
2024-10-01 14:46:58,car
2024-10-01 14:46:58,car
2024-10-01 14:46:58,car
2024-10-01 14:46:58,car
2024-10-01 14:46:58,car
2024-10-01 14:46:58,car
2024-10-01 14:46:58,car
2024-10-01 14:46:58,car
2024-10-01 14:46:58,car
2024-10-01 14:46:58,car
2024-10-01 14:46:58,car
2024-10-01 14:46:58,car
2024-10-01 14:46:59,car
2024-10-01 14:46:59,car
2024-10-01 14:46:59,car
2024-10-01 14:46:59,car
2024-10-01 14:46:59,car
2024-10-01 14:46:59,car
2024-10-01 14:46:59,car
2024-10-01 14:46:59,car
2024-10-01 14:46:59,car
2024-10-01 14:46:59,car
2024-10-01 14:46:59,car
2024-10-01 14:46:59,car
2024-10-01 14:46:59,car
2024-10-01 14:46:59,car
2024-10-01 14:46:59,car
2024-10-01 14:47:00,car
2024-10-01 14:47:00,car
2024-10-01 14:47:00,car
2024-10-01 14:47:00,car
2024-10-01 14:47:00,car
2024-10-01 14:47:00,car
2024-10-01 14:47:00,car
2024-10-01 14:47:00,car
2024-10-01 14:47:00,car
2024-10-01 14:47:00,car
2024-10-01 14:47:00,car
2024-10-01 14:47:00,car
2024-10-01 14:47:00,car
2024-10-01 14:47:00,car
2024-10-01 14:47:00,car
2024-10-01 14:47:00,car
2024-10-01 14:47:00,car
2024-10-01 14:47:00,car
2024-10-01 14:47:00,car
2024-10-01 14:47:01,car
2024-10-01 14:47:01,car
2024-10-01 14:47:01,car
2024-10-01 14:47:01,car
2024-10-01 14:47:01,car
2024-10-01 14:47:01,car
2024-10-01 14:47:01,car
2024-10-01 14:47:01,car
2024-10-01 14:47:01,car
2024-10-01 14:47:01,car
2024-10-01 14:47:01,car
2024-10-01 14:47:01,car
2024-10-01 14:47:01,car
2024-10-01 14:47:01,car
2024-10-01 14:47:01,car
2024-10-01 14:47:01,car
2024-10-01 14:47:02,car
2024-10-01 14:47:02,car
2024-10-01 14:47:02,car
2024-10-01 14:47:02,car
2024-10-01 14:47:02,car
2024-10-01 14:47:02,car
2024-10-01 14:47:02,car
2024-10-01 14:47:02,car
2024-10-01 14:47:02,car
2024-10-01 14:47:02,car
2024-10-01 14:47:02,car
2024-10-01 14:47:02,car
2024-10-01 14:47:03,car
2024-10-01 14:47:03,car
2024-10-01 14:47:03,car
2024-10-01 14:47:03,car
2024-10-01 14:47:03,car
2024-10-01 14:47:03,car
2024-10-01 14:47:03,car
2024-10-01 14:47:03,car
2024-10-01 14:47:03,car
2024-10-01 14:47:03,car
2024-10-01 14:47:03,car
2024-10-01 14:47:03,car
2024-10-01 14:47:03,car
2024-10-01 14:47:03,car
2024-10-01 14:47:04,car
2024-10-01 14:47:04,car
2024-10-01 14:47:04,car
2024-10-01 14:47:04,car
2024-10-01 14:47:04,car
2024-10-01 14:47:04,car
2024-10-01 14:47:04,car
2024-10-01 14:47:04,car
2024-10-01 14:47:04,car
2024-10-01 14:47:04,car
2024-10-01 14:47:04,car
2024-10-01 14:47:04,car
2024-10-01 14:47:04,car
2024-10-01 14:47:05,car
2024-10-01 14:47:05,car
2024-10-01 14:47:05,car
2024-10-01 14:47:05,car
2024-10-01 14:47:05,car
2024-10-01 14:47:05,car
2024-10-01 14:47:05,car
2024-10-01 14:47:05,car
2024-10-01 14:47:05,car
2024-10-01 14:47:05,car
2024-10-01 14:47:05,car
2024-10-01 14:47:05,car
2024-10-01 14:47:05,car
2024-10-01 14:47:06,car
2024-10-01 14:47:06,car
2024-10-01 14:47:06,car
2024-10-01 14:47:06,car
2024-10-01 14:47:06,car
2024-10-01 14:47:06,car
2024-10-01 14:47:06,car
2024-10-01 14:47:06,car
2024-10-01 14:47:06,car
2024-10-01 14:47:06,car
2024-10-01 14:47:06,car
2024-10-01 14:47:06,car
2024-10-01 14:47:06,car
2024-10-01 14:47:06,car
2024-10-01 14:47:06,car
2024-10-01 14:47:06,car
2024-10-01 14:47:07,car
2024-10-01 14:47:07,motorcycle
2024-10-01 14:47:07,car
2024-10-01 14:47:07,car
2024-10-01 14:47:07,car
2024-10-01 14:47:07,car
2024-10-01 14:47:07,car
2024-10-01 14:47:07,car
2024-10-01 14:47:07,car
2024-10-01 14:47:07,car
2024-10-01 14:47:07,car
2024-10-01 14:47:07,car
2024-10-01 14:47:07,car
2024-10-01 14:47:07,car
2024-10-01 14:47:07,car
2024-10-01 14:47:07,car
2024-10-01 14:47:07,car
2024-10-01 14:47:07,car
2024-10-01 14:47:08,car
2024-10-01 14:47:08,car
2024-10-01 14:47:08,car
2024-10-01 14:47:08,car
2024-10-01 14:47:08,car
2024-10-01 14:47:08,car
2024-10-01 14:47:08,car
2024-10-01 14:47:08,motorcycle
2024-10-01 14:47:08,car
2024-10-01 14:47:08,car
2024-10-01 14:47:08,car
2024-10-01 14:47:08,car
2024-10-01 14:47:08,car
2024-10-01 14:47:08,car
2024-10-01 14:47:09,car
2024-10-01 14:47:09,car
2024-10-01 14:47:09,car
2024-10-01 14:47:09,car
2024-10-01 14:47:09,car
2024-10-01 14:47:09,car
2024-10-01 14:47:09,motorcycle
2024-10-01 14:47:09,car
2024-10-01 14:47:09,car
2024-10-01 14:47:09,car
2024-10-01 14:47:09,car
2024-10-01 14:47:09,car
2024-10-01 14:47:09,car
2024-10-01 14:47:09,motorcycle
2024-10-01 14:47:09,car
2024-10-01 14:47:09,car
2024-10-01 14:47:09,car
2024-10-01 14:47:09,car
2024-10-01 14:47:09,car
2024-10-01 14:47:09,car
2024-10-01 14:47:10,car
2024-10-01 14:47:10,car
2024-10-01 14:47:10,car
2024-10-01 14:47:10,car
2024-10-01 14:47:10,motorcycle
2024-10-01 14:47:10,car
2024-10-01 14:47:10,car
2024-10-01 14:47:10,car
2024-10-01 14:47:10,car
2024-10-01 14:47:10,car
2024-10-01 14:47:10,car
2024-10-01 14:47:10,car
2024-10-01 14:47:10,car
2024-10-01 14:47:10,car
2024-10-01 14:47:10,car
2024-10-01 14:47:10,car
2024-10-01 14:47:10,car
2024-10-01 14:47:10,car
2024-10-01 14:47:10,car
2024-10-01 14:47:11,car
2024-10-01 14:47:11,car
2024-10-01 14:47:11,car
2024-10-01 14:47:11,car
2024-10-01 14:47:11,car
2024-10-01 14:47:11,car
2024-10-01 14:47:11,car
2024-10-01 14:47:11,car
2024-10-01 14:47:11,car
2024-10-01 14:47:11,car
2024-10-01 14:47:11,car
2024-10-01 14:47:11,car
2024-10-01 14:47:11,car
2024-10-01 14:47:11,car
2024-10-01 14:47:11,car
2024-10-01 14:47:11,car
2024-10-01 14:47:11,car
2024-10-01 14:47:12,car
2024-10-01 14:47:12,car
2024-10-01 14:47:12,car
2024-10-01 14:47:12,car
2024-10-01 14:47:12,car
2024-10-01 14:47:12,car
2024-10-01 14:47:12,car
2024-10-01 14:47:12,car
2024-10-01 14:47:12,car
2024-10-01 14:47:12,car
2024-10-01 14:47:13,car
2024-10-01 14:47:13,car
2024-10-01 14:47:13,car
2024-10-01 14:47:13,car
2024-10-01 14:47:13,car
2024-10-01 14:47:13,car
2024-10-01 14:47:13,car
2024-10-01 14:47:13,car
2024-10-01 14:47:13,car
2024-10-01 14:47:13,car
2024-10-01 14:47:13,car
2024-10-01 14:47:13,car
2024-10-01 14:47:13,car
2024-10-01 14:47:13,car
2024-10-01 14:47:13,car
2024-10-01 14:47:14,car
2024-10-01 14:47:14,car
2024-10-01 14:47:14,car
2024-10-01 14:47:14,car
2024-10-01 14:47:14,car
2024-10-01 14:47:14,car
2024-10-01 14:47:14,car
2024-10-01 14:47:14,car
2024-10-01 14:47:14,car
2024-10-01 14:47:14,car
2024-10-01 14:47:14,car
2024-10-01 14:47:14,car
2024-10-01 14:47:14,car
2024-10-01 14:47:14,car
2024-10-01 14:47:14,car
2024-10-01 14:47:15,car
2024-10-01 14:47:15,car
2024-10-01 14:47:15,car
2024-10-01 14:47:15,car
2024-10-01 14:47:15,car
2024-10-01 14:47:15,car
2024-10-01 14:47:15,car
2024-10-01 14:47:15,car
2024-10-01 14:47:15,car
2024-10-01 14:47:15,car
2024-10-01 14:47:15,car
2024-10-01 14:47:15,car
2024-10-01 14:47:15,car
2024-10-01 14:47:15,car
2024-10-01 14:47:15,car
2024-10-01 14:47:16,car
2024-10-01 14:47:16,car
2024-10-01 14:47:16,car
2024-10-01 14:47:16,car
2024-10-01 14:47:16,car
2024-10-01 14:47:16,car
2024-10-01 14:47:16,car
2024-10-01 14:47:16,car
2024-10-01 14:47:16,car
2024-10-01 14:47:16,car
2024-10-01 14:47:16,car
2024-10-01 14:47:16,car
2024-10-01 14:47:16,car
2024-10-01 14:47:16,car
2024-10-01 14:47:16,car
2024-10-01 14:47:16,car
2024-10-01 14:47:16,car
2024-10-01 14:47:16,car
2024-10-01 14:47:17,car
2024-10-01 14:47:17,car
2024-10-01 14:47:17,car
2024-10-01 14:47:17,car
2024-10-01 14:47:17,car
2024-10-01 14:47:17,car
2024-10-01 14:47:17,car
2024-10-01 14:47:17,car
2024-10-01 14:47:17,car
2024-10-01 14:47:17,car
2024-10-01 14:47:17,car
2024-10-01 14:47:17,car
2024-10-01 14:47:17,car
2024-10-01 14:47:17,car
2024-10-01 14:47:17,car
2024-10-01 14:47:17,car
2024-10-01 14:47:18,car
2024-10-01 14:47:18,car
2024-10-01 14:47:18,car
2024-10-01 14:47:18,car
2024-10-01 14:47:18,car
2024-10-01 14:47:18,car
2024-10-01 14:47:18,car
2024-10-01 14:47:18,car
2024-10-01 14:47:18,car
2024-10-01 14:47:18,car
2024-10-01 14:47:18,car
2024-10-01 14:47:18,car
2024-10-01 14:47:18,car
2024-10-01 14:47:18,car
2024-10-01 14:47:19,car
2024-10-01 14:47:19,car
2024-10-01 14:47:19,car
2024-10-01 14:47:19,car
2024-10-01 14:47:19,car
2024-10-01 14:47:19,car
2024-10-01 14:47:19,car
2024-10-01 14:47:19,car
2024-10-01 14:47:19,car
2024-10-01 14:47:19,car
2024-10-01 14:47:19,car
2024-10-01 14:47:19,car
2024-10-01 14:47:19,car
2024-10-01 14:47:19,car
2024-10-01 14:47:19,car
2024-10-01 14:47:19,car
2024-10-01 14:47:19,car
2024-10-01 14:47:19,car
2024-10-01 14:47:19,car
2024-10-01 14:47:20,car
2024-10-01 14:47:20,car
2024-10-01 14:47:20,car
2024-10-01 14:47:20,car
2024-10-01 14:47:20,car
2024-10-01 14:47:20,car
2024-10-01 14:47:20,car
2024-10-01 14:47:20,car
2024-10-01 14:47:20,car
2024-10-01 14:47:20,car
2024-10-01 14:47:20,car
2024-10-01 14:47:20,car
2024-10-01 14:47:20,car
2024-10-01 14:47:21,car
2024-10-01 14:47:21,car
2024-10-01 14:47:21,car
2024-10-01 14:47:21,car
2024-10-01 14:47:21,car
2024-10-01 14:47:21,car
2024-10-01 14:47:21,car
2024-10-01 14:47:21,car
2024-10-01 14:47:21,car
2024-10-01 14:47:21,car
2024-10-01 14:47:21,car
2024-10-01 14:47:21,car
2024-10-01 14:47:22,car
2024-10-01 14:47:22,car
2024-10-01 14:47:22,car
2024-10-01 14:47:22,car
2024-10-01 14:47:22,car
2024-10-01 14:47:22,car
2024-10-01 14:47:22,car
2024-10-01 14:47:22,car
2024-10-01 14:47:22,car
2024-10-01 14:47:22,car
2024-10-01 14:47:22,car
2024-10-01 14:47:22,car
2024-10-01 14:47:22,car
2024-10-01 14:47:22,car
2024-10-01 14:47:22,car
2024-10-01 14:47:22,car
2024-10-01 14:47:22,car
2024-10-01 14:47:22,car
2024-10-01 14:47:22,car
2024-10-01 14:47:22,car
2024-10-01 14:47:23,car
2024-10-01 14:47:23,car
2024-10-01 14:47:23,car
2024-10-01 14:47:23,car
2024-10-01 14:47:23,car
2024-10-01 14:47:23,car
2024-10-01 14:47:23,car
2024-10-01 14:47:23,car
2024-10-01 14:47:23,car
2024-10-01 14:47:23,car
2024-10-01 14:47:23,car
2024-10-01 14:47:23,car
2024-10-01 14:47:23,car
2024-10-01 14:47:23,car
2024-10-01 14:47:23,car
2024-10-01 14:47:23,car
2024-10-01 14:47:23,car
2024-10-01 14:47:24,car
2024-10-01 14:47:24,car
2024-10-01 14:47:24,car
2024-10-01 14:47:24,car
2024-10-01 14:47:24,car
2024-10-01 14:47:24,car
2024-10-01 14:47:24,car
2024-10-01 14:47:24,car
2024-10-01 14:47:24,car
2024-10-01 14:47:24,car
2024-10-01 14:47:24,car
2024-10-01 14:47:25,car
2024-10-01 14:47:25,car
2024-10-01 14:47:25,car
2024-10-01 14:47:25,car
2024-10-01 14:47:25,car
2024-10-01 14:47:25,car
2024-10-01 14:47:25,car
2024-10-01 14:47:25,car
2024-10-01 14:47:25,car
2024-10-01 14:47:25,car
2024-10-01 14:47:25,car
2024-10-01 14:47:25,car
2024-10-01 14:47:25,car
2024-10-01 14:47:25,car
2024-10-01 14:47:25,car
2024-10-01 14:47:26,car
2024-10-01 14:47:26,car
2024-10-01 14:47:26,car
2024-10-01 14:47:26,car
2024-10-01 14:47:26,car
2024-10-01 14:47:26,car
2024-10-01 14:47:26,car
2024-10-01 14:47:26,car
2024-10-01 14:47:26,car
2024-10-01 14:47:26,car
2024-10-01 14:47:26,car
2024-10-01 14:47:26,car
2024-10-01 14:47:26,car
2024-10-01 14:47:26,car
2024-10-01 14:47:26,car
2024-10-01 14:47:26,car
2024-10-01 14:47:26,car
2024-10-01 14:47:26,car
2024-10-01 14:47:26,car
2024-10-01 14:47:27,car
2024-10-01 14:47:27,car
2024-10-01 14:47:27,car
2024-10-01 14:47:27,car
2024-10-01 14:47:27,car
2024-10-01 14:47:27,car
2024-10-01 14:47:27,car
2024-10-01 14:47:27,car
2024-10-01 14:47:27,car
2024-10-01 14:47:27,car
2024-10-01 14:47:27,car
2024-10-01 14:47:27,car
2024-10-01 14:47:27,car
2024-10-01 14:47:27,car
2024-10-01 14:47:27,car
2024-10-01 14:47:27,car
2024-10-01 14:47:27,car
2024-10-01 14:47:27,car
2024-10-01 14:47:27,car
2024-10-01 14:47:27,car
2024-10-01 14:47:27,car
2024-10-01 14:47:27,car
2024-10-01 14:47:27,car
2024-10-01 14:47:28,car
2024-10-01 14:47:28,car
2024-10-01 14:47:28,car
2024-10-01 14:47:28,car
2024-10-01 14:47:28,car
2024-10-01 14:47:28,car
2024-10-01 14:47:28,car
2024-10-01 14:47:28,car
2024-10-01 14:47:28,car
2024-10-01 14:47:28,car
2024-10-01 14:47:28,car
2024-10-01 14:47:28,car
2024-10-01 14:47:28,car
2024-10-01 14:47:28,car
2024-10-01 14:47:28,car
2024-10-01 14:47:28,car
2024-10-01 14:47:29,car
2024-10-01 14:47:29,car
2024-10-01 14:47:29,car
2024-10-01 14:47:29,car
2024-10-01 14:47:29,car
2024-10-01 14:47:29,car
2024-10-01 14:47:29,car
2024-10-01 14:47:29,car
2024-10-01 14:47:29,car
2024-10-01 14:47:29,car
2024-10-01 14:47:29,car
2024-10-01 14:47:29,car
2024-10-01 14:47:29,car
2024-10-01 14:47:29,car
2024-10-01 14:47:29,car
2024-10-01 14:47:29,car
2024-10-01 14:47:29,car
2024-10-01 14:47:29,car
2024-10-01 14:47:29,car
2024-10-01 14:47:29,car
2024-10-01 14:47:30,car
2024-10-01 14:47:30,car
2024-10-01 14:47:30,car
2024-10-01 14:47:30,car
2024-10-01 14:47:30,car
2024-10-01 14:47:30,car
2024-10-01 14:47:30,car
2024-10-01 14:47:30,car
2024-10-01 14:47:30,car
2024-10-01 14:47:30,car
2024-10-01 14:47:30,car
2024-10-01 14:47:30,car
2024-10-01 14:47:31,car
2024-10-01 14:47:31,car
2024-10-01 14:47:31,car
2024-10-01 14:47:31,car
2024-10-01 14:47:31,car
2024-10-01 14:47:31,car
2024-10-01 14:47:31,car
2024-10-01 14:47:31,car
2024-10-01 14:47:31,car
2024-10-01 14:47:31,car
2024-10-01 14:47:31,car
2024-10-01 14:47:31,car
2024-10-01 14:47:31,car
2024-10-01 14:47:31,car
2024-10-01 14:47:31,car
2024-10-01 14:47:31,car
2024-10-01 14:47:31,car
2024-10-01 14:47:31,car
2024-10-01 14:47:31,car
2024-10-01 14:47:31,car
2024-10-01 14:47:31,car
2024-10-01 14:47:32,car
2024-10-01 14:47:32,car
2024-10-01 14:47:32,car
2024-10-01 14:47:32,car
2024-10-01 14:47:32,car
2024-10-01 14:47:32,car
2024-10-01 14:47:32,car
2024-10-01 14:47:32,car
2024-10-01 14:47:32,car
2024-10-01 14:47:32,car
2024-10-01 14:47:32,car
2024-10-01 14:47:32,car
2024-10-01 14:47:32,car
2024-10-01 14:47:32,car
2024-10-01 14:47:32,car
2024-10-01 14:47:32,car
2024-10-01 14:47:32,car
2024-10-01 14:47:32,car
2024-10-01 14:47:32,car
2024-10-01 14:47:32,car
2024-10-01 14:47:32,car
2024-10-01 14:47:32,car
2024-10-01 14:47:33,car
2024-10-01 14:47:33,car
2024-10-01 14:47:33,car
2024-10-01 14:47:33,car
2024-10-01 14:47:33,car
2024-10-01 14:47:33,car
2024-10-01 14:47:33,car
2024-10-01 14:47:33,car
2024-10-01 14:47:33,car
2024-10-01 14:47:33,car
2024-10-01 14:47:33,car
2024-10-01 14:47:33,car
2024-10-01 14:47:33,car
2024-10-01 14:47:33,car
2024-10-01 14:47:33,car
2024-10-01 14:47:33,car
2024-10-01 14:47:33,car
2024-10-01 14:47:33,car
2024-10-01 14:47:33,car
2024-10-01 14:47:33,car
2024-10-01 14:47:34,car
2024-10-01 14:47:34,car
2024-10-01 14:47:34,car
2024-10-01 14:47:34,car
2024-10-01 14:47:34,car
2024-10-01 14:47:34,car
2024-10-01 14:47:34,car
2024-10-01 14:47:34,car
2024-10-01 14:47:34,car
2024-10-01 14:47:34,car
2024-10-01 14:47:34,car
2024-10-01 14:47:34,car
2024-10-01 14:47:34,car
2024-10-01 14:47:34,car
2024-10-01 14:47:34,car
2024-10-01 14:47:34,car
2024-10-01 14:47:34,car
2024-10-01 14:47:34,car
2024-10-01 14:47:34,car
2024-10-01 14:47:34,car
2024-10-01 14:47:34,car
2024-10-01 14:47:34,car
2024-10-01 14:47:34,car
2024-10-01 14:47:34,car
2024-10-01 14:47:35,car
2024-10-01 14:47:35,car
2024-10-01 14:47:35,car
2024-10-01 14:47:35,car
2024-10-01 14:47:35,car
2024-10-01 14:47:35,car
2024-10-01 14:47:35,car
2024-10-01 14:47:35,car
2024-10-01 14:47:35,car
2024-10-01 14:47:35,car
2024-10-01 14:47:35,car
2024-10-01 14:47:35,car
2024-10-01 14:47:35,car
2024-10-01 14:47:35,car
2024-10-01 14:47:35,car
2024-10-01 14:47:35,car
2024-10-01 14:47:35,car
2024-10-01 14:47:35,car
2024-10-01 14:47:35,car
2024-10-01 14:47:35,car
2024-10-01 14:47:35,car
2024-10-01 14:47:35,car
2024-10-01 14:47:35,car
2024-10-01 14:47:36,car
2024-10-01 14:47:36,car
2024-10-01 14:47:36,car
2024-10-01 14:47:36,car
2024-10-01 14:47:36,car
2024-10-01 14:47:36,car
2024-10-01 14:47:36,car
2024-10-01 14:47:36,car
2024-10-01 14:47:36,car
2024-10-01 14:47:36,car
2024-10-01 14:47:36,car
2024-10-01 14:47:36,car
2024-10-01 14:47:36,car
2024-10-01 14:47:36,car
2024-10-01 14:47:36,car
2024-10-01 14:47:37,car
2024-10-01 14:47:37,car
2024-10-01 14:47:37,car
2024-10-01 14:47:37,car
2024-10-01 14:47:37,car
2024-10-01 14:47:37,car
2024-10-01 14:47:37,car
2024-10-01 14:47:37,car
2024-10-01 14:47:37,car
2024-10-01 14:47:37,car
2024-10-01 14:47:37,car
2024-10-01 14:47:37,car
2024-10-01 14:47:37,car
2024-10-01 14:47:37,car
2024-10-01 14:47:37,car
2024-10-01 14:47:37,car
2024-10-01 14:47:37,car
2024-10-01 14:47:37,car
2024-10-01 14:47:37,car
2024-10-01 14:47:37,car
2024-10-01 14:47:37,car
2024-10-01 14:47:37,car
2024-10-01 14:47:38,car
2024-10-01 14:47:38,car
2024-10-01 14:47:38,car
2024-10-01 14:47:38,car
2024-10-01 14:47:38,car
2024-10-01 14:47:38,car
2024-10-01 14:47:38,car
2024-10-01 14:47:38,car
2024-10-01 14:47:38,car
2024-10-01 14:47:38,car
2024-10-01 14:47:38,car
2024-10-01 14:47:38,car
2024-10-01 14:47:38,car
2024-10-01 14:47:38,car
2024-10-01 14:47:38,car
2024-10-01 14:47:38,car
2024-10-01 14:47:38,car
2024-10-01 14:47:38,car
2024-10-01 14:47:38,car
2024-10-01 14:47:38,car
2024-10-01 14:47:39,car
2024-10-01 14:47:39,car
2024-10-01 14:47:39,car
2024-10-01 14:47:39,car
2024-10-01 14:47:39,car
2024-10-01 14:47:39,car
2024-10-01 14:47:39,car
2024-10-01 14:47:39,car
2024-10-01 14:47:39,car
2024-10-01 14:47:39,car
2024-10-01 14:47:39,car
2024-10-01 14:47:39,car
2024-10-01 14:47:39,car
2024-10-01 14:47:39,car
2024-10-01 14:47:39,car
2024-10-01 14:47:39,car
2024-10-01 14:47:39,car
2024-10-01 14:47:39,car
2024-10-01 14:47:39,car
2024-10-01 14:47:39,car
2024-10-01 14:47:40,car
2024-10-01 14:47:40,car
2024-10-01 14:47:40,car
2024-10-01 14:47:40,car
2024-10-01 14:47:40,car
2024-10-01 14:47:40,car
2024-10-01 14:47:40,car
2024-10-01 14:47:40,car
2024-10-01 14:47:40,car
2024-10-01 14:47:40,car
2024-10-01 14:47:40,car
2024-10-01 14:47:40,car
2024-10-01 14:47:40,car
2024-10-01 14:47:40,car
2024-10-01 14:47:40,car
2024-10-01 14:47:40,car
2024-10-01 14:47:40,car
2024-10-01 14:47:40,car
2024-10-01 14:47:40,car
2024-10-01 14:47:40,car
2024-10-01 14:47:40,car
2024-10-01 14:47:41,car
2024-10-01 14:47:41,car
2024-10-01 14:47:41,car
2024-10-01 14:47:41,car
2024-10-01 14:47:41,car
2024-10-01 14:47:41,car
2024-10-01 14:47:41,car
2024-10-01 14:47:41,car
2024-10-01 14:47:41,car
2024-10-01 14:47:41,car
2024-10-01 14:47:41,car
2024-10-01 14:47:41,car
2024-10-01 14:47:41,car
2024-10-01 14:47:41,car
2024-10-01 14:47:41,car
2024-10-01 14:47:41,car
2024-10-01 14:47:41,car
2024-10-01 14:47:41,car
2024-10-01 14:47:41,car
2024-10-01 14:47:42,car
2024-10-01 14:47:42,car
2024-10-01 14:47:42,car
2024-10-01 14:47:42,car
2024-10-01 14:47:42,car
2024-10-01 14:47:42,car
2024-10-01 14:47:42,car
2024-10-01 14:47:42,car
2024-10-01 14:47:42,car
2024-10-01 14:47:42,car
2024-10-01 14:47:42,car
2024-10-01 14:47:42,car
2024-10-01 14:47:42,car
2024-10-01 14:47:42,car
2024-10-01 14:47:42,car
2024-10-01 14:47:42,car
2024-10-01 14:47:42,car
2024-10-01 14:47:42,car
2024-10-01 14:47:43,car
2024-10-01 14:47:43,car
2024-10-01 14:47:43,car
2024-10-01 14:47:43,car
2024-10-01 14:47:43,car
2024-10-01 14:47:43,car
2024-10-01 14:47:43,car
2024-10-01 14:47:43,car
2024-10-01 14:47:43,car
2024-10-01 14:47:43,car
2024-10-01 14:47:43,car
2024-10-01 14:47:43,car
2024-10-01 14:47:44,car
2024-10-01 14:47:44,car
2024-10-01 14:47:44,car
2024-10-01 14:47:44,car
2024-10-01 14:47:44,car
2024-10-01 14:47:44,car
2024-10-01 14:47:44,car
2024-10-01 14:47:44,car
2024-10-01 14:47:44,car
2024-10-01 14:47:44,car
2024-10-01 14:47:44,car
2024-10-01 14:47:44,car
2024-10-01 14:47:44,car
2024-10-01 14:47:44,car
2024-10-01 14:47:44,car
2024-10-01 14:47:44,car
2024-10-01 14:47:44,car
2024-10-01 14:47:44,car
2024-10-01 14:47:44,car
2024-10-01 14:47:44,car
2024-10-01 14:47:44,car
2024-10-01 14:47:44,car
2024-10-01 14:47:44,motorcycle
2024-10-01 14:47:45,car
2024-10-01 14:47:45,car
2024-10-01 14:47:45,car
2024-10-01 14:47:45,car
2024-10-01 14:47:45,car
2024-10-01 14:47:45,car
2024-10-01 14:47:45,car
2024-10-01 14:47:45,car
2024-10-01 14:47:45,car
2024-10-01 14:47:45,car
2024-10-01 14:47:45,car
2024-10-01 14:47:45,car
2024-10-01 14:47:45,car
2024-10-01 14:47:45,car
2024-10-01 14:47:45,car
2024-10-01 14:47:45,car
2024-10-01 14:47:45,car
2024-10-01 14:47:46,car
2024-10-01 14:47:46,car
2024-10-01 14:47:46,car
2024-10-01 14:47:46,car
2024-10-01 14:47:46,car
2024-10-01 14:47:46,car
2024-10-01 14:47:46,car
2024-10-01 14:47:46,car
2024-10-01 14:47:46,car
2024-10-01 14:47:46,car
2024-10-01 14:47:46,car
2024-10-01 14:47:46,car
2024-10-01 14:47:46,car
2024-10-01 14:47:46,motorcycle
2024-10-01 14:47:46,car
2024-10-01 14:47:46,car
2024-10-01 14:47:46,car
2024-10-01 14:47:46,car
2024-10-01 14:47:46,car
2024-10-01 14:47:46,car
2024-10-01 14:47:46,car
2024-10-01 14:47:46,car
2024-10-01 14:47:46,motorcycle
2024-10-01 14:47:46,car
2024-10-01 14:47:46,car
2024-10-01 14:47:46,truck
2024-10-01 14:47:47,car
2024-10-01 14:47:47,car
2024-10-01 14:47:47,car
2024-10-01 14:47:47,car
2024-10-01 14:47:47,car
2024-10-01 14:47:47,car
2024-10-01 14:47:47,car
2024-10-01 14:47:47,car
2024-10-01 14:47:47,car
2024-10-01 14:47:47,motorcycle
2024-10-01 14:47:47,car
2024-10-01 14:47:47,car
2024-10-01 14:47:47,car
2024-10-01 14:47:47,car
2024-10-01 14:47:47,car
2024-10-01 14:47:47,car
2024-10-01 14:47:47,car
2024-10-01 14:47:47,car
2024-10-01 14:47:47,car
2024-10-01 14:47:47,motorcycle
2024-10-01 14:47:47,motorcycle
2024-10-01 14:47:48,car
2024-10-01 14:47:48,car
2024-10-01 14:47:48,car
2024-10-01 14:47:48,car
2024-10-01 14:47:48,car
2024-10-01 14:47:48,car
2024-10-01 14:47:48,car
2024-10-01 14:47:48,car
2024-10-01 14:47:48,car
2024-10-01 14:47:48,car
2024-10-01 14:47:48,car
2024-10-01 14:47:48,car
2024-10-01 14:47:48,car
2024-10-01 14:47:48,car
2024-10-01 14:47:48,car
2024-10-01 14:47:48,car
2024-10-01 14:47:48,car
2024-10-01 14:47:48,car
2024-10-01 14:47:48,car
2024-10-01 14:47:48,car
2024-10-01 14:47:48,car
2024-10-01 14:47:48,car
2024-10-01 14:47:48,car
2024-10-01 14:47:48,car
2024-10-01 14:47:48,car
2024-10-01 14:47:48,car
2024-10-01 14:47:48,car
2024-10-01 14:47:48,motorcycle
2024-10-01 14:47:49,car
2024-10-01 14:47:49,car
2024-10-01 14:47:49,car
2024-10-01 14:47:49,car
2024-10-01 14:47:49,car
2024-10-01 14:47:49,car
2024-10-01 14:47:49,car
2024-10-01 14:47:49,car
2024-10-01 14:47:49,car
2024-10-01 14:47:49,car
2024-10-01 14:47:49,car
2024-10-01 14:47:49,car
2024-10-01 14:47:49,car
2024-10-01 14:47:49,car
2024-10-01 14:47:49,car
2024-10-01 14:47:49,car
2024-10-01 14:47:49,car
2024-10-01 14:47:49,car
2024-10-01 14:47:49,car
2024-10-01 14:47:49,car
2024-10-01 14:47:49,car
2024-10-01 14:47:50,car
2024-10-01 14:47:50,car
2024-10-01 14:47:50,car
2024-10-01 14:47:50,car
2024-10-01 14:47:50,car
2024-10-01 14:47:50,car
2024-10-01 14:47:50,car
2024-10-01 14:47:50,car
2024-10-01 14:47:50,car
2024-10-01 14:47:50,car
2024-10-01 14:47:50,car
2024-10-01 14:47:50,car
2024-10-01 14:47:50,car
2024-10-01 14:47:50,car
2024-10-01 14:47:50,car
2024-10-01 14:47:50,car
2024-10-01 14:47:50,car
2024-10-01 14:47:50,car
2024-10-01 14:47:50,car
2024-10-01 14:47:51,car
2024-10-01 14:47:51,car
2024-10-01 14:47:51,car
2024-10-01 14:47:51,car
2024-10-01 14:47:51,car
2024-10-01 14:47:51,car
2024-10-01 14:47:51,car
2024-10-01 14:47:51,car
2024-10-01 14:47:51,car
2024-10-01 14:47:51,car
2024-10-01 14:47:51,car
2024-10-01 14:47:51,car
2024-10-01 14:47:51,car
2024-10-01 14:47:51,car
2024-10-01 14:47:51,car
2024-10-01 14:47:51,car
2024-10-01 14:47:51,car
2024-10-01 14:47:51,car
2024-10-01 14:47:51,car
2024-10-01 14:47:51,car
2024-10-01 14:47:51,car
2024-10-01 14:47:51,car
2024-10-01 14:47:51,car
2024-10-01 14:47:51,car
2024-10-01 14:47:52,car
2024-10-01 14:47:52,car
2024-10-01 14:47:52,car
2024-10-01 14:47:52,car
2024-10-01 14:47:52,car
2024-10-01 14:47:52,car
2024-10-01 14:47:52,car
2024-10-01 14:47:52,car
2024-10-01 14:47:52,car
2024-10-01 14:47:52,car
2024-10-01 14:47:52,car
2024-10-01 14:47:52,car
2024-10-01 14:47:52,car
2024-10-01 14:47:52,car
2024-10-01 14:47:52,car
2024-10-01 14:47:52,car
2024-10-01 14:47:52,car
2024-10-01 14:47:52,car
2024-10-01 14:47:52,car
2024-10-01 14:47:52,car
2024-10-01 14:47:53,car
2024-10-01 14:47:53,car
2024-10-01 14:47:53,car
2024-10-01 14:47:53,car
2024-10-01 14:47:53,car
2024-10-01 14:47:53,car
2024-10-01 14:47:53,car
2024-10-01 14:47:53,car
2024-10-01 14:47:53,car
2024-10-01 14:47:53,car
2024-10-01 14:47:53,car
2024-10-01 14:47:53,car
2024-10-01 14:47:53,car
2024-10-01 14:47:53,car
2024-10-01 14:47:53,car
2024-10-01 14:47:53,car
2024-10-01 14:47:53,car
2024-10-01 14:47:53,car
2024-10-01 14:47:53,car
2024-10-01 14:47:53,car
2024-10-01 14:47:54,car
2024-10-01 14:47:54,car
2024-10-01 14:47:54,car
2024-10-01 14:47:54,car
2024-10-01 14:47:54,car
2024-10-01 14:47:54,car
2024-10-01 14:47:54,car
2024-10-01 14:47:54,car
2024-10-01 14:47:54,car
2024-10-01 14:47:54,car
2024-10-01 14:47:54,car
2024-10-01 14:47:54,car
2024-10-01 14:47:54,car
2024-10-01 14:47:54,car
2024-10-01 14:47:54,car
2024-10-01 14:47:54,car
2024-10-01 14:47:54,car
2024-10-01 14:47:54,car
2024-10-01 14:47:54,car
2024-10-01 14:47:54,car
2024-10-01 14:47:54,car
2024-10-01 14:47:54,car
2024-10-01 14:47:54,car
2024-10-01 14:47:54,car
2024-10-01 14:47:54,car
2024-10-01 14:47:55,car
2024-10-01 14:47:55,car
2024-10-01 14:47:55,car
2024-10-01 14:47:55,car
2024-10-01 14:47:55,car
2024-10-01 14:47:55,car
2024-10-01 14:47:55,car
2024-10-01 14:47:55,car
2024-10-01 14:47:55,car
2024-10-01 14:47:55,car
2024-10-01 14:47:55,car
2024-10-01 14:47:55,car
2024-10-01 14:47:55,car
2024-10-01 14:47:55,car
2024-10-01 14:47:55,car
2024-10-01 14:47:56,car
2024-10-01 14:47:56,car
2024-10-01 14:47:56,car
2024-10-01 14:47:56,car
2024-10-01 14:47:56,car
2024-10-01 14:47:56,car
2024-10-01 14:47:56,car
2024-10-01 14:47:56,car
2024-10-01 14:47:56,car
2024-10-01 14:47:56,car
2024-10-01 14:47:56,car
2024-10-01 14:47:56,car
2024-10-01 14:47:56,car
2024-10-01 14:47:56,car
2024-10-01 14:47:56,car
2024-10-01 14:47:56,car
2024-10-01 14:47:56,car
2024-10-01 14:47:56,car
2024-10-01 14:47:56,car
2024-10-01 14:47:56,car
2024-10-01 14:47:56,car
2024-10-01 14:47:56,car
2024-10-01 14:47:56,car
2024-10-01 14:47:56,car
2024-10-01 14:47:57,car
2024-10-01 14:47:57,car
2024-10-01 14:47:57,car
2024-10-01 14:47:57,car
2024-10-01 14:47:57,car
2024-10-01 14:47:57,car
2024-10-01 14:47:57,car
2024-10-01 14:47:57,car
2024-10-01 14:47:57,car
2024-10-01 14:47:57,car
2024-10-01 14:47:57,car
2024-10-01 14:47:57,car
2024-10-01 14:47:57,car
2024-10-01 14:47:57,car
2024-10-01 14:47:57,car
2024-10-01 14:47:57,car
2024-10-01 14:47:57,car
2024-10-01 14:47:57,car
2024-10-01 14:47:57,car
2024-10-01 14:47:57,car
2024-10-01 14:47:57,car
2024-10-01 14:47:57,car
2024-10-01 14:47:57,car
2024-10-01 14:47:58,car
2024-10-01 14:47:58,car
2024-10-01 14:47:58,car
2024-10-01 14:47:58,car
2024-10-01 14:47:58,car
2024-10-01 14:47:58,car
2024-10-01 14:47:58,car
2024-10-01 14:47:58,car
2024-10-01 14:47:58,car
2024-10-01 14:47:58,car
2024-10-01 14:47:58,motorcycle
2024-10-01 14:47:58,car
2024-10-01 14:47:58,car
2024-10-01 14:47:58,car
2024-10-01 14:47:59,car
2024-10-01 14:47:59,car
2024-10-01 14:47:59,car
2024-10-01 14:47:59,car
2024-10-01 14:47:59,car
2024-10-01 14:47:59,motorcycle
2024-10-01 14:47:59,car
2024-10-01 14:47:59,car
2024-10-01 14:47:59,car
2024-10-01 14:47:59,car
2024-10-01 14:47:59,car
2024-10-01 14:47:59,car
2024-10-01 14:47:59,car
2024-10-01 14:47:59,car
2024-10-01 14:47:59,car
2024-10-01 14:47:59,car
2024-10-01 14:47:59,motorcycle
2024-10-01 14:47:59,car
2024-10-01 14:47:59,car
2024-10-01 14:47:59,car
2024-10-01 14:47:59,car
2024-10-01 14:47:59,car
2024-10-01 14:47:59,car
2024-10-01 14:47:59,car
2024-10-01 14:47:59,car
2024-10-01 14:47:59,motorcycle
2024-10-01 14:48:00,car
2024-10-01 14:48:00,car
2024-10-01 14:48:00,car
2024-10-01 14:48:00,car
2024-10-01 14:48:00,car
2024-10-01 14:48:00,car
2024-10-01 14:48:00,car
2024-10-01 14:48:00,car
2024-10-01 14:48:00,motorcycle
2024-10-01 14:48:00,car
2024-10-01 14:48:00,car
2024-10-01 14:48:00,car
2024-10-01 14:48:00,car
2024-10-01 14:48:00,car
2024-10-01 14:48:00,car
2024-10-01 14:48:00,car
2024-10-01 14:48:00,car
2024-10-01 14:48:00,car
2024-10-01 14:48:00,car
2024-10-01 14:48:00,car
2024-10-01 14:48:00,car
2024-10-01 14:48:00,car
2024-10-01 14:48:00,car
2024-10-01 14:48:00,car
2024-10-01 14:48:01,car
2024-10-01 14:48:01,car
2024-10-01 14:48:01,car
2024-10-01 14:48:01,car
2024-10-01 14:48:01,car
2024-10-01 14:48:01,car
2024-10-01 14:48:01,motorcycle
2024-10-01 14:48:01,car
2024-10-01 14:48:01,car
2024-10-01 14:48:01,car
2024-10-01 14:48:01,car
2024-10-01 14:48:01,car
2024-10-01 14:48:01,car
2024-10-01 14:48:01,car
2024-10-01 14:48:01,car
2024-10-01 14:48:01,car
2024-10-01 14:48:01,motorcycle
2024-10-01 14:48:01,car
2024-10-01 14:48:01,car
2024-10-01 14:48:01,car
2024-10-01 14:48:01,car
2024-10-01 14:48:01,car
2024-10-01 14:48:02,car
2024-10-01 14:48:02,car
2024-10-01 14:48:02,car
2024-10-01 14:48:02,car
2024-10-01 14:48:02,car
2024-10-01 14:48:02,car
2024-10-01 14:48:02,car
2024-10-01 14:48:02,car
2024-10-01 14:48:02,car
2024-10-01 14:48:02,car
2024-10-01 14:48:02,car
2024-10-01 14:48:02,car
2024-10-01 14:48:02,car
2024-10-01 14:48:02,car
2024-10-01 14:48:02,car
2024-10-01 14:48:02,car
2024-10-01 14:48:02,car
2024-10-01 14:48:02,car
2024-10-01 14:48:02,car
2024-10-01 14:48:02,car
2024-10-01 14:48:02,car
2024-10-01 14:48:02,car
2024-10-01 14:48:02,car
2024-10-01 14:48:03,car
2024-10-01 14:48:03,car
2024-10-01 14:48:03,car
2024-10-01 14:48:03,car
2024-10-01 14:48:03,car
2024-10-01 14:48:03,car
2024-10-01 14:48:03,car
2024-10-01 14:48:03,car
2024-10-01 14:48:03,car
2024-10-01 14:48:03,car
2024-10-01 14:48:03,car
2024-10-01 14:48:03,car
2024-10-01 14:48:03,car
2024-10-01 14:48:03,car
2024-10-01 14:48:03,car
2024-10-01 14:48:03,car
2024-10-01 14:48:03,car
2024-10-01 14:48:03,car
2024-10-01 14:48:03,car
2024-10-01 14:48:03,car
2024-10-01 14:48:03,car
2024-10-01 14:48:03,motorcycle
2024-10-01 14:48:03,car
2024-10-01 14:48:04,car
2024-10-01 14:48:04,car
2024-10-01 14:48:04,car
2024-10-01 14:48:04,car
2024-10-01 14:48:04,car
2024-10-01 14:48:04,car
2024-10-01 14:48:04,car
2024-10-01 14:48:04,car
2024-10-01 14:48:04,car
2024-10-01 14:48:04,car
2024-10-01 14:48:04,car
2024-10-01 14:48:04,car
2024-10-01 14:48:04,car
2024-10-01 14:48:04,car
2024-10-01 14:48:04,car
2024-10-01 14:48:04,car
2024-10-01 14:48:04,car
2024-10-01 14:48:04,car
2024-10-01 14:48:04,car
2024-10-01 14:48:04,car
2024-10-01 14:48:04,car
2024-10-01 14:48:04,car
2024-10-01 14:48:05,car
2024-10-01 14:48:05,car
2024-10-01 14:48:05,car
2024-10-01 14:48:05,car
2024-10-01 14:48:05,car
2024-10-01 14:48:05,car
2024-10-01 14:48:05,car
2024-10-01 14:48:05,car
2024-10-01 14:48:05,car
2024-10-01 14:48:05,car
2024-10-01 14:48:05,car
2024-10-01 14:48:05,car
2024-10-01 14:48:05,car
2024-10-01 14:48:05,car
2024-10-01 14:48:05,car
2024-10-01 14:48:05,car
2024-10-01 14:48:05,car
2024-10-01 14:48:05,car
2024-10-01 14:48:05,car
2024-10-01 14:48:05,car
2024-10-01 14:48:06,car
2024-10-01 14:48:06,car
2024-10-01 14:48:06,car
2024-10-01 14:48:06,car
2024-10-01 14:48:06,car
2024-10-01 14:48:06,car
2024-10-01 14:48:06,car
2024-10-01 14:48:06,car
2024-10-01 14:48:06,car
2024-10-01 14:48:06,car
2024-10-01 14:48:06,car
2024-10-01 14:48:06,car
2024-10-01 14:48:06,car
2024-10-01 14:48:06,car
2024-10-01 14:48:06,car
2024-10-01 14:48:06,car
2024-10-01 14:48:06,car
2024-10-01 14:48:06,car
2024-10-01 14:48:06,car
2024-10-01 14:48:06,car
2024-10-01 14:48:06,car
2024-10-01 14:48:06,car
2024-10-01 14:48:06,car
2024-10-01 14:48:06,car
2024-10-01 14:48:06,car
2024-10-01 14:48:06,car
2024-10-01 14:48:06,car
2024-10-01 14:48:07,car
2024-10-01 14:48:07,car
2024-10-01 14:48:07,car
2024-10-01 14:48:07,car
2024-10-01 14:48:07,car
2024-10-01 14:48:07,car
2024-10-01 14:48:07,car
2024-10-01 14:48:07,car
2024-10-01 14:48:07,car
2024-10-01 14:48:07,car
2024-10-01 14:48:07,car
2024-10-01 14:48:07,car
2024-10-01 14:48:07,car
2024-10-01 14:48:07,car
2024-10-01 14:48:07,car
2024-10-01 14:48:07,car
2024-10-01 14:48:07,car
2024-10-01 14:48:07,car
2024-10-01 14:48:08,car
2024-10-01 14:48:08,car
2024-10-01 14:48:08,car
2024-10-01 14:48:08,car
2024-10-01 14:48:08,car
2024-10-01 14:48:08,car
2024-10-01 14:48:08,car
2024-10-01 14:48:08,car
2024-10-01 14:48:08,car
2024-10-01 14:48:08,car
2024-10-01 14:48:08,car
2024-10-01 14:48:08,car
2024-10-01 14:48:08,car
2024-10-01 14:48:08,car
2024-10-01 14:48:08,car
2024-10-01 14:48:08,car
2024-10-01 14:48:08,car
2024-10-01 14:48:08,car
2024-10-01 14:48:08,car
2024-10-01 14:48:08,car
2024-10-01 14:48:08,car
2024-10-01 14:48:08,car
2024-10-01 14:48:08,car
2024-10-01 14:48:08,car
2024-10-01 14:48:09,car
2024-10-01 14:48:09,car
2024-10-01 14:48:09,car
2024-10-01 14:48:09,car
2024-10-01 14:48:09,car
2024-10-01 14:48:09,car
2024-10-01 14:48:09,car
2024-10-01 14:48:09,car
2024-10-01 14:48:09,car
2024-10-01 14:48:09,car
2024-10-01 14:48:09,car
2024-10-01 14:48:09,car
2024-10-01 14:48:09,car
2024-10-01 14:48:09,car
2024-10-01 14:48:09,car
2024-10-01 14:48:09,car
2024-10-01 14:48:09,car
2024-10-01 14:48:09,car
2024-10-01 14:48:09,car
2024-10-01 14:48:09,car
2024-10-01 14:48:09,car
2024-10-01 14:48:09,car
2024-10-01 14:48:10,car
2024-10-01 14:48:10,car
2024-10-01 14:48:10,car
2024-10-01 14:48:10,car
2024-10-01 14:48:10,car
2024-10-01 14:48:10,car
2024-10-01 14:48:10,car
2024-10-01 14:48:10,car
2024-10-01 14:48:10,car
2024-10-01 14:48:10,car
2024-10-01 14:48:10,car
2024-10-01 14:48:10,car
2024-10-01 14:48:10,car
2024-10-01 14:48:10,car
2024-10-01 14:48:10,car
2024-10-01 14:48:10,car
2024-10-01 14:48:10,car
2024-10-01 14:48:10,car
2024-10-01 14:48:10,car
2024-10-01 14:48:10,car
2024-10-01 14:48:10,car
2024-10-01 14:48:11,car
2024-10-01 14:48:11,car
2024-10-01 14:48:11,car
2024-10-01 14:48:11,car
2024-10-01 14:48:11,car
2024-10-01 14:48:11,car
2024-10-01 14:48:11,car
2024-10-01 14:48:11,car
2024-10-01 14:48:11,car
2024-10-01 14:48:11,car
2024-10-01 14:48:11,car
2024-10-01 14:48:11,car
2024-10-01 14:48:11,car
2024-10-01 14:48:11,car
2024-10-01 14:48:12,car
2024-10-01 14:48:12,car
2024-10-01 14:48:12,car
2024-10-01 14:48:12,car
2024-10-01 14:48:12,car
2024-10-01 14:48:12,car
2024-10-01 14:48:12,car
2024-10-01 14:48:12,car
2024-10-01 14:48:12,car
2024-10-01 14:48:12,car
2024-10-01 14:48:12,car
2024-10-01 14:48:12,car
2024-10-01 14:48:12,car
2024-10-01 14:48:12,car
2024-10-01 14:48:12,car
2024-10-01 14:48:12,car
2024-10-01 14:48:12,car
2024-10-01 14:48:12,car
2024-10-01 14:48:13,car
2024-10-01 14:48:13,car
2024-10-01 14:48:13,car
2024-10-01 14:48:13,car
2024-10-01 14:48:13,car
2024-10-01 14:48:13,car
2024-10-01 14:48:13,car
2024-10-01 14:48:13,car
2024-10-01 14:48:13,car
2024-10-01 14:48:13,car
2024-10-01 14:48:13,car
2024-10-01 14:48:13,car
2024-10-01 14:48:13,car
2024-10-01 14:48:13,car
2024-10-01 14:48:13,car
2024-10-01 14:48:14,car
2024-10-01 14:48:14,car
2024-10-01 14:48:14,car
2024-10-01 14:48:14,car
2024-10-01 14:48:14,car
2024-10-01 14:48:14,car
2024-10-01 14:48:14,car
2024-10-01 14:48:14,car
2024-10-01 14:48:14,car
2024-10-01 14:48:14,car
2024-10-01 14:48:14,car
2024-10-01 14:48:14,car
2024-10-01 14:48:14,car
2024-10-01 14:48:14,car
2024-10-01 14:48:14,car
2024-10-01 14:48:14,car
2024-10-01 14:48:14,car
2024-10-01 14:48:14,car
2024-10-01 14:48:15,car
2024-10-01 14:48:15,car
2024-10-01 14:48:15,car
2024-10-01 14:48:15,car
2024-10-01 14:48:15,car
2024-10-01 14:48:15,car
2024-10-01 14:48:15,car
2024-10-01 14:48:15,car
2024-10-01 14:48:15,car
2024-10-01 14:48:15,car
2024-10-01 14:48:15,car
2024-10-01 14:48:15,car
2024-10-01 14:48:15,car
2024-10-01 14:48:15,car
2024-10-01 14:48:15,car
2024-10-01 14:48:15,car
2024-10-01 14:48:15,car
2024-10-01 14:48:15,car
2024-10-01 14:48:15,car
2024-10-01 14:48:15,car
2024-10-01 14:48:16,car
2024-10-01 14:48:16,car
2024-10-01 14:48:16,car
2024-10-01 14:48:16,car
2024-10-01 14:48:16,car
2024-10-01 14:48:16,car
2024-10-01 14:48:16,car
2024-10-01 14:48:16,car
2024-10-01 14:48:16,car
2024-10-01 14:48:16,car
2024-10-01 14:48:16,car
2024-10-01 14:48:16,car
2024-10-01 14:48:16,car
2024-10-01 14:48:16,car
2024-10-01 14:48:16,car
2024-10-01 14:48:16,car
2024-10-01 14:48:16,car
2024-10-01 14:48:17,car
2024-10-01 14:48:17,car
2024-10-01 14:48:17,car
2024-10-01 14:48:17,car
2024-10-01 14:48:17,car
2024-10-01 14:48:17,car
2024-10-01 14:48:17,car
2024-10-01 14:48:17,car
2024-10-01 14:48:17,car
2024-10-01 14:48:17,car
2024-10-01 14:48:17,car
2024-10-01 14:48:17,car
2024-10-01 14:48:17,car
2024-10-01 14:48:18,car
2024-10-01 14:48:18,car
2024-10-01 14:48:18,car
2024-10-01 14:48:18,car
2024-10-01 14:48:18,car
2024-10-01 14:48:18,car
2024-10-01 14:48:18,car
2024-10-01 14:48:18,car
2024-10-01 14:48:18,car
2024-10-01 14:48:18,car
2024-10-01 14:48:18,car
2024-10-01 14:48:18,car
2024-10-01 14:48:18,car
2024-10-01 14:48:18,car
2024-10-01 14:48:18,car
2024-10-01 14:48:18,car
2024-10-01 14:48:18,car
2024-10-01 14:48:18,car
2024-10-01 14:48:18,car
2024-10-01 14:48:18,car
2024-10-01 14:48:18,car
2024-10-01 14:48:18,car
2024-10-01 14:48:18,car
2024-10-01 14:48:19,car
2024-10-01 14:48:19,car
2024-10-01 14:48:19,car
2024-10-01 14:48:19,car
2024-10-01 14:48:19,car
2024-10-01 14:48:19,car
2024-10-01 14:48:19,car
2024-10-01 14:48:19,car
2024-10-01 14:48:19,car
2024-10-01 14:48:19,car
2024-10-01 14:48:19,car
2024-10-01 14:48:19,car
2024-10-01 14:48:20,car
2024-10-01 14:48:20,car
2024-10-01 14:48:20,car
2024-10-01 14:48:20,car
2024-10-01 14:48:20,car
2024-10-01 14:48:20,car
2024-10-01 14:48:20,car
2024-10-01 14:48:20,car
2024-10-01 14:48:20,car
2024-10-01 14:48:20,car
2024-10-01 14:48:20,car
2024-10-01 14:48:20,car
2024-10-01 14:48:20,car
2024-10-01 14:48:21,car
2024-10-01 14:48:21,car
2024-10-01 14:48:21,car
2024-10-01 14:48:21,car
2024-10-01 14:48:21,car
2024-10-01 14:48:21,car
2024-10-01 14:48:21,car
2024-10-01 14:48:21,car
2024-10-01 14:48:21,car
2024-10-01 14:48:21,car
2024-10-01 14:48:21,car
2024-10-01 14:48:21,car
2024-10-01 14:48:21,car
2024-10-01 14:48:22,car
2024-10-01 14:48:22,car
2024-10-01 14:48:22,car
2024-10-01 14:48:22,car
2024-10-01 14:48:22,car
2024-10-01 14:48:22,car
2024-10-01 14:48:22,car
2024-10-01 14:48:22,car
2024-10-01 14:48:22,car
2024-10-01 14:48:22,car
2024-10-01 14:48:22,car
2024-10-01 14:48:22,car
2024-10-01 14:48:22,car
2024-10-01 14:48:22,car
2024-10-01 14:48:23,car
2024-10-01 14:48:23,car
2024-10-01 14:48:23,car
2024-10-01 14:48:23,car
2024-10-01 14:48:23,car
2024-10-01 14:48:23,car
2024-10-01 14:48:23,car
2024-10-01 14:48:23,car
2024-10-01 14:48:23,car
2024-10-01 14:48:23,car
2024-10-01 14:48:23,car
2024-10-01 14:48:24,car
2024-10-01 14:48:24,car
2024-10-01 14:48:24,car
2024-10-01 14:48:24,car
2024-10-01 14:48:24,car
2024-10-01 14:48:24,car
2024-10-01 14:48:24,car
2024-10-01 14:48:24,car
2024-10-01 14:48:24,car
2024-10-01 14:48:24,car
2024-10-01 14:48:24,car
2024-10-01 14:48:24,car
2024-10-01 14:48:24,car
2024-10-01 14:48:24,car
2024-10-01 14:48:24,car
2024-10-01 14:48:24,car
2024-10-01 14:48:24,car
2024-10-01 14:48:25,car
2024-10-01 14:48:25,car
2024-10-01 14:48:25,car
2024-10-01 14:48:25,car
2024-10-01 14:48:25,car
2024-10-01 14:48:25,car
2024-10-01 14:48:25,car
2024-10-01 14:48:25,car
2024-10-01 14:48:25,car
2024-10-01 14:48:25,car
2024-10-01 14:48:25,car
2024-10-01 14:48:25,car
2024-10-01 14:48:25,car
2024-10-01 14:48:25,car
2024-10-01 14:48:25,car
2024-10-01 14:48:25,car
2024-10-01 14:48:25,car
2024-10-01 14:48:25,car
2024-10-01 14:48:26,car
2024-10-01 14:48:26,car
2024-10-01 14:48:26,car
2024-10-01 14:48:26,car
2024-10-01 14:48:26,car
2024-10-01 14:48:26,car
2024-10-01 14:48:26,car
2024-10-01 14:48:26,car
2024-10-01 14:48:26,car
2024-10-01 14:48:26,car
2024-10-01 14:48:26,car
2024-10-01 14:48:26,car
2024-10-01 14:48:26,car
2024-10-01 14:48:26,car
2024-10-01 14:48:26,car
2024-10-01 14:48:26,car
2024-10-01 14:48:26,car
2024-10-01 14:48:26,car
2024-10-01 14:48:26,car
2024-10-01 14:48:26,car
2024-10-01 14:48:27,car
2024-10-01 14:48:27,car
2024-10-01 14:48:27,car
2024-10-01 14:48:27,car
2024-10-01 14:48:27,car
2024-10-01 14:48:27,car
2024-10-01 14:48:27,car
2024-10-01 14:48:27,car
2024-10-01 14:48:27,car
2024-10-01 14:48:27,car
2024-10-01 14:48:27,car
2024-10-01 14:48:27,car
2024-10-01 14:48:27,car
2024-10-01 14:48:27,car
2024-10-01 14:48:27,car
2024-10-01 14:48:27,car
2024-10-01 14:48:27,car
2024-10-01 14:48:27,car
2024-10-01 14:48:27,car
2024-10-01 14:48:27,car
2024-10-01 14:48:28,car
2024-10-01 14:48:28,car
2024-10-01 14:48:28,car
2024-10-01 14:48:28,car
2024-10-01 14:48:28,car
2024-10-01 14:48:28,car
2024-10-01 14:48:28,car
2024-10-01 14:48:28,car
2024-10-01 14:48:28,car
2024-10-01 14:48:28,car
2024-10-01 14:48:28,car
2024-10-01 14:48:28,car
2024-10-01 14:48:28,car
2024-10-01 14:48:28,car
2024-10-01 14:48:28,car
2024-10-01 14:48:28,car
2024-10-01 14:48:29,car
2024-10-01 14:48:29,car
2024-10-01 14:48:29,car
2024-10-01 14:48:29,car
2024-10-01 14:48:29,car
2024-10-01 14:48:29,car
2024-10-01 14:48:29,car
2024-10-01 14:48:29,car
2024-10-01 14:48:29,car
2024-10-01 14:48:29,car
2024-10-01 14:48:29,car
2024-10-01 14:48:29,car
2024-10-01 14:48:29,car
2024-10-01 14:48:29,car
2024-10-01 14:48:29,car
2024-10-01 14:48:29,car
2024-10-01 14:48:29,car
2024-10-01 14:48:29,car
2024-10-01 14:48:30,car
2024-10-01 14:48:30,car
2024-10-01 14:48:30,car
2024-10-01 14:48:30,car
2024-10-01 14:48:30,car
2024-10-01 14:48:30,car
2024-10-01 14:48:30,car
2024-10-01 14:48:30,car
2024-10-01 14:48:30,car
2024-10-01 14:48:30,truck
2024-10-01 14:48:30,car
2024-10-01 14:48:30,car
2024-10-01 14:48:30,car
2024-10-01 14:48:30,car
2024-10-01 14:48:30,car
2024-10-01 14:48:30,car
2024-10-01 14:48:30,car
2024-10-01 14:48:30,car
2024-10-01 14:48:31,car
2024-10-01 14:48:31,car
2024-10-01 14:48:31,car
2024-10-01 14:48:31,car
2024-10-01 14:48:31,car
2024-10-01 14:48:31,car
2024-10-01 14:48:31,car
2024-10-01 14:48:31,car
2024-10-01 14:48:31,car
2024-10-01 14:48:31,car
2024-10-01 14:48:31,car
2024-10-01 14:48:31,car
2024-10-01 14:48:31,car
2024-10-01 14:48:31,car
2024-10-01 14:48:31,truck
2024-10-01 14:48:31,car
2024-10-01 14:48:31,car
2024-10-01 14:48:31,car
2024-10-01 14:48:31,car
2024-10-01 14:48:31,car
2024-10-01 14:48:31,car
2024-10-01 14:48:31,car
2024-10-01 14:48:31,truck
2024-10-01 14:48:32,car
2024-10-01 14:48:32,car
2024-10-01 14:48:32,car
2024-10-01 14:48:32,car
2024-10-01 14:48:32,car
2024-10-01 14:48:32,car
2024-10-01 14:48:32,car
2024-10-01 14:48:32,truck
2024-10-01 14:48:32,car
2024-10-01 14:48:32,car
2024-10-01 14:48:32,car
2024-10-01 14:48:32,car
2024-10-01 14:48:32,car
2024-10-01 14:48:32,car
2024-10-01 14:48:32,car
2024-10-01 14:48:32,car
2024-10-01 14:55:58,car
2024-10-01 14:55:59,car
2024-10-01 14:56:00,car
2024-10-01 14:56:00,car
2024-10-01 14:56:05,truck
2024-10-01 14:56:08,car
2024-10-01 14:56:14,car
2024-10-01 14:56:14,car
2024-10-01 14:56:14,car
2024-10-01 14:56:14,car
2024-10-01 14:56:14,truck
2024-10-01 14:56:14,car
2024-10-01 14:56:14,truck
2024-10-01 14:56:14,car
2024-10-01 14:56:14,motorcycle
2024-10-01 14:56:14,car
2024-10-01 14:56:14,car
2024-10-01 14:56:14,car
2024-10-01 14:56:14,truck
2024-10-01 14:56:14,motorcycle
2024-10-01 14:56:14,car
2024-10-01 14:56:14,motorcycle
2024-10-01 14:56:14,car
2024-10-01 14:56:14,car
2024-10-01 14:56:14,truck
2024-10-01 14:56:14,motorcycle
2024-10-01 14:56:14,car
2024-10-01 14:56:14,car
2024-10-01 14:56:15,car
2024-10-01 14:56:15,car
2024-10-01 14:56:15,truck
2024-10-01 14:56:15,motorcycle
2024-10-01 14:56:15,car
2024-10-01 14:56:15,car
2024-10-01 14:56:15,truck
2024-10-01 14:56:15,car
2024-10-01 14:56:15,motorcycle
2024-10-01 14:56:15,car
2024-10-01 14:56:15,car
2024-10-01 14:56:15,car
2024-10-01 14:56:15,truck
2024-10-01 14:56:15,motorcycle
2024-10-01 14:56:15,car
2024-10-01 14:56:15,motorcycle
2024-10-01 14:56:15,car
2024-10-01 14:56:15,car
2024-10-01 14:56:15,motorcycle
2024-10-01 14:56:15,truck
2024-10-01 14:56:15,motorcycle
2024-10-01 14:56:15,car
2024-10-01 14:56:15,truck
2024-10-01 14:56:15,car
2024-10-01 14:56:15,car
2024-10-01 14:56:15,truck
2024-10-01 14:56:15,motorcycle
2024-10-01 14:56:15,car
2024-10-01 14:56:15,motorcycle
2024-10-01 14:56:16,car
2024-10-01 14:56:16,car
2024-10-01 14:56:16,car
2024-10-01 14:56:16,truck
2024-10-01 14:56:16,motorcycle
2024-10-01 14:56:16,car
2024-10-01 14:56:16,car
2024-10-01 14:56:16,car
2024-10-01 14:56:16,truck
2024-10-01 14:56:16,motorcycle
2024-10-01 14:56:16,motorcycle
2024-10-01 14:56:16,car
2024-10-01 14:56:16,car
2024-10-01 14:56:16,motorcycle
2024-10-01 14:56:16,car
2024-10-01 14:56:16,truck
2024-10-01 14:56:16,motorcycle
2024-10-01 14:56:16,car
2024-10-01 14:56:16,car
2024-10-01 14:56:16,truck
2024-10-01 14:56:16,car
2024-10-01 14:56:16,car
2024-10-01 14:56:16,motorcycle
2024-10-01 14:56:16,motorcycle
2024-10-01 14:56:16,car
2024-10-01 14:56:16,car
2024-10-01 14:56:16,car
2024-10-01 14:56:16,car
2024-10-01 14:56:16,truck
2024-10-01 14:56:16,motorcycle
2024-10-01 14:56:16,motorcycle
2024-10-01 14:56:16,car
2024-10-01 14:56:17,car
2024-10-01 14:56:17,car
2024-10-01 14:56:17,car
2024-10-01 14:56:17,car
2024-10-01 14:56:17,motorcycle
2024-10-01 14:56:17,motorcycle
2024-10-01 14:56:17,truck
2024-10-01 14:56:17,car
2024-10-01 14:56:17,car
2024-10-01 14:56:17,car
2024-10-01 14:56:17,truck
2024-10-01 14:56:17,motorcycle
2024-10-01 14:56:17,car
2024-10-01 14:56:17,car
2024-10-01 14:56:17,car
2024-10-01 14:56:17,truck
2024-10-01 14:56:17,car
2024-10-01 14:56:17,motorcycle
2024-10-01 14:56:17,car
2024-10-01 14:56:17,car
2024-10-01 14:56:17,car
2024-10-01 14:56:17,car
2024-10-01 14:56:17,truck
2024-10-01 14:56:17,car
2024-10-01 14:56:17,motorcycle
2024-10-01 14:56:18,car
2024-10-01 14:56:18,car
2024-10-01 14:56:18,car
2024-10-01 14:56:18,car
2024-10-01 14:56:18,truck
2024-10-01 14:56:18,car
2024-10-01 14:56:18,car
2024-10-01 14:56:18,car
2024-10-01 14:56:18,car
2024-10-01 14:56:18,motorcycle
2024-10-01 14:56:18,car
2024-10-01 14:56:18,car
2024-10-01 14:56:18,car
2024-10-01 14:56:18,car
2024-10-01 14:56:18,car
2024-10-01 14:56:18,motorcycle
2024-10-01 14:56:18,car
2024-10-01 14:56:18,car
2024-10-01 14:56:18,car
2024-10-01 14:56:18,car
2024-10-01 14:56:18,car
2024-10-01 14:56:18,car
2024-10-01 14:56:18,motorcycle
2024-10-01 14:56:18,truck
2024-10-01 14:56:18,car
2024-10-01 14:56:18,car
2024-10-01 14:56:18,motorcycle
2024-10-01 14:56:18,car
2024-10-01 14:56:18,car
2024-10-01 14:56:18,truck
2024-10-01 14:56:18,motorcycle
2024-10-01 14:56:19,car
2024-10-01 14:56:19,car
2024-10-01 14:56:19,car
2024-10-01 14:56:19,car
2024-10-01 14:56:19,truck
2024-10-01 14:56:19,car
2024-10-01 14:56:19,motorcycle
2024-10-01 14:56:19,car
2024-10-01 14:56:19,car
2024-10-01 14:56:19,car
2024-10-01 14:56:19,car
2024-10-01 14:56:19,motorcycle
2024-10-01 14:56:19,car
2024-10-01 14:56:19,car
2024-10-01 14:56:19,car
2024-10-01 14:56:19,car
2024-10-01 14:56:19,motorcycle
2024-10-01 14:56:19,truck
2024-10-01 14:56:19,car
2024-10-01 14:56:19,car
2024-10-01 14:56:19,car
2024-10-01 14:56:19,car
2024-10-01 14:56:19,motorcycle
2024-10-01 14:56:19,motorcycle
2024-10-01 14:56:20,car
2024-10-01 14:56:20,motorcycle
2024-10-01 14:56:20,car
2024-10-01 14:56:20,car
2024-10-01 14:56:20,motorcycle
2024-10-01 14:56:20,car
2024-10-01 14:56:20,motorcycle
2024-10-01 14:56:20,car
2024-10-01 14:56:20,car
2024-10-01 14:56:20,motorcycle
2024-10-01 14:56:20,car
2024-10-01 14:56:20,motorcycle
2024-10-01 14:56:20,motorcycle
2024-10-01 14:56:20,car
2024-10-01 14:56:20,car
2024-10-01 14:56:20,car
2024-10-01 14:56:20,motorcycle
2024-10-01 14:56:20,car
2024-10-01 14:56:20,car
2024-10-01 14:56:20,car
2024-10-01 14:56:20,car
2024-10-01 14:56:20,car
2024-10-01 14:56:20,car
2024-10-01 14:56:20,car
2024-10-01 14:56:20,motorcycle
2024-10-01 14:56:20,motorcycle
2024-10-01 14:56:21,car
2024-10-01 14:56:21,car
2024-10-01 14:56:21,motorcycle
2024-10-01 14:56:21,car
2024-10-01 14:56:21,car
2024-10-01 14:56:21,motorcycle
2024-10-01 14:56:21,car
2024-10-01 14:56:21,car
2024-10-01 14:56:21,car
2024-10-01 14:56:21,car
2024-10-01 14:56:21,car
2024-10-01 14:56:21,motorcycle
2024-10-01 14:56:21,motorcycle
2024-10-01 14:56:21,car
2024-10-01 14:56:21,car
2024-10-01 14:56:21,car
2024-10-01 14:56:21,motorcycle
2024-10-01 14:56:21,car
2024-10-01 14:56:21,car
2024-10-01 14:56:21,car
2024-10-01 14:56:21,car
2024-10-01 14:56:21,truck
2024-10-01 14:56:21,car
2024-10-01 14:56:21,truck
2024-10-01 14:56:21,truck
2024-10-01 14:56:21,car
2024-10-01 14:56:21,car
2024-10-01 14:56:22,car
2024-10-01 14:56:22,car
2024-10-01 14:56:22,car
2024-10-01 14:56:22,car
2024-10-01 14:56:22,car
2024-10-01 14:56:22,car
2024-10-01 14:56:22,motorcycle
2024-10-01 14:56:22,car
2024-10-01 14:56:22,car
2024-10-01 14:56:22,motorcycle
2024-10-01 14:56:22,car
2024-10-01 14:56:22,car
2024-10-01 14:56:22,car
2024-10-01 14:56:22,car
2024-10-01 14:56:22,car
2024-10-01 14:56:23,car
2024-10-01 14:56:23,car
2024-10-01 14:56:23,motorcycle
2024-10-01 14:56:23,car
2024-10-01 14:56:23,car
2024-10-01 14:56:23,car
2024-10-01 14:56:23,car
2024-10-01 14:56:23,car
2024-10-01 14:56:23,motorcycle
2024-10-01 14:56:23,car
2024-10-01 14:56:24,car
2024-10-01 14:56:24,motorcycle
2024-10-01 14:56:24,car
2024-10-01 14:56:24,car
2024-10-01 14:56:24,truck
2024-10-01 14:56:24,motorcycle
2024-10-01 14:56:24,motorcycle
2024-10-01 14:56:24,car
2024-10-01 14:56:24,car
2024-10-01 14:56:24,car
2024-10-01 14:56:24,car
2024-10-01 14:56:24,motorcycle
2024-10-01 14:56:24,motorcycle
2024-10-01 14:56:24,car
2024-10-01 14:56:24,motorcycle
2024-10-01 14:56:25,car
2024-10-01 14:56:25,car
2024-10-01 14:56:25,motorcycle
2024-10-01 14:56:25,car
2024-10-01 14:56:25,car
2024-10-01 14:56:25,car
2024-10-01 14:56:25,car
2024-10-01 14:56:25,motorcycle
2024-10-01 14:56:25,car
2024-10-01 14:56:25,car
2024-10-01 14:56:25,car
2024-10-01 14:56:25,motorcycle
2024-10-01 14:56:25,car
2024-10-01 14:56:25,car
2024-10-01 14:56:25,car
2024-10-01 14:56:26,car
2024-10-01 14:56:26,car
2024-10-01 14:56:26,car
2024-10-01 14:56:26,car
2024-10-01 14:56:26,car
2024-10-01 14:56:26,car
2024-10-01 14:56:26,car
2024-10-01 14:56:26,car
2024-10-01 14:56:26,car
2024-10-01 14:56:26,car
2024-10-01 14:56:26,motorcycle
2024-10-01 14:56:26,car
2024-10-01 14:56:26,car
2024-10-01 14:56:26,car
2024-10-01 14:56:26,car
2024-10-01 14:56:26,car
2024-10-01 14:56:26,car
2024-10-01 14:56:26,car
2024-10-01 14:56:26,car
2024-10-01 14:56:26,motorcycle
2024-10-01 14:56:26,car
2024-10-01 14:56:27,car
2024-10-01 14:56:27,car
2024-10-01 14:56:27,car
2024-10-01 14:56:27,car
2024-10-01 14:56:27,car
2024-10-01 14:56:27,car
2024-10-01 14:56:27,truck
2024-10-01 14:56:27,car
2024-10-01 14:56:27,truck
2024-10-01 14:56:27,car
2024-10-01 14:56:27,car
2024-10-01 14:56:27,truck
2024-10-01 14:56:28,car
2024-10-01 14:56:28,truck
2024-10-01 14:56:28,motorcycle
2024-10-01 14:56:28,car
2024-10-01 14:56:28,car
2024-10-01 14:56:28,car
2024-10-01 14:56:28,truck
2024-10-01 14:56:28,car
2024-10-01 14:56:28,car
2024-10-01 14:56:28,car
2024-10-01 14:56:28,car
2024-10-01 14:56:28,car
2024-10-01 14:56:28,car
2024-10-01 14:56:29,car
2024-10-01 14:56:29,car
2024-10-01 14:56:29,car
2024-10-01 14:56:29,car
2024-10-01 14:56:29,car
2024-10-01 14:56:29,car
2024-10-01 14:56:29,motorcycle
2024-10-01 14:56:29,car
2024-10-01 14:56:29,car
2024-10-01 14:56:29,car
2024-10-01 14:56:29,car
2024-10-01 14:56:29,car
2024-10-01 14:56:29,car
2024-10-01 14:56:29,car
2024-10-01 14:56:29,motorcycle
2024-10-01 14:56:30,car
2024-10-01 14:56:30,car
2024-10-01 14:56:30,motorcycle
2024-10-01 14:56:30,car
2024-10-01 14:56:30,motorcycle
2024-10-01 14:56:30,car
2024-10-01 14:56:30,car
2024-10-01 14:56:30,car
2024-10-01 14:56:30,car
2024-10-01 14:56:30,motorcycle
2024-10-01 14:56:30,car
2024-10-01 14:56:30,car
2024-10-01 14:56:30,car
2024-10-01 14:56:30,motorcycle
2024-10-01 14:56:30,car
2024-10-01 14:56:30,car
2024-10-01 14:56:30,car
2024-10-01 14:56:30,motorcycle
2024-10-01 14:56:31,car
2024-10-01 14:56:31,car
2024-10-01 14:56:31,car
2024-10-01 14:56:31,car
2024-10-01 14:56:31,motorcycle
2024-10-01 14:56:31,motorcycle
2024-10-01 14:56:31,car
2024-10-01 14:56:31,car
2024-10-01 14:56:31,car
2024-10-01 14:56:31,car
2024-10-01 14:56:31,motorcycle
2024-10-01 14:56:31,car
2024-10-01 14:56:31,car
2024-10-01 14:56:31,motorcycle
2024-10-01 14:56:31,motorcycle
2024-10-01 14:56:31,car
2024-10-01 14:56:31,car
2024-10-01 14:56:31,car
2024-10-01 14:56:31,motorcycle
2024-10-01 14:56:31,car
2024-10-01 14:56:31,car
2024-10-01 14:56:31,motorcycle
2024-10-01 14:56:32,car
2024-10-01 14:56:32,car
2024-10-01 14:56:32,car
2024-10-01 14:56:32,motorcycle
2024-10-01 14:56:32,car
2024-10-01 14:56:32,car
2024-10-01 14:56:32,car
2024-10-01 14:56:32,car
2024-10-01 14:56:32,motorcycle
2024-10-01 14:56:32,car
2024-10-01 14:56:32,truck
2024-10-01 14:56:32,car
2024-10-01 14:56:32,car
2024-10-01 14:56:32,car
2024-10-01 14:56:32,motorcycle
2024-10-01 14:56:32,truck
2024-10-01 14:56:32,truck
2024-10-01 14:56:32,car
2024-10-01 14:56:32,car
2024-10-01 14:56:32,car
2024-10-01 14:56:32,car
2024-10-01 14:56:32,car
2024-10-01 14:56:32,car
2024-10-01 14:56:32,motorcycle
2024-10-01 14:56:32,motorcycle
2024-10-01 14:56:32,truck
2024-10-01 14:56:33,car
2024-10-01 14:56:33,car
2024-10-01 14:56:33,car
2024-10-01 14:56:33,car
2024-10-01 14:56:33,truck
2024-10-01 14:56:33,car
2024-10-01 14:56:33,car
2024-10-01 14:56:33,car
2024-10-01 14:56:33,car
2024-10-01 14:56:33,car
2024-10-01 14:56:33,motorcycle
2024-10-01 14:56:33,car
2024-10-01 14:56:33,car
2024-10-01 14:56:33,car
2024-10-01 14:56:33,car
2024-10-01 14:56:33,car
2024-10-01 14:56:33,motorcycle
2024-10-01 14:56:33,car
2024-10-01 14:56:33,car
2024-10-01 14:56:33,truck
2024-10-01 14:56:33,motorcycle
2024-10-01 14:56:33,truck
2024-10-01 14:56:33,car
2024-10-01 14:56:34,car
2024-10-01 14:56:34,car
2024-10-01 14:56:34,car
2024-10-01 14:56:34,car
2024-10-01 14:56:34,truck
2024-10-01 14:56:34,car
2024-10-01 14:56:34,car
2024-10-01 14:56:34,car
2024-10-01 14:56:34,car
2024-10-01 14:56:34,car
2024-10-01 14:56:34,motorcycle
2024-10-01 14:56:34,car
2024-10-01 14:56:34,car
2024-10-01 14:56:34,car
2024-10-01 14:56:34,truck
2024-10-01 14:56:35,car
2024-10-01 14:56:35,car
2024-10-01 14:56:35,car
2024-10-01 14:56:35,truck
2024-10-01 14:56:35,motorcycle
2024-10-01 14:56:35,car
2024-10-01 14:56:35,car
2024-10-01 14:56:35,car
2024-10-01 14:56:35,motorcycle
2024-10-01 14:56:35,car
2024-10-01 14:56:35,car
2024-10-01 14:56:35,car
2024-10-01 14:56:35,truck
2024-10-01 14:56:35,motorcycle
2024-10-01 14:56:35,car
2024-10-01 14:56:35,car
2024-10-01 14:56:35,car
2024-10-01 14:56:35,truck
2024-10-01 14:56:36,car
2024-10-01 14:56:36,car
2024-10-01 14:56:36,car
2024-10-01 14:56:36,truck
2024-10-01 14:56:36,car
2024-10-01 14:56:36,car
2024-10-01 14:56:36,car
2024-10-01 14:56:36,car
2024-10-01 14:56:36,car
2024-10-01 14:56:36,car
2024-10-01 14:56:36,car
2024-10-01 14:56:36,car
2024-10-01 14:56:36,car
2024-10-01 14:56:36,car
2024-10-01 14:56:36,car
2024-10-01 14:56:36,car
2024-10-01 14:56:36,car
2024-10-01 14:56:40,car
2024-10-01 14:56:40,car
2024-10-01 14:56:40,car
2024-10-01 14:56:40,truck
2024-10-01 14:56:40,motorcycle
2024-10-01 14:56:40,car
2024-10-01 14:56:40,motorcycle
2024-10-01 14:56:40,motorcycle
2024-10-01 14:56:40,motorcycle
2024-10-01 14:56:40,car
2024-10-01 14:56:40,car
2024-10-01 14:56:40,car
2024-10-01 14:56:40,truck
2024-10-01 14:56:40,car
2024-10-01 14:56:40,car
2024-10-01 14:56:40,motorcycle
2024-10-01 14:56:40,motorcycle
2024-10-01 14:56:40,motorcycle
2024-10-01 14:56:40,motorcycle
2024-10-01 14:56:40,motorcycle
2024-10-01 14:56:41,car
2024-10-01 14:56:41,car
2024-10-01 14:56:41,truck
2024-10-01 14:56:41,car
2024-10-01 14:56:41,car
2024-10-01 14:56:41,car
2024-10-01 14:56:41,motorcycle
2024-10-01 14:56:41,motorcycle
2024-10-01 14:56:41,car
2024-10-01 14:56:41,car
2024-10-01 14:56:41,truck
2024-10-01 14:56:41,car
2024-10-01 14:56:41,car
2024-10-01 14:56:41,car
2024-10-01 14:56:41,motorcycle
2024-10-01 14:56:41,motorcycle
2024-10-01 14:56:41,car
2024-10-01 14:56:41,car
2024-10-01 14:56:41,car
2024-10-01 14:56:41,truck
2024-10-01 14:56:41,motorcycle
2024-10-01 14:56:41,motorcycle
2024-10-01 14:56:41,motorcycle
2024-10-01 14:56:41,car
2024-10-01 14:56:41,motorcycle
2024-10-01 14:56:41,car
2024-10-01 14:56:41,car
2024-10-01 14:56:41,truck
2024-10-01 14:56:41,truck
2024-10-01 14:56:41,car
2024-10-01 14:56:41,car
2024-10-01 14:56:41,motorcycle
2024-10-01 14:56:41,motorcycle
2024-10-01 14:56:41,motorcycle
2024-10-01 14:56:42,car
2024-10-01 14:56:42,truck
2024-10-01 14:56:42,car
2024-10-01 14:56:42,car
2024-10-01 14:56:42,motorcycle
2024-10-01 14:56:42,car
2024-10-01 14:56:42,motorcycle
2024-10-01 14:56:42,motorcycle
2024-10-01 14:56:42,car
2024-10-01 14:56:42,car
2024-10-01 14:56:42,car
2024-10-01 14:56:42,truck
2024-10-01 14:56:42,car
2024-10-01 14:56:42,car
2024-10-01 14:56:42,motorcycle
2024-10-01 14:56:42,motorcycle
2024-10-01 14:56:42,motorcycle
2024-10-01 14:56:42,truck
2024-10-01 14:56:42,car
2024-10-01 14:56:42,car
2024-10-01 14:56:42,truck
2024-10-01 14:56:42,car
2024-10-01 14:56:42,car
2024-10-01 14:56:42,motorcycle
2024-10-01 14:56:42,truck
2024-10-01 14:56:42,car
2024-10-01 14:56:42,car
2024-10-01 14:56:42,truck
2024-10-01 14:56:42,car
2024-10-01 14:56:42,car
2024-10-01 14:56:42,car
2024-10-01 14:56:42,motorcycle
2024-10-01 14:56:42,motorcycle
2024-10-01 14:56:42,car
2024-10-01 14:56:42,motorcycle
2024-10-01 14:56:42,car
2024-10-01 14:56:42,car
2024-10-01 14:56:43,car
2024-10-01 14:56:43,truck
2024-10-01 14:56:43,car
2024-10-01 14:56:43,motorcycle
2024-10-01 14:56:43,truck
2024-10-01 14:56:43,motorcycle
2024-10-01 14:56:43,car
2024-10-01 14:56:43,car
2024-10-01 14:56:43,car
2024-10-01 14:56:43,truck
2024-10-01 14:56:43,motorcycle
2024-10-01 14:56:43,car
2024-10-01 14:56:43,car
2024-10-01 14:56:43,car
2024-10-01 14:56:43,motorcycle
2024-10-01 14:56:43,motorcycle
2024-10-01 14:56:43,motorcycle
2024-10-01 14:56:43,car
2024-10-01 14:56:43,car
2024-10-01 14:56:43,truck
2024-10-01 14:56:43,motorcycle
2024-10-01 14:56:43,car
2024-10-01 14:56:43,car
2024-10-01 14:56:43,motorcycle
2024-10-01 14:56:43,motorcycle
2024-10-01 14:56:43,truck
2024-10-01 14:56:43,car
2024-10-01 14:56:43,motorcycle
2024-10-01 14:56:43,car
2024-10-01 14:56:43,car
2024-10-01 14:56:43,car
2024-10-01 14:56:43,truck
2024-10-01 14:56:43,car
2024-10-01 14:56:43,car
2024-10-01 14:56:43,motorcycle
2024-10-01 14:56:43,motorcycle
2024-10-01 14:56:43,motorcycle
2024-10-01 14:56:43,car
2024-10-01 14:56:43,truck
2024-10-01 14:56:43,motorcycle
2024-10-01 14:56:43,motorcycle
2024-10-01 14:56:43,car
2024-10-01 14:56:44,car
2024-10-01 14:56:44,car
2024-10-01 14:56:44,truck
2024-10-01 14:56:44,motorcycle
2024-10-01 14:56:44,motorcycle
2024-10-01 14:56:44,car
2024-10-01 14:56:44,car
2024-10-01 14:56:44,motorcycle
2024-10-01 14:56:44,motorcycle
2024-10-01 14:56:44,car
2024-10-01 14:56:44,car
2024-10-01 14:56:44,car
2024-10-01 14:56:44,truck
2024-10-01 14:56:44,motorcycle
2024-10-01 14:56:44,car
2024-10-01 14:56:44,car
2024-10-01 14:56:44,motorcycle
2024-10-01 14:56:44,motorcycle
2024-10-01 14:56:44,car
2024-10-01 14:56:44,car
2024-10-01 14:56:44,car
2024-10-01 14:56:44,truck
2024-10-01 14:56:44,car
2024-10-01 14:56:44,motorcycle
2024-10-01 14:56:44,car
2024-10-01 14:56:44,motorcycle
2024-10-01 14:56:44,car
2024-10-01 14:56:44,car
2024-10-01 14:56:44,car
2024-10-01 14:56:44,car
2024-10-01 14:56:44,truck
2024-10-01 14:56:44,car
2024-10-01 14:56:44,motorcycle
2024-10-01 14:56:44,car
2024-10-01 14:56:44,motorcycle
2024-10-01 14:56:44,motorcycle
2024-10-01 14:56:44,motorcycle
2024-10-01 14:56:44,motorcycle
2024-10-01 14:56:44,car
2024-10-01 14:56:44,car
2024-10-01 14:56:44,motorcycle
2024-10-01 14:56:44,car
2024-10-01 14:56:44,truck
2024-10-01 14:56:44,car
2024-10-01 14:56:44,car
2024-10-01 14:56:44,motorcycle
2024-10-01 14:56:44,motorcycle
2024-10-01 14:56:44,motorcycle
2024-10-01 14:56:45,car
2024-10-01 14:56:45,truck
2024-10-01 14:56:45,car
2024-10-01 14:56:45,car
2024-10-01 14:56:45,car
2024-10-01 14:56:45,motorcycle
2024-10-01 14:56:45,motorcycle
2024-10-01 14:56:45,car
2024-10-01 14:56:45,car
2024-10-01 14:56:45,motorcycle
2024-10-01 14:56:45,motorcycle
2024-10-01 14:56:45,car
2024-10-01 14:56:45,car
2024-10-01 14:56:45,truck
2024-10-01 14:56:45,car
2024-10-01 14:56:45,car
2024-10-01 14:56:45,car
2024-10-01 14:56:45,motorcycle
2024-10-01 14:56:45,car
2024-10-01 14:56:45,motorcycle
2024-10-01 14:56:45,motorcycle
2024-10-01 14:56:45,car
2024-10-01 14:56:45,car
2024-10-01 14:56:45,car
2024-10-01 14:56:45,car
2024-10-01 14:56:45,truck
2024-10-01 14:56:45,motorcycle
2024-10-01 14:56:45,motorcycle
2024-10-01 14:56:45,car
2024-10-01 14:56:45,motorcycle
2024-10-01 14:56:46,car
2024-10-01 14:56:46,car
2024-10-01 14:56:46,car
2024-10-01 14:56:46,truck
2024-10-01 14:56:46,car
2024-10-01 14:56:46,motorcycle
2024-10-01 14:56:46,motorcycle
2024-10-01 14:56:46,car
2024-10-01 14:56:46,motorcycle
2024-10-01 14:56:46,car
2024-10-01 14:56:46,car
2024-10-01 14:56:46,motorcycle
2024-10-01 14:56:46,truck
2024-10-01 14:56:46,car
2024-10-01 14:56:46,car
2024-10-01 14:56:46,motorcycle
2024-10-01 14:56:46,motorcycle
2024-10-01 14:56:46,truck
2024-10-01 14:56:46,car
2024-10-01 14:56:46,car
2024-10-01 14:56:46,car
2024-10-01 14:56:46,car
2024-10-01 14:56:46,truck
2024-10-01 14:56:46,car
2024-10-01 14:56:46,motorcycle
2024-10-01 14:56:46,motorcycle
2024-10-01 14:56:46,car
2024-10-01 14:56:46,motorcycle
2024-10-01 14:56:46,truck
2024-10-01 14:56:46,car
2024-10-01 14:56:46,car
2024-10-01 14:56:46,truck
2024-10-01 14:56:46,car
2024-10-01 14:56:46,truck
2024-10-01 14:56:46,motorcycle
2024-10-01 14:56:46,truck
2024-10-01 14:56:46,car
2024-10-01 14:56:46,motorcycle
2024-10-01 14:56:46,motorcycle
2024-10-01 14:56:47,car
2024-10-01 14:56:47,car
2024-10-01 14:56:47,motorcycle
2024-10-01 14:56:47,truck
2024-10-01 14:56:47,car
2024-10-01 14:56:47,motorcycle
2024-10-01 14:56:47,motorcycle
2024-10-01 14:56:47,truck
2024-10-01 14:56:47,motorcycle
2024-10-01 14:56:47,car
2024-10-01 14:56:47,car
2024-10-01 14:56:47,car
2024-10-01 14:56:47,car
2024-10-01 14:56:47,car
2024-10-01 14:56:47,car
2024-10-01 14:56:47,truck
2024-10-01 14:56:47,motorcycle
2024-10-01 14:56:47,motorcycle
2024-10-01 14:56:47,car
2024-10-01 14:56:47,motorcycle
2024-10-01 14:56:47,car
2024-10-01 14:56:47,truck
2024-10-01 14:56:47,car
2024-10-01 14:56:47,car
2024-10-01 14:56:47,motorcycle
2024-10-01 14:56:47,car
2024-10-01 14:56:47,truck
2024-10-01 14:56:47,car
2024-10-01 14:56:47,motorcycle
2024-10-01 14:56:47,motorcycle
2024-10-01 14:56:47,truck
2024-10-01 14:56:47,car
2024-10-01 14:56:47,motorcycle
2024-10-01 14:56:47,car
2024-10-01 14:56:47,car
2024-10-01 14:56:47,car
2024-10-01 14:56:47,truck
2024-10-01 14:56:47,car
2024-10-01 14:56:47,motorcycle
2024-10-01 14:56:47,car
2024-10-01 14:56:47,truck
2024-10-01 14:56:47,motorcycle
2024-10-01 14:56:47,motorcycle
2024-10-01 14:56:48,car
2024-10-01 14:56:48,motorcycle
2024-10-01 14:56:48,car
2024-10-01 14:56:48,car
2024-10-01 14:56:48,truck
2024-10-01 14:56:48,car
2024-10-01 14:56:48,motorcycle
2024-10-01 14:56:48,motorcycle
2024-10-01 14:56:48,car
2024-10-01 14:56:48,motorcycle
2024-10-01 14:56:48,car
2024-10-01 14:56:48,car
2024-10-01 14:56:48,car
2024-10-01 14:56:48,car
2024-10-01 14:56:48,truck
2024-10-01 14:56:48,motorcycle
2024-10-01 14:56:48,car
2024-10-01 14:56:48,car
2024-10-01 14:56:48,motorcycle
2024-10-01 14:56:48,motorcycle
2024-10-01 14:56:48,motorcycle
2024-10-01 14:56:48,car
2024-10-01 14:56:48,car
2024-10-01 14:56:48,car
2024-10-01 14:56:48,truck
2024-10-01 14:56:48,motorcycle
2024-10-01 14:56:48,motorcycle
2024-10-01 14:56:48,motorcycle
2024-10-01 14:56:48,car
2024-10-01 14:56:48,car
2024-10-01 14:56:48,motorcycle
2024-10-01 14:56:49,car
2024-10-01 14:56:49,car
2024-10-01 14:56:49,motorcycle
2024-10-01 14:56:49,truck
2024-10-01 14:56:49,car
2024-10-01 14:56:49,motorcycle
2024-10-01 14:56:49,motorcycle
2024-10-01 14:56:49,motorcycle
2024-10-01 14:56:49,car
2024-10-01 14:56:49,car
2024-10-01 14:56:49,car
2024-10-01 14:56:49,truck
2024-10-01 14:56:49,motorcycle
2024-10-01 14:56:49,car
2024-10-01 14:56:49,motorcycle
2024-10-01 14:56:49,car
2024-10-01 14:56:49,car
2024-10-01 14:56:49,motorcycle
2024-10-01 14:56:49,car
2024-10-01 14:56:49,car
2024-10-01 14:56:49,car
2024-10-01 14:56:49,motorcycle
2024-10-01 14:56:49,truck
2024-10-01 14:56:49,car
2024-10-01 14:56:49,motorcycle
2024-10-01 14:56:49,car
2024-10-01 14:56:49,motorcycle
2024-10-01 14:56:49,car
2024-10-01 14:56:49,motorcycle
2024-10-01 14:56:49,car
2024-10-01 14:56:49,truck
2024-10-01 14:56:49,car
2024-10-01 14:56:49,motorcycle
2024-10-01 14:56:49,car
2024-10-01 14:56:49,car
2024-10-01 14:56:49,motorcycle
2024-10-01 14:56:49,motorcycle
2024-10-01 14:56:49,car
2024-10-01 14:56:50,car
2024-10-01 14:56:50,car
2024-10-01 14:56:50,car
2024-10-01 14:56:50,truck
2024-10-01 14:56:50,motorcycle
2024-10-01 14:56:50,motorcycle
2024-10-01 14:56:50,car
2024-10-01 14:56:50,motorcycle
2024-10-01 14:56:50,car
2024-10-01 14:56:50,car
2024-10-01 14:56:50,truck
2024-10-01 14:56:50,motorcycle
2024-10-01 14:56:50,truck
2024-10-01 14:56:50,car
2024-10-01 14:56:50,motorcycle
2024-10-01 14:56:50,motorcycle
2024-10-01 14:56:50,car
2024-10-01 14:56:50,car
2024-10-01 14:56:50,car
2024-10-01 14:56:50,motorcycle
2024-10-01 14:56:50,truck
2024-10-01 14:56:50,motorcycle
2024-10-01 14:56:50,car
2024-10-01 14:56:50,motorcycle
2024-10-01 14:56:50,motorcycle
2024-10-01 14:56:50,car
2024-10-01 14:56:50,car
2024-10-01 14:56:50,motorcycle
2024-10-01 14:56:50,truck
2024-10-01 14:56:50,car
2024-10-01 14:56:50,motorcycle
2024-10-01 14:56:50,motorcycle
2024-10-01 14:56:50,car
2024-10-01 14:56:51,car
2024-10-01 14:56:51,car
2024-10-01 14:56:51,car
2024-10-01 14:56:51,truck
2024-10-01 14:56:51,motorcycle
2024-10-01 14:56:51,truck
2024-10-01 14:56:51,car
2024-10-01 14:56:51,motorcycle
2024-10-01 14:56:51,motorcycle
2024-10-01 14:56:51,car
2024-10-01 14:56:51,car
2024-10-01 14:56:51,car
2024-10-01 14:56:51,truck
2024-10-01 14:56:51,motorcycle
2024-10-01 14:56:51,truck
2024-10-01 14:56:51,motorcycle
2024-10-01 14:56:51,car
2024-10-01 14:56:51,motorcycle
2024-10-01 14:56:51,motorcycle
2024-10-01 14:56:51,car
2024-10-01 14:56:51,car
2024-10-01 14:56:51,car
2024-10-01 14:56:51,truck
2024-10-01 14:56:51,motorcycle
2024-10-01 14:56:51,motorcycle
2024-10-01 14:56:51,truck
2024-10-01 14:56:51,car
2024-10-01 14:56:51,car
2024-10-01 14:56:51,motorcycle
2024-10-01 14:56:51,motorcycle
2024-10-01 14:56:52,car
2024-10-01 14:56:52,car
2024-10-01 14:56:52,car
2024-10-01 14:56:52,motorcycle
2024-10-01 14:56:52,truck
2024-10-01 14:56:52,truck
2024-10-01 14:56:52,car
2024-10-01 14:56:52,motorcycle
2024-10-01 14:56:52,motorcycle
2024-10-01 14:56:52,car
2024-10-01 14:56:52,car
2024-10-01 14:56:52,car
2024-10-01 14:56:52,car
2024-10-01 14:56:52,car
2024-10-01 14:56:52,motorcycle
2024-10-01 14:56:52,motorcycle
2024-10-01 14:56:52,motorcycle
2024-10-01 14:56:52,truck
2024-10-01 14:56:52,truck
2024-10-01 14:56:52,car
2024-10-01 14:56:52,car
2024-10-01 14:56:52,car
2024-10-01 14:56:52,car
2024-10-01 14:56:52,car
2024-10-01 14:56:52,motorcycle
2024-10-01 14:56:52,motorcycle
2024-10-01 14:56:52,motorcycle
2024-10-01 14:56:52,motorcycle
2024-10-01 14:56:52,truck
2024-10-01 14:56:52,truck
2024-10-01 14:56:52,motorcycle
2024-10-01 14:56:52,car
2024-10-01 14:56:52,car
2024-10-01 14:56:52,car
2024-10-01 14:56:52,car
2024-10-01 14:56:52,car
2024-10-01 14:56:52,motorcycle
2024-10-01 14:56:52,motorcycle
2024-10-01 14:56:52,motorcycle
2024-10-01 14:56:52,truck
2024-10-01 14:56:52,motorcycle
2024-10-01 14:58:14,car
2024-10-01 14:58:14,car
2024-10-01 14:58:14,car
2024-10-01 14:58:14,car
2024-10-01 14:58:14,car
2024-10-01 14:58:15,car
2024-10-01 14:58:15,car
2024-10-01 14:58:15,motorcycle
2024-10-01 14:58:15,motorcycle
2024-10-01 14:58:15,motorcycle
2024-10-01 14:58:15,motorcycle
2024-10-01 14:58:16,motorcycle
2024-10-01 14:58:16,motorcycle
2024-10-01 14:58:16,motorcycle
2024-10-01 14:58:16,car
2024-10-01 14:58:16,motorcycle
2024-10-01 14:58:17,car
2024-10-01 14:58:17,motorcycle
2024-10-01 14:58:17,car
2024-10-01 14:58:17,motorcycle
2024-10-01 14:58:17,car
2024-10-01 14:58:17,motorcycle
2024-10-01 14:58:17,car
2024-10-01 14:58:17,motorcycle
2024-10-01 14:58:18,car
2024-10-01 14:58:18,motorcycle
2024-10-01 14:58:18,car
2024-10-01 14:58:18,motorcycle
2024-10-01 14:58:18,car
2024-10-01 14:58:18,car
2024-10-01 14:58:18,car
2024-10-01 14:58:23,car
2024-10-01 14:58:23,motorcycle
2024-10-01 14:58:23,car
2024-10-01 14:58:23,motorcycle
2024-10-01 14:58:23,car
2024-10-01 14:58:23,motorcycle
2024-10-01 14:58:23,car
2024-10-01 14:58:23,motorcycle
2024-10-01 14:58:24,car
2024-10-01 14:58:24,motorcycle
2024-10-01 14:58:24,motorcycle
2024-10-01 14:58:24,motorcycle
2024-10-01 14:58:24,car
2024-10-01 14:58:24,car
2024-10-01 14:58:24,car
2024-10-01 14:58:25,car
2024-10-01 14:58:25,car
2024-10-01 14:58:25,car
2024-10-01 15:03:26,car
2024-10-01 15:03:26,car
2024-10-01 15:03:26,car
2024-10-01 15:03:26,motorcycle
2024-10-01 15:03:26,car
2024-10-01 15:03:26,car
2024-10-01 15:03:26,car
2024-10-01 15:03:26,motorcycle
2024-10-01 15:03:26,car
2024-10-01 15:03:26,car
2024-10-01 15:03:26,car
2024-10-01 15:03:26,motorcycle
2024-10-01 15:03:27,car
2024-10-01 15:03:27,car
2024-10-01 15:03:27,motorcycle
2024-10-01 15:03:27,car
2024-10-01 15:03:27,car
2024-10-01 15:03:27,car
2024-10-01 15:03:27,car
2024-10-01 15:03:27,motorcycle
2024-10-01 15:03:27,car
2024-10-01 15:03:27,car
2024-10-01 15:03:27,car
2024-10-01 15:03:27,motorcycle
2024-10-01 15:03:27,car
2024-10-01 15:03:27,car
2024-10-01 15:03:27,car
2024-10-01 15:03:27,car
2024-10-01 15:03:27,car
2024-10-01 15:03:27,car
2024-10-01 15:03:28,car
2024-10-01 15:03:28,car
2024-10-01 15:03:28,car
2024-10-01 15:03:28,car
2024-10-01 15:03:28,car
2024-10-01 15:03:28,car
2024-10-01 15:03:28,car
2024-10-01 15:03:28,car
2024-10-01 15:03:28,motorcycle
2024-10-01 15:03:28,car
2024-10-01 15:03:28,car
2024-10-01 15:03:28,motorcycle
2024-10-01 15:03:28,car
2024-10-01 15:03:28,car
2024-10-01 15:03:28,motorcycle
2024-10-01 15:03:28,motorcycle
2024-10-01 15:03:29,car
2024-10-01 15:03:29,car
2024-10-01 15:03:29,motorcycle
2024-10-01 15:03:29,motorcycle
2024-10-01 15:03:29,car
2024-10-01 15:03:29,car
2024-10-01 15:03:29,motorcycle
2024-10-01 15:03:29,motorcycle
2024-10-01 15:03:29,car
2024-10-01 15:03:29,car
2024-10-01 15:03:29,motorcycle
2024-10-01 15:03:29,motorcycle
2024-10-01 15:03:29,motorcycle
2024-10-01 15:03:29,car
2024-10-01 15:03:29,car
2024-10-01 15:03:29,car
2024-10-01 15:03:29,motorcycle
2024-10-01 15:03:29,motorcycle
2024-10-01 15:03:29,motorcycle
2024-10-01 15:03:29,car
2024-10-01 15:03:29,car
2024-10-01 15:03:29,motorcycle
2024-10-01 15:03:29,motorcycle
2024-10-01 15:03:29,motorcycle
2024-10-01 15:03:30,car
2024-10-01 15:03:30,car
2024-10-01 15:03:30,motorcycle
2024-10-01 15:03:30,motorcycle
2024-10-01 15:03:30,motorcycle
2024-10-01 15:03:30,car
2024-10-01 15:03:30,car
2024-10-01 15:03:30,motorcycle
2024-10-01 15:03:30,motorcycle
2024-10-01 15:03:30,motorcycle
2024-10-01 15:03:30,car
2024-10-01 15:03:30,car
2024-10-01 15:03:30,motorcycle
2024-10-01 15:03:30,motorcycle
2024-10-01 15:03:30,motorcycle
2024-10-01 15:03:30,car
2024-10-01 15:03:30,car
2024-10-01 15:03:30,motorcycle
2024-10-01 15:03:30,motorcycle
2024-10-01 15:03:30,motorcycle
2024-10-01 15:03:30,motorcycle
2024-10-01 15:03:30,motorcycle
2024-10-01 15:03:30,car
2024-10-01 15:03:30,car
2024-10-01 15:03:30,motorcycle
2024-10-01 15:03:30,motorcycle
2024-10-01 15:03:31,car
2024-10-01 15:03:31,car
2024-10-01 15:03:31,motorcycle
2024-10-01 15:03:31,motorcycle
2024-10-01 15:03:31,motorcycle
2024-10-01 15:03:31,motorcycle
2024-10-01 15:03:31,car
2024-10-01 15:03:31,car
2024-10-01 15:03:31,motorcycle
2024-10-01 15:03:31,motorcycle
2024-10-01 15:03:31,car
2024-10-01 15:03:31,car
2024-10-01 15:03:31,motorcycle
2024-10-01 15:03:31,motorcycle
2024-10-01 15:03:31,motorcycle
2024-10-01 15:03:31,car
2024-10-01 15:03:31,car
2024-10-01 15:03:31,motorcycle
2024-10-01 15:03:32,car
2024-10-01 15:03:32,car
2024-10-01 15:03:32,motorcycle
2024-10-01 15:03:32,motorcycle
2024-10-01 15:03:32,motorcycle
2024-10-01 15:03:32,motorcycle
2024-10-01 15:03:32,car
2024-10-01 15:03:32,car
2024-10-01 15:03:32,motorcycle
2024-10-01 15:03:32,car
2024-10-01 15:03:32,motorcycle
2024-10-01 15:03:32,car
2024-10-01 15:03:32,motorcycle
2024-10-01 15:03:32,motorcycle
2024-10-01 15:03:32,truck
2024-10-01 15:03:32,car
2024-10-01 15:03:32,motorcycle
2024-10-01 15:03:32,motorcycle
2024-10-01 15:03:32,truck
2024-10-01 15:03:32,motorcycle
2024-10-01 15:03:32,motorcycle
2024-10-01 15:03:33,car
2024-10-01 15:03:33,truck
2024-10-01 15:03:33,motorcycle
2024-10-01 15:03:33,motorcycle
2024-10-01 15:03:33,car
2024-10-01 15:03:33,car
2024-10-01 15:03:33,motorcycle
2024-10-01 15:03:33,truck
2024-10-01 15:03:33,motorcycle
2024-10-01 15:03:33,motorcycle
2024-10-01 15:03:33,car
2024-10-01 15:03:33,motorcycle
2024-10-01 15:03:33,motorcycle
2024-10-01 15:03:33,car
2024-10-01 15:03:33,motorcycle
2024-10-01 15:03:33,motorcycle
2024-10-01 15:03:33,truck
2024-10-01 15:03:33,car
2024-10-01 15:03:33,truck
2024-10-01 15:03:34,car
2024-10-01 15:03:34,motorcycle
2024-10-01 15:03:34,car
2024-10-01 15:03:34,truck
2024-10-01 15:03:34,truck
2024-10-01 15:03:35,truck
2024-10-01 15:03:35,motorcycle
2024-10-01 15:03:35,motorcycle
2024-10-01 15:03:35,motorcycle
2024-10-01 15:03:35,motorcycle
2024-10-01 15:03:35,motorcycle
2024-10-01 15:03:35,truck
2024-10-01 15:03:35,car
2024-10-01 15:03:35,motorcycle
2024-10-01 15:03:35,motorcycle
2024-10-01 15:03:35,motorcycle
2024-10-01 15:03:36,car
2024-10-01 15:03:36,motorcycle
2024-10-01 15:03:36,motorcycle
2024-10-01 15:03:36,motorcycle
2024-10-01 15:03:36,motorcycle
2024-10-01 15:03:36,motorcycle
2024-10-01 15:03:36,motorcycle
2024-10-01 15:03:36,car
2024-10-01 15:03:36,motorcycle
2024-10-01 15:03:36,motorcycle
2024-10-01 15:03:36,motorcycle
2024-10-01 15:03:40,car
2024-10-01 15:03:40,car
2024-10-01 15:03:40,car
2024-10-01 15:03:41,car
2024-10-01 15:03:41,car
2024-10-01 15:03:41,car
2024-10-01 15:03:41,car
2024-10-01 15:03:41,car
2024-10-01 15:03:41,car
2024-10-01 15:03:41,car
2024-10-01 15:03:42,car
2024-10-01 15:03:42,car
2024-10-01 15:03:42,car
2024-10-01 15:03:42,car
2024-10-01 15:03:42,car
2024-10-01 15:03:43,car
2024-10-01 15:03:43,car
2024-10-01 15:03:43,car
2024-10-01 15:03:43,car
2024-10-01 15:03:43,car
2024-10-01 15:03:43,truck
2024-10-01 15:03:43,car
2024-10-01 15:03:43,motorcycle
2024-10-01 15:03:44,truck
2024-10-01 15:03:44,truck
2024-10-01 15:03:44,motorcycle
2024-10-01 15:03:49,car
2024-10-01 15:03:49,car
2024-10-01 15:03:49,car
2024-10-01 15:03:49,car
2024-10-01 15:03:49,car
2024-10-01 15:03:49,car
2024-10-01 15:03:49,car
2024-10-01 15:03:49,car
2024-10-01 15:03:49,motorcycle
2024-10-01 15:03:50,car
2024-10-01 15:03:50,car
2024-10-01 15:03:50,car
2024-10-01 15:03:50,car
2024-10-01 15:03:50,car
2024-10-01 15:03:50,car
2024-10-01 15:03:50,motorcycle
2024-10-01 15:03:50,car
2024-10-01 15:03:50,car
2024-10-01 15:03:50,car
2024-10-01 15:03:50,motorcycle
2024-10-01 15:03:50,car
2024-10-01 15:03:50,car
2024-10-01 15:03:50,car
2024-10-01 15:03:50,car
2024-10-01 15:03:50,motorcycle
2024-10-01 15:03:50,car
2024-10-01 15:03:51,car
2024-10-01 15:03:51,car
2024-10-01 15:03:51,car
2024-10-01 15:03:51,car
2024-10-01 15:03:51,motorcycle
2024-10-01 15:03:51,car
2024-10-01 15:03:51,car
2024-10-01 15:03:51,car
2024-10-01 15:03:51,car
2024-10-01 15:03:51,motorcycle
2024-10-01 15:03:51,car
2024-10-01 15:03:51,car
2024-10-01 15:03:51,car
2024-10-01 15:03:51,car
2024-10-01 15:03:51,motorcycle
2024-10-01 15:03:51,car
2024-10-01 15:03:51,car
2024-10-01 15:03:51,car
2024-10-01 15:03:51,car
2024-10-01 15:03:51,car
2024-10-01 15:03:51,car
2024-10-01 15:03:51,car
2024-10-01 15:03:51,car
2024-10-01 15:03:51,motorcycle
2024-10-01 15:03:52,car
2024-10-01 15:03:52,car
2024-10-01 15:03:52,car
2024-10-01 15:03:52,car
2024-10-01 15:03:52,car
2024-10-01 15:03:52,car
2024-10-01 15:03:52,car
2024-10-01 15:03:52,car
2024-10-01 15:03:52,motorcycle
2024-10-01 15:03:52,car
2024-10-01 15:03:52,car
2024-10-01 15:03:52,car
2024-10-01 15:03:52,motorcycle
2024-10-01 15:03:52,car
2024-10-01 15:03:52,car
2024-10-01 15:03:52,car
2024-10-01 15:03:52,motorcycle
2024-10-01 15:04:54,car
2024-10-01 15:04:54,car
2024-10-01 15:04:54,car
2024-10-01 15:05:10,car
2024-10-01 15:05:10,car
2024-10-01 15:05:10,car
2024-10-01 15:05:10,car
2024-10-01 15:05:10,car
2024-10-01 15:05:10,truck
2024-10-01 15:05:10,truck
2024-10-01 15:05:10,car
2024-10-01 15:05:10,car
2024-10-01 15:05:10,car
2024-10-01 15:05:10,truck
2024-10-01 15:05:10,car
2024-10-01 15:05:10,car
2024-10-01 15:05:10,motorcycle
2024-10-01 15:05:10,truck
2024-10-01 15:05:11,car
2024-10-01 15:05:11,car
2024-10-01 15:05:11,car
2024-10-01 15:05:11,car
2024-10-01 15:05:11,car
2024-10-01 15:05:11,truck
2024-10-01 15:05:11,truck
2024-10-01 15:05:11,motorcycle
2024-10-01 15:05:11,car
2024-10-01 15:05:11,car
2024-10-01 15:05:11,car
2024-10-01 15:05:11,car
2024-10-01 15:05:11,car
2024-10-01 15:05:11,motorcycle
2024-10-01 15:05:11,truck
2024-10-01 15:05:11,motorcycle
2024-10-01 15:05:11,truck
2024-10-01 15:05:11,motorcycle
2024-10-01 15:05:11,car
2024-10-01 15:05:11,car
2024-10-01 15:05:11,car
2024-10-01 15:05:11,motorcycle
2024-10-01 15:05:11,car
2024-10-01 15:05:11,car
2024-10-01 15:05:11,truck
2024-10-01 15:05:11,truck
2024-10-01 15:05:11,car
2024-10-01 15:05:11,car
2024-10-01 15:05:11,car
2024-10-01 15:05:11,car
2024-10-01 15:05:11,truck
2024-10-01 15:05:11,car
2024-10-01 15:05:11,motorcycle
2024-10-01 15:05:11,truck
2024-10-01 15:05:11,motorcycle
2024-10-01 15:05:12,car
2024-10-01 15:05:12,car
2024-10-01 15:05:12,car
2024-10-01 15:05:12,car
2024-10-01 15:05:12,car
2024-10-01 15:05:12,car
2024-10-01 15:05:12,motorcycle
2024-10-01 15:05:12,truck
2024-10-01 15:05:12,motorcycle
2024-10-01 15:05:12,truck
2024-10-01 15:05:12,car
2024-10-01 15:05:12,car
2024-10-01 15:05:12,car
2024-10-01 15:05:12,car
2024-10-01 15:05:12,car
2024-10-01 15:05:12,motorcycle
2024-10-01 15:05:12,truck
2024-10-01 15:05:12,truck
2024-10-01 15:05:12,car
2024-10-01 15:05:12,car
2024-10-01 15:05:12,car
2024-10-01 15:05:12,car
2024-10-01 15:05:12,car
2024-10-01 15:05:12,truck
2024-10-01 15:05:12,truck
2024-10-01 15:05:12,motorcycle
2024-10-01 15:05:12,motorcycle
2024-10-01 15:05:12,car
2024-10-01 15:05:12,car
2024-10-01 15:05:12,car
2024-10-01 15:05:12,car
2024-10-01 15:05:12,truck
2024-10-01 15:05:12,car
2024-10-01 15:05:12,truck
2024-10-01 15:05:12,motorcycle
2024-10-01 15:05:12,car
2024-10-01 15:05:12,car
2024-10-01 15:05:12,car
2024-10-01 15:05:12,car
2024-10-01 15:05:12,truck
2024-10-01 15:05:12,car
2024-10-01 15:05:12,truck
2024-10-01 15:05:13,motorcycle
2024-10-01 15:05:13,car
2024-10-01 15:05:13,car
2024-10-01 15:05:13,car
2024-10-01 15:05:13,car
2024-10-01 15:05:13,car
2024-10-01 15:05:13,car
2024-10-01 15:05:13,truck
2024-10-01 15:05:13,truck
2024-10-01 15:05:13,motorcycle
2024-10-01 15:05:13,car
2024-10-01 15:05:13,car
2024-10-01 15:05:13,car
2024-10-01 15:05:13,car
2024-10-01 15:05:13,truck
2024-10-01 15:05:13,car
2024-10-01 15:05:13,truck
2024-10-01 15:05:13,car
2024-10-01 15:05:13,car
2024-10-01 15:05:13,car
2024-10-01 15:05:13,truck
2024-10-01 15:05:13,car
2024-10-01 15:05:13,car
2024-10-01 15:05:13,motorcycle
2024-10-01 15:05:13,truck
2024-10-01 15:05:13,motorcycle
2024-10-01 15:05:13,motorcycle
2024-10-01 15:05:13,car
2024-10-01 15:05:14,car
2024-10-01 15:05:14,car
2024-10-01 15:05:14,truck
2024-10-01 15:05:14,car
2024-10-01 15:05:14,car
2024-10-01 15:05:14,car
2024-10-01 15:05:14,motorcycle
2024-10-01 15:05:14,motorcycle
2024-10-01 15:05:14,motorcycle
2024-10-01 15:05:14,truck
2024-10-01 15:05:14,car
2024-10-01 15:05:14,car
2024-10-01 15:05:14,car
2024-10-01 15:05:14,car
2024-10-01 15:05:14,truck
2024-10-01 15:05:14,car
2024-10-01 15:05:14,motorcycle
2024-10-01 15:05:14,motorcycle
2024-10-01 15:05:14,car
2024-10-01 15:05:14,truck
2024-10-01 15:05:14,car
2024-10-01 15:05:14,car
2024-10-01 15:05:14,car
2024-10-01 15:05:14,car
2024-10-01 15:05:14,motorcycle
2024-10-01 15:05:14,car
2024-10-01 15:05:14,motorcycle
2024-10-01 15:05:14,truck
2024-10-01 15:05:14,motorcycle
2024-10-01 15:05:14,car
2024-10-01 15:05:14,car
2024-10-01 15:05:14,car
2024-10-01 15:05:14,car
2024-10-01 15:05:14,car
2024-10-01 15:05:14,car
2024-10-01 15:05:14,motorcycle
2024-10-01 15:05:14,truck
2024-10-01 15:05:15,car
2024-10-01 15:05:15,car
2024-10-01 15:05:15,car
2024-10-01 15:05:15,car
2024-10-01 15:05:15,car
2024-10-01 15:05:15,motorcycle
2024-10-01 15:05:15,motorcycle
2024-10-01 15:05:15,car
2024-10-01 15:05:15,car
2024-10-01 15:05:15,truck
2024-10-01 15:05:15,car
2024-10-01 15:05:15,car
2024-10-01 15:05:15,car
2024-10-01 15:05:15,motorcycle
2024-10-01 15:05:15,car
2024-10-01 15:05:15,motorcycle
2024-10-01 15:05:15,truck
2024-10-01 15:05:15,truck
2024-10-01 15:05:15,car
2024-10-01 15:05:15,car
2024-10-01 15:05:15,car
2024-10-01 15:05:15,car
2024-10-01 15:05:15,motorcycle
2024-10-01 15:05:15,truck
2024-10-01 15:05:15,truck
2024-10-01 15:05:15,car
2024-10-01 15:05:15,car
2024-10-01 15:05:15,motorcycle
2024-10-01 15:05:15,car
2024-10-01 15:05:15,car
2024-10-01 15:05:15,car
2024-10-01 15:05:15,car
2024-10-01 15:05:15,motorcycle
2024-10-01 15:05:15,car
2024-10-01 15:05:15,truck
2024-10-01 15:05:15,truck
2024-10-01 15:05:15,car
2024-10-01 15:05:16,car
2024-10-01 15:05:16,car
2024-10-01 15:05:16,car
2024-10-01 15:05:16,car
2024-10-01 15:05:16,car
2024-10-01 15:05:16,car
2024-10-01 15:05:16,motorcycle
2024-10-01 15:05:16,motorcycle
2024-10-01 15:05:16,truck
2024-10-01 15:05:16,truck
2024-10-01 15:05:16,car
2024-10-01 15:05:16,car
2024-10-01 15:05:16,car
2024-10-01 15:05:16,car
2024-10-01 15:05:16,car
2024-10-01 15:05:16,motorcycle
2024-10-01 15:05:16,truck
2024-10-01 15:05:16,car
2024-10-01 15:05:16,motorcycle
2024-10-01 15:05:16,motorcycle
2024-10-01 15:05:16,car
2024-10-01 15:05:16,car
2024-10-01 15:05:16,car
2024-10-01 15:05:16,car
2024-10-01 15:05:16,car
2024-10-01 15:05:16,car
2024-10-01 15:05:16,truck
2024-10-01 15:05:16,motorcycle
2024-10-01 15:05:16,motorcycle
2024-10-01 15:05:16,motorcycle
2024-10-01 15:05:16,car
2024-10-01 15:05:16,car
2024-10-01 15:05:16,car
2024-10-01 15:05:16,car
2024-10-01 15:05:16,truck
2024-10-01 15:05:16,car
2024-10-01 15:05:16,motorcycle
2024-10-01 15:05:16,car
2024-10-01 15:05:16,motorcycle
2024-10-01 15:05:16,car
2024-10-01 15:05:16,motorcycle
2024-10-01 15:05:16,motorcycle
2024-10-01 15:05:17,car
2024-10-01 15:05:17,car
2024-10-01 15:05:17,car
2024-10-01 15:05:17,car
2024-10-01 15:05:17,motorcycle
2024-10-01 15:05:17,truck
2024-10-01 15:05:17,car
2024-10-01 15:05:17,motorcycle
2024-10-01 15:05:17,car
2024-10-01 15:05:17,motorcycle
2024-10-01 15:05:17,motorcycle
2024-10-01 15:05:17,car
2024-10-01 15:05:17,car
2024-10-01 15:05:17,car
2024-10-01 15:05:17,car
2024-10-01 15:05:17,car
2024-10-01 15:05:17,truck
2024-10-01 15:05:17,car
2024-10-01 15:05:17,motorcycle
2024-10-01 15:05:17,motorcycle
2024-10-01 15:05:17,motorcycle
2024-10-01 15:05:17,motorcycle
2024-10-01 15:05:17,car
2024-10-01 15:05:17,car
2024-10-01 15:05:17,car
2024-10-01 15:05:17,car
2024-10-01 15:05:17,truck
2024-10-01 15:05:17,motorcycle
2024-10-01 15:05:17,car
2024-10-01 15:05:17,car
2024-10-01 15:05:17,motorcycle
2024-10-01 15:05:17,truck
2024-10-01 15:05:17,motorcycle
2024-10-01 15:05:17,car
2024-10-01 15:05:17,car
2024-10-01 15:05:17,car
2024-10-01 15:05:17,car
2024-10-01 15:05:17,truck
2024-10-01 15:05:17,car
2024-10-01 15:05:17,car
2024-10-01 15:05:17,motorcycle
2024-10-01 15:05:17,motorcycle
2024-10-01 15:05:17,motorcycle
2024-10-01 15:05:17,motorcycle
2024-10-01 15:05:18,car
2024-10-01 15:05:18,car
2024-10-01 15:05:18,car
2024-10-01 15:05:18,car
2024-10-01 15:05:18,truck
2024-10-01 15:05:18,car
2024-10-01 15:05:18,motorcycle
2024-10-01 15:05:18,motorcycle
2024-10-01 15:05:18,car
2024-10-01 15:05:18,motorcycle
2024-10-01 15:05:18,motorcycle
2024-10-01 15:05:18,car
2024-10-01 15:05:18,motorcycle
2024-10-01 15:05:18,car
2024-10-01 15:05:18,car
2024-10-01 15:05:18,car
2024-10-01 15:05:18,car
2024-10-01 15:05:18,motorcycle
2024-10-01 15:05:18,truck
2024-10-01 15:05:18,car
2024-10-01 15:05:18,truck
2024-10-01 15:05:18,motorcycle
2024-10-01 15:05:18,motorcycle
2024-10-01 15:05:18,car
2024-10-01 15:05:18,motorcycle
2024-10-01 15:05:18,car
2024-10-01 15:05:18,car
2024-10-01 15:05:18,car
2024-10-01 15:05:18,car
2024-10-01 15:05:18,truck
2024-10-01 15:05:18,car
2024-10-01 15:05:18,truck
2024-10-01 15:05:18,motorcycle
2024-10-01 15:05:18,car
2024-10-01 15:05:18,motorcycle
2024-10-01 15:05:18,motorcycle
2024-10-01 15:05:18,motorcycle
2024-10-01 15:05:19,car
2024-10-01 15:05:19,car
2024-10-01 15:05:19,car
2024-10-01 15:05:19,truck
2024-10-01 15:05:19,car
2024-10-01 15:05:19,car
2024-10-01 15:05:19,motorcycle
2024-10-01 15:05:19,car
2024-10-01 15:05:19,truck
2024-10-01 15:05:19,motorcycle
2024-10-01 15:05:19,motorcycle
2024-10-01 15:05:19,motorcycle
2024-10-01 15:05:19,motorcycle
2024-10-01 15:05:19,car
2024-10-01 15:05:19,car
2024-10-01 15:05:19,car
2024-10-01 15:05:19,car
2024-10-01 15:05:19,car
2024-10-01 15:05:19,truck
2024-10-01 15:05:19,motorcycle
2024-10-01 15:05:19,motorcycle
2024-10-01 15:05:19,motorcycle
2024-10-01 15:05:19,motorcycle
2024-10-01 15:05:19,car
2024-10-01 15:05:19,car
2024-10-01 15:05:19,car
2024-10-01 15:05:19,car
2024-10-01 15:05:19,car
2024-10-01 15:05:19,car
2024-10-01 15:05:19,car
2024-10-01 15:05:19,car
2024-10-01 15:05:19,truck
2024-10-01 15:05:19,motorcycle
2024-10-01 15:05:19,car
2024-10-01 15:05:19,motorcycle
2024-10-01 15:05:19,motorcycle
2024-10-01 15:05:19,motorcycle
2024-10-01 15:05:19,car
2024-10-01 15:05:19,car
2024-10-01 15:05:19,car
2024-10-01 15:05:19,car
2024-10-01 15:05:19,car
2024-10-01 15:05:19,truck
2024-10-01 15:05:19,car
2024-10-01 15:05:19,motorcycle
2024-10-01 15:05:19,car
2024-10-01 15:05:19,motorcycle
2024-10-01 15:05:19,motorcycle
2024-10-01 15:05:20,car
2024-10-01 15:05:20,car
2024-10-01 15:05:20,car
2024-10-01 15:05:20,car
2024-10-01 15:05:20,car
2024-10-01 15:05:20,truck
2024-10-01 15:05:20,car
2024-10-01 15:05:20,motorcycle
2024-10-01 15:05:20,motorcycle
2024-10-01 15:05:20,car
2024-10-01 15:05:20,car
2024-10-01 15:05:20,car
2024-10-01 15:05:20,truck
2024-10-01 15:05:20,car
2024-10-01 15:05:20,motorcycle
2024-10-01 15:05:20,car
2024-10-01 15:05:20,car
2024-10-01 15:05:20,motorcycle
2024-10-01 15:05:20,car
2024-10-01 15:05:20,motorcycle
2024-10-01 15:05:20,car
2024-10-01 15:05:20,car
2024-10-01 15:05:20,car
2024-10-01 15:05:20,car
2024-10-01 15:05:20,car
2024-10-01 15:05:20,truck
2024-10-01 15:05:20,motorcycle
2024-10-01 15:05:20,car
2024-10-01 15:05:20,car
2024-10-01 15:05:20,motorcycle
2024-10-01 15:05:20,motorcycle
2024-10-01 15:05:20,car
2024-10-01 15:05:20,car
2024-10-01 15:05:20,car
2024-10-01 15:05:20,car
2024-10-01 15:05:20,car
2024-10-01 15:05:20,truck
2024-10-01 15:05:20,motorcycle
2024-10-01 15:05:20,truck
2024-10-01 15:05:20,car
2024-10-01 15:05:20,motorcycle
2024-10-01 15:05:20,motorcycle
2024-10-01 15:05:21,car
2024-10-01 15:05:21,car
2024-10-01 15:05:21,car
2024-10-01 15:05:21,car
2024-10-01 15:05:21,car
2024-10-01 15:05:21,car
2024-10-01 15:05:21,truck
2024-10-01 15:05:21,motorcycle
2024-10-01 15:05:21,motorcycle
2024-10-01 15:05:21,car
2024-10-01 15:05:21,car
2024-10-01 15:05:21,car
2024-10-01 15:05:21,car
2024-10-01 15:05:21,car
2024-10-01 15:05:21,truck
2024-10-01 15:05:21,motorcycle
2024-10-01 15:05:21,motorcycle
2024-10-01 15:05:21,car
2024-10-01 15:05:21,motorcycle
2024-10-01 15:05:21,car
2024-10-01 15:05:21,car
2024-10-01 15:05:21,car
2024-10-01 15:05:21,car
2024-10-01 15:05:21,car
2024-10-01 15:05:21,truck
2024-10-01 15:05:21,motorcycle
2024-10-01 15:05:21,car
2024-10-01 15:05:21,motorcycle
2024-10-01 15:05:22,car
2024-10-01 15:05:22,car
2024-10-01 15:05:22,car
2024-10-01 15:05:22,car
2024-10-01 15:05:22,car
2024-10-01 15:05:22,car
2024-10-01 15:05:22,car
2024-10-01 15:05:22,truck
2024-10-01 15:05:22,car
2024-10-01 15:05:22,motorcycle
2024-10-01 15:05:22,car
2024-10-01 15:05:22,car
2024-10-01 15:05:22,car
2024-10-01 15:05:22,car
2024-10-01 15:05:22,car
2024-10-01 15:05:22,car
2024-10-01 15:05:22,truck
2024-10-01 15:05:22,car
2024-10-01 15:05:22,motorcycle
2024-10-01 15:05:22,motorcycle
2024-10-01 15:05:22,car
2024-10-01 15:05:22,car
2024-10-01 15:05:22,car
2024-10-01 15:05:22,car
2024-10-01 15:05:22,car
2024-10-01 15:05:22,car
2024-10-01 15:05:22,car
2024-10-01 15:05:22,truck
2024-10-01 15:05:22,motorcycle
2024-10-01 15:05:22,motorcycle
2024-10-01 15:05:22,motorcycle
2024-10-01 15:05:22,car
2024-10-01 15:05:22,car
2024-10-01 15:05:22,car
2024-10-01 15:05:22,car
2024-10-01 15:05:22,car
2024-10-01 15:05:22,car
2024-10-01 15:05:22,car
2024-10-01 15:05:22,truck
2024-10-01 15:05:22,motorcycle
2024-10-01 15:05:23,car
2024-10-01 15:05:23,car
2024-10-01 15:05:23,car
2024-10-01 15:05:23,car
2024-10-01 15:05:23,car
2024-10-01 15:05:23,car
2024-10-01 15:05:23,car
2024-10-01 15:05:23,truck
2024-10-01 15:05:23,motorcycle
2024-10-01 15:05:23,car
2024-10-01 15:05:23,car
2024-10-01 15:05:23,car
2024-10-01 15:05:23,car
2024-10-01 15:05:23,car
2024-10-01 15:05:23,car
2024-10-01 15:05:23,car
2024-10-01 15:05:23,motorcycle
2024-10-01 15:05:23,motorcycle
2024-10-01 15:05:23,truck
2024-10-01 15:05:23,motorcycle
2024-10-01 15:05:23,car
2024-10-01 15:05:23,car
2024-10-01 15:05:23,car
2024-10-01 15:05:23,car
2024-10-01 15:05:23,car
2024-10-01 15:05:23,car
2024-10-01 15:05:23,car
2024-10-01 15:05:23,car
2024-10-01 15:05:23,car
2024-10-01 15:05:23,car
2024-10-01 15:05:23,car
2024-10-01 15:05:23,car
2024-10-01 15:05:23,car
2024-10-01 15:05:23,car
2024-10-01 15:05:24,car
2024-10-01 15:05:24,car
2024-10-01 15:05:24,car
2024-10-01 15:05:24,car
2024-10-01 15:05:24,car
2024-10-01 15:05:24,car
2024-10-01 15:05:24,car
2024-10-01 15:05:24,car
2024-10-01 15:05:24,car
2024-10-01 15:05:24,car
2024-10-01 15:05:24,car
2024-10-01 15:05:24,car
2024-10-01 15:05:24,car
2024-10-01 15:05:24,motorcycle
2024-10-01 15:05:24,car
2024-10-01 15:05:24,motorcycle
2024-10-01 15:05:24,car
2024-10-01 15:05:24,car
2024-10-01 15:05:24,car
2024-10-01 15:05:24,car
2024-10-01 15:05:24,car
2024-10-01 15:05:24,car
2024-10-01 15:05:24,motorcycle
2024-10-01 15:05:24,car
2024-10-01 15:05:24,motorcycle
2024-10-01 15:05:24,truck
2024-10-01 15:05:24,car
2024-10-01 15:05:24,car
2024-10-01 15:05:24,car
2024-10-01 15:05:24,car
2024-10-01 15:05:24,car
2024-10-01 15:05:24,motorcycle
2024-10-01 15:05:24,car
2024-10-01 15:05:24,car
2024-10-01 15:05:24,motorcycle
2024-10-01 15:05:25,car
2024-10-01 15:05:25,car
2024-10-01 15:05:25,car
2024-10-01 15:05:25,car
2024-10-01 15:05:25,car
2024-10-01 15:05:25,motorcycle
2024-10-01 15:05:25,car
2024-10-01 15:05:25,car
2024-10-01 15:05:25,car
2024-10-01 15:05:25,car
2024-10-01 15:05:25,car
2024-10-01 15:05:25,car
2024-10-01 15:05:25,car
2024-10-01 15:05:25,car
2024-10-01 15:05:25,motorcycle
2024-10-01 15:05:25,car
2024-10-01 15:05:25,motorcycle
2024-10-01 15:05:25,car
2024-10-01 15:05:25,car
2024-10-01 15:05:25,car
2024-10-01 15:05:25,car
2024-10-01 15:05:25,car
2024-10-01 15:05:25,motorcycle
2024-10-01 15:05:25,truck
2024-10-01 15:05:25,car
2024-10-01 15:05:25,truck
2024-10-01 15:05:25,car
2024-10-01 15:05:25,motorcycle
2024-10-01 15:05:26,car
2024-10-01 15:05:26,car
2024-10-01 15:05:26,car
2024-10-01 15:05:26,car
2024-10-01 15:05:26,car
2024-10-01 15:05:26,car
2024-10-01 15:05:26,motorcycle
2024-10-01 15:05:26,motorcycle
2024-10-01 15:05:26,car
2024-10-01 15:05:26,car
2024-10-01 15:05:26,car
2024-10-01 15:05:26,car
2024-10-01 15:05:26,car
2024-10-01 15:05:26,car
2024-10-01 15:05:26,motorcycle
2024-10-01 15:05:26,motorcycle
2024-10-01 15:05:26,car
2024-10-01 15:05:26,car
2024-10-01 15:05:26,car
2024-10-01 15:05:26,motorcycle
2024-10-01 15:05:26,car
2024-10-01 15:05:26,car
2024-10-01 15:05:26,car
2024-10-01 15:05:26,car
2024-10-01 15:05:26,car
2024-10-01 15:05:26,car
2024-10-01 15:05:26,car
2024-10-01 15:05:26,motorcycle
2024-10-01 15:05:26,motorcycle
2024-10-01 15:05:26,car
2024-10-01 15:05:26,motorcycle
2024-10-01 15:05:27,car
2024-10-01 15:05:27,car
2024-10-01 15:05:27,car
2024-10-01 15:05:27,car
2024-10-01 15:05:27,car
2024-10-01 15:05:27,motorcycle
2024-10-01 15:05:27,motorcycle
2024-10-01 15:05:27,car
2024-10-01 15:05:27,car
2024-10-01 15:05:27,truck
2024-10-01 15:05:27,motorcycle
2024-10-01 15:05:27,car
2024-10-01 15:05:27,car
2024-10-01 15:05:27,car
2024-10-01 15:05:27,motorcycle
2024-10-01 15:05:27,car
2024-10-01 15:05:27,car
2024-10-01 15:05:27,car
2024-10-01 15:05:27,truck
2024-10-01 15:05:27,car
2024-10-01 15:05:27,car
2024-10-01 15:05:27,car
2024-10-01 15:05:27,car
2024-10-01 15:05:27,car
2024-10-01 15:05:27,motorcycle
2024-10-01 15:05:27,car
2024-10-01 15:05:27,motorcycle
2024-10-01 15:05:27,car
2024-10-01 15:05:27,car
2024-10-01 15:05:27,car
2024-10-01 15:05:27,car
2024-10-01 15:05:27,car
2024-10-01 15:05:27,motorcycle
2024-10-01 15:05:27,car
2024-10-01 15:05:27,motorcycle
2024-10-01 15:05:27,car
2024-10-01 15:05:28,car
2024-10-01 15:05:28,car
2024-10-01 15:05:28,car
2024-10-01 15:05:28,car
2024-10-01 15:05:28,car
2024-10-01 15:05:28,car
2024-10-01 15:05:28,motorcycle
2024-10-01 15:05:28,motorcycle
2024-10-01 15:05:28,motorcycle
2024-10-01 15:05:28,truck
2024-10-01 15:05:28,car
2024-10-01 15:05:28,car
2024-10-01 15:05:28,car
2024-10-01 15:05:28,car
2024-10-01 15:05:28,car
2024-10-01 15:05:28,car
2024-10-01 15:05:28,motorcycle
2024-10-01 15:05:28,truck
2024-10-01 15:05:28,car
2024-10-01 15:05:28,car
2024-10-01 15:05:28,car
2024-10-01 15:05:28,car
2024-10-01 15:05:28,car
2024-10-01 15:05:28,car
2024-10-01 15:05:28,motorcycle
2024-10-01 15:05:28,motorcycle
2024-10-01 15:05:28,motorcycle
2024-10-01 15:05:29,car
2024-10-01 15:05:29,car
2024-10-01 15:05:29,car
2024-10-01 15:05:29,car
2024-10-01 15:05:29,car
2024-10-01 15:05:29,motorcycle
2024-10-01 15:05:29,car
2024-10-01 15:05:29,truck
2024-10-01 15:05:29,truck
2024-10-01 15:05:29,motorcycle
2024-10-01 15:05:29,motorcycle
2024-10-01 15:05:29,car
2024-10-01 15:05:29,car
2024-10-01 15:05:29,car
2024-10-01 15:05:29,car
2024-10-01 15:05:29,car
2024-10-01 15:05:29,car
2024-10-01 15:05:29,motorcycle
2024-10-01 15:05:29,motorcycle
2024-10-01 15:05:29,car
2024-10-01 15:05:29,car
2024-10-01 15:05:29,car
2024-10-01 15:05:29,car
2024-10-01 15:05:29,car
2024-10-01 15:05:29,car
2024-10-01 15:05:29,motorcycle
2024-10-01 15:05:29,motorcycle
2024-10-01 15:05:29,car
2024-10-01 15:05:29,car
2024-10-01 15:05:29,car
2024-10-01 15:05:29,car
2024-10-01 15:05:29,car
2024-10-01 15:05:29,car
2024-10-01 15:05:29,truck
2024-10-01 15:05:29,motorcycle
2024-10-01 15:05:29,motorcycle
2024-10-01 15:05:29,motorcycle
2024-10-01 15:05:29,truck
2024-10-01 15:05:30,car
2024-10-01 15:05:30,car
2024-10-01 15:05:30,car
2024-10-01 15:05:30,car
2024-10-01 15:05:30,car
2024-10-01 15:05:30,car
2024-10-01 15:05:30,truck
2024-10-01 15:05:30,motorcycle
2024-10-01 15:05:30,motorcycle
2024-10-01 15:05:30,car
2024-10-01 15:05:30,car
2024-10-01 15:05:30,car
2024-10-01 15:05:30,car
2024-10-01 15:05:30,car
2024-10-01 15:05:30,car
2024-10-01 15:05:30,car
2024-10-01 15:05:30,motorcycle
2024-10-01 15:05:30,truck
2024-10-01 15:05:30,truck
2024-10-01 15:05:30,motorcycle
2024-10-01 15:05:30,car
2024-10-01 15:05:30,car
2024-10-01 15:05:30,car
2024-10-01 15:05:30,car
2024-10-01 15:05:30,car
2024-10-01 15:05:30,car
2024-10-01 15:05:30,motorcycle
2024-10-01 15:05:30,truck
2024-10-01 15:05:30,motorcycle
2024-10-01 15:05:30,motorcycle
2024-10-01 15:05:30,truck
2024-10-01 15:05:31,car
2024-10-01 15:05:31,car
2024-10-01 15:05:31,car
2024-10-01 15:05:31,car
2024-10-01 15:05:31,car
2024-10-01 15:05:31,car
2024-10-01 15:05:31,motorcycle
2024-10-01 15:05:31,motorcycle
2024-10-01 15:05:31,truck
2024-10-01 15:05:31,motorcycle
2024-10-01 15:05:31,car
2024-10-01 15:05:31,car
2024-10-01 15:05:31,car
2024-10-01 15:05:31,car
2024-10-01 15:05:31,car
2024-10-01 15:05:31,car
2024-10-01 15:05:31,truck
2024-10-01 15:05:31,motorcycle
2024-10-01 15:05:31,motorcycle
2024-10-01 15:05:31,motorcycle
2024-10-01 15:05:31,car
2024-10-01 15:05:31,car
2024-10-01 15:05:31,car
2024-10-01 15:05:31,car
2024-10-01 15:05:31,car
2024-10-01 15:05:31,motorcycle
2024-10-01 15:05:31,truck
2024-10-01 15:05:31,motorcycle
2024-10-01 15:05:31,car
2024-10-01 15:05:31,motorcycle
2024-10-01 15:05:31,car
2024-10-01 15:05:31,car
2024-10-01 15:05:31,car
2024-10-01 15:05:31,car
2024-10-01 15:05:31,truck
2024-10-01 15:05:31,motorcycle
2024-10-01 15:05:31,car
2024-10-01 15:05:31,car
2024-10-01 15:05:31,motorcycle
2024-10-01 15:05:31,motorcycle
2024-10-01 15:05:32,car
2024-10-01 15:05:32,car
2024-10-01 15:05:32,car
2024-10-01 15:05:32,car
2024-10-01 15:05:32,car
2024-10-01 15:05:32,truck
2024-10-01 15:05:32,car
2024-10-01 15:05:32,motorcycle
2024-10-01 15:05:32,car
2024-10-01 15:05:32,motorcycle
2024-10-01 15:05:32,motorcycle
2024-10-01 15:05:32,car
2024-10-01 15:05:32,car
2024-10-01 15:05:32,car
2024-10-01 15:05:32,car
2024-10-01 15:05:32,car
2024-10-01 15:05:32,truck
2024-10-01 15:05:32,motorcycle
2024-10-01 15:05:32,motorcycle
2024-10-01 15:05:32,truck
2024-10-01 15:05:32,motorcycle
2024-10-01 15:05:32,car
2024-10-01 15:05:32,car
2024-10-01 15:05:32,car
2024-10-01 15:05:32,car
2024-10-01 15:05:32,car
2024-10-01 15:05:32,truck
2024-10-01 15:05:32,motorcycle
2024-10-01 15:05:32,car
2024-10-01 15:05:32,motorcycle
2024-10-01 15:05:32,motorcycle
2024-10-01 15:05:32,car
2024-10-01 15:05:33,car
2024-10-01 15:05:33,car
2024-10-01 15:05:33,car
2024-10-01 15:05:33,car
2024-10-01 15:05:33,car
2024-10-01 15:05:33,motorcycle
2024-10-01 15:05:33,truck
2024-10-01 15:05:33,motorcycle
2024-10-01 15:05:33,motorcycle
2024-10-01 15:05:33,truck
2024-10-01 15:05:33,truck
2024-10-01 15:05:33,car
2024-10-01 15:05:33,car
2024-10-01 15:05:33,car
2024-10-01 15:05:33,car
2024-10-01 15:05:33,car
2024-10-01 15:05:33,motorcycle
2024-10-01 15:05:33,truck
2024-10-01 15:05:33,motorcycle
2024-10-01 15:05:33,truck
2024-10-01 15:05:33,truck
2024-10-01 15:05:33,truck
2024-10-01 15:05:33,motorcycle
2024-10-01 15:05:33,motorcycle
2024-10-01 15:05:33,car
2024-10-01 15:05:33,car
2024-10-01 15:05:33,car
2024-10-01 15:05:33,car
2024-10-01 15:05:33,car
2024-10-01 15:05:33,truck
2024-10-01 15:05:33,motorcycle
2024-10-01 15:05:33,truck
2024-10-01 15:05:33,motorcycle
2024-10-01 15:05:33,car
2024-10-01 15:05:33,motorcycle
2024-10-01 15:05:33,car
2024-10-01 15:05:33,car
2024-10-01 15:05:34,car
2024-10-01 15:05:34,car
2024-10-01 15:05:34,car
2024-10-01 15:05:34,car
2024-10-01 15:05:34,car
2024-10-01 15:05:34,motorcycle
2024-10-01 15:05:34,motorcycle
2024-10-01 15:05:34,car
2024-10-01 15:05:34,truck
2024-10-01 15:05:34,truck
2024-10-01 15:05:40,car
2024-10-01 15:05:40,car
2024-10-01 15:05:40,car
2024-10-01 15:05:40,motorcycle
2024-10-01 15:05:40,car
2024-10-01 15:05:40,car
2024-10-01 15:05:40,car
2024-10-01 15:05:40,car
2024-10-01 15:05:40,car
2024-10-01 15:05:41,car
2024-10-01 15:05:41,car
2024-10-01 15:05:41,car
2024-10-01 15:05:41,car
2024-10-01 15:05:41,car
2024-10-01 15:05:41,car
2024-10-01 15:05:41,car
2024-10-01 15:05:41,car
2024-10-01 15:05:41,car
2024-10-01 15:05:41,car
2024-10-01 15:05:41,car
2024-10-01 15:05:41,car
2024-10-01 15:05:41,car
2024-10-01 15:05:42,car
2024-10-01 15:05:42,car
2024-10-01 15:05:42,car
2024-10-01 15:05:42,car
2024-10-01 15:05:42,car
2024-10-01 15:05:42,motorcycle
2024-10-01 15:05:42,motorcycle
2024-10-01 15:05:42,car
2024-10-01 15:05:42,car
2024-10-01 15:05:42,car
2024-10-01 15:05:42,car
2024-10-01 15:05:42,car
2024-10-01 15:05:42,car
2024-10-01 15:05:42,motorcycle
2024-10-01 15:05:42,motorcycle
2024-10-01 15:05:43,car
2024-10-01 15:05:43,car
2024-10-01 15:05:43,car
2024-10-01 15:05:43,motorcycle
2024-10-01 15:05:43,car
2024-10-01 15:05:43,car
2024-10-01 15:05:43,car
2024-10-01 15:05:43,motorcycle
2024-10-01 15:05:43,car
2024-10-01 15:05:43,car
2024-10-01 15:05:43,car
2024-10-01 15:05:43,motorcycle
2024-10-01 15:05:43,car
2024-10-01 15:05:43,car
2024-10-01 15:05:43,car
2024-10-01 15:05:43,car
2024-10-01 15:05:43,car
2024-10-01 15:05:43,car
2024-10-01 15:05:43,motorcycle
2024-10-01 15:05:43,motorcycle
2024-10-01 15:05:44,car
2024-10-01 15:05:44,car
2024-10-01 15:05:44,motorcycle
2024-10-01 15:05:44,car
2024-10-01 15:05:44,car
2024-10-01 15:05:44,car
2024-10-01 15:05:44,car
2024-10-01 15:05:44,motorcycle
2024-10-01 15:05:44,motorcycle
2024-10-01 15:05:44,car
2024-10-01 15:05:44,motorcycle
2024-10-01 15:05:44,car
2024-10-01 15:05:44,car
2024-10-01 15:05:44,motorcycle
2024-10-01 15:05:44,car
2024-10-01 15:05:44,car
2024-10-01 15:05:44,motorcycle
2024-10-01 15:05:45,car
2024-10-01 15:05:45,motorcycle
2024-10-01 15:05:45,car
2024-10-01 15:05:45,car
2024-10-01 15:05:45,motorcycle
2024-10-01 15:05:45,car
2024-10-01 15:05:45,car
2024-10-01 15:05:45,motorcycle
2024-10-01 15:05:45,motorcycle
2024-10-01 15:05:45,car
2024-10-01 15:05:45,car
2024-10-01 15:05:45,car
2024-10-01 15:05:45,motorcycle
2024-10-01 15:05:46,car
2024-10-01 15:05:46,motorcycle
2024-10-01 15:05:46,car
2024-10-01 15:05:46,car
2024-10-01 15:05:46,motorcycle
2024-10-01 15:05:46,car
2024-10-01 15:05:46,car
2024-10-01 15:05:46,motorcycle
2024-10-01 15:05:46,car
2024-10-01 15:05:46,car
2024-10-01 15:05:46,car
2024-10-01 15:05:46,motorcycle
2024-10-01 15:05:46,motorcycle
2024-10-01 15:05:47,car
2024-10-01 15:05:47,car
2024-10-01 15:05:47,motorcycle
2024-10-01 15:05:47,car
2024-10-01 15:05:47,car
2024-10-01 15:05:47,motorcycle
2024-10-01 15:05:47,car
2024-10-01 15:05:47,car
2024-10-01 15:05:47,motorcycle
2024-10-01 15:05:47,motorcycle
2024-10-01 15:05:47,car
2024-10-01 15:05:47,car
2024-10-01 15:05:47,motorcycle
2024-10-01 15:05:47,motorcycle
2024-10-01 15:05:48,car
2024-10-01 15:05:48,car
2024-10-01 15:05:48,car
2024-10-01 15:05:48,car
2024-10-01 15:05:48,car
2024-10-01 15:05:48,car
2024-10-01 15:05:48,car
2024-10-01 15:05:48,car
2024-10-01 15:05:48,car
2024-10-01 15:05:48,car
2024-10-01 15:05:48,car
2024-10-01 15:05:49,car
2024-10-01 15:05:49,car
2024-10-01 15:05:49,car
2024-10-01 15:05:49,car
2024-10-01 15:05:49,car
2024-10-01 15:05:49,motorcycle
2024-10-01 15:05:49,car
2024-10-01 15:05:49,car
2024-10-01 15:05:49,car
2024-10-01 15:05:49,motorcycle
2024-10-01 15:05:49,car
2024-10-01 15:05:49,car
2024-10-01 15:05:49,car
